process (NevadosDeChillan)	completed	success	2026-09-14T03:57:53Z	2026-09-14T04:25:16Z
process (Isluga)	completed	success	2026-09-14T03:31:12Z	2026-09-14T04:01:09Z
process (Chaiten)	completed	success	2026-09-14T03:31:12Z	2026-09-14T04:13:02Z
process (Villarrica)	completed	success	2026-09-14T03:31:12Z	2026-09-14T04:07:31Z
process (PlanchonPeteroa)	completed	success	2026-09-14T03:31:12Z	2026-09-14T04:08:05Z
process (PuyehueCordonCaulle)	completed	success	2026-09-14T03:31:12Z	2026-09-14T04:16:00Z
process (Tupungatito)	completed	success	2026-09-14T03:31:12Z	2026-09-14T04:14:52Z
process (Lastarria)	completed	success	2026-09-14T03:31:12Z	2026-09-14T04:06:51Z
process (Lascar)	completed	success	2026-09-14T03:31:12Z	2026-09-14T03:57:50Z
process (Llaima)	completed	success	2026-09-14T04:01:11Z	2026-09-14T04:41:40Z
process (Copahue)	completed	success	2026-09-14T04:06:53Z	2026-09-14T04:48:04Z
--- 34802878455
process (Lastarria)	completed	success	2026-09-13T22:07:29Z	2026-09-13T22:46:18Z
process (Tupungatito)	completed	success	2026-09-13T22:07:29Z	2026-09-13T22:56:04Z
process (Isluga)	completed	success	2026-09-13T22:07:28Z	2026-09-13T22:40:33Z
process (Chaiten)	completed	success	2026-09-13T22:07:29Z	2026-09-13T22:56:07Z
process (PuyehueCordonCaulle)	completed	success	2026-09-13T22:07:28Z	2026-09-13T22:56:21Z
process (Copahue)	completed	success	2026-09-13T22:46:20Z	2026-09-13T23:28:14Z
process (PlanchonPeteroa)	completed	success	2026-09-13T22:07:28Z	2026-09-13T22:47:20Z
process (Villarrica)	completed	success	2026-09-13T22:07:28Z	2026-09-13T22:53:09Z
process (Llaima)	completed	success	2026-09-13T22:44:50Z	2026-09-13T23:23:31Z
process (Lascar)	completed	success	2026-09-13T22:07:28Z	2026-09-13T22:44:48Z
process (NevadosDeChillan)	completed	success	2026-09-13T22:40:34Z	2026-09-13T23:17:18Z
--- 34785837550
process (PlanchonPeteroa)	completed	success	2026-09-13T14:03:52Z	2026-09-13T14:35:53Z
process (Lascar)	completed	success	2026-09-13T14:03:52Z	2026-09-13T14:39:17Z
process (Villarrica)	completed	success	2026-09-13T14:03:52Z	2026-09-13T14:45:18Z
process (Isluga)	completed	success	2026-09-13T14:03:53Z	2026-09-13T14:38:13Z
process (Copahue)	completed	success	2026-09-13T14:38:15Z	2026-09-13T15:24:48Z
process (Llaima)	completed	success	2026-09-13T14:35:55Z	2026-09-13T15:16:52Z
process (NevadosDeChillan)	completed	success	2026-09-13T14:34:17Z	2026-09-13T15:22:09Z
process (Chaiten)	completed	success	2026-09-13T14:03:52Z	2026-09-13T14:48:19Z
process (Tupungatito)	completed	success	2026-09-13T14:03:52Z	2026-09-13T14:34:15Z
process (PuyehueCordonCaulle)	completed	success	2026-09-13T14:03:52Z	2026-09-13T14:50:38Z
process (Lastarria)	completed	success	2026-09-13T14:03:53Z	2026-09-13T14:46:12Z
--- 34761574902
