2026-09-14T10:54:56Z	Deploy GitHub Pages	workflow_run
2026-09-14T09:34:54Z	NRT VRP Pipeline (both profiles)	schedule
2026-09-14T06:38:39Z	NRT Retry (NASA recovery)	schedule
2026-09-14T06:20:28Z	Reproc watchdog — avisa si un reproceso muere o se cuelga	schedule
2026-09-14T06:15:24Z	.github/workflows/sync-mirova-csv.yml	schedule
2026-09-14T05:29:54Z	Deploy GitHub Pages	schedule
2026-09-14T05:19:00Z	NRT Monitor — alerta si fallan 3+ corridas	schedule
2026-09-14T04:48:07Z	Deploy GitHub Pages	workflow_run
2026-09-14T03:31:09Z	NRT VRP Pipeline (both profiles)	schedule
2026-09-14T01:19:07Z	NRT Retry (NASA recovery)	schedule
2026-09-14T01:08:18Z	Reproc watchdog — avisa si un reproceso muere o se cuelga	schedule
2026-09-14T01:02:21Z	.github/workflows/sync-mirova-csv.yml	schedule
2026-09-14T00:29:13Z	Deploy GitHub Pages	schedule
2026-09-13T23:39:39Z	Tests	pull_request
2026-09-13T23:28:17Z	Deploy GitHub Pages	workflow_run
2026-09-13T23:16:41Z	NRT Retry (NASA recovery)	schedule
2026-09-13T23:11:31Z	Reproc watchdog — avisa si un reproceso muere o se cuelga	schedule
2026-09-13T22:40:43Z	Deploy GitHub Pages	schedule
2026-09-13T22:23:28Z	.github/workflows/sync-mirova-csv.yml	schedule
2026-09-13T22:07:26Z	NRT VRP Pipeline (both profiles)	schedule
2026-09-13T21:02:40Z	NRT Monitor — alerta si fallan 3+ corridas	schedule
2026-09-13T20:52:44Z	Reproc watchdog — avisa si un reproceso muere o se cuelga	schedule
2026-09-13T19:49:11Z	Deploy GitHub Pages	workflow_run
2026-09-13T19:36:11Z	NRT Retry (NASA recovery)	schedule
2026-09-13T19:26:39Z	.github/workflows/sync-mirova-csv.yml	schedule
2026-09-13T18:59:49Z	Deploy GitHub Pages	schedule
2026-09-13T18:32:31Z	NRT VRP Pipeline (both profiles)	schedule
2026-09-13T18:13:30Z	Reproc watchdog — avisa si un reproceso muere o se cuelga	schedule
2026-09-13T17:35:10Z	Deploy GitHub Pages	push
2026-09-13T17:35:10Z	Tests	push
2026-09-13T17:33:15Z	Tests	pull_request
2026-09-13T17:13:47Z	Tests	push
2026-09-13T17:12:03Z	Tests	pull_request
2026-09-13T17:09:32Z	Tests	push
2026-09-13T17:07:51Z	Tests	pull_request
2026-09-13T17:00:02Z	NRT Retry (NASA recovery)	schedule
2026-09-13T16:39:43Z	Deploy GitHub Pages	schedule
2026-09-13T16:33:57Z	NRT Monitor — alerta si fallan 3+ corridas	schedule
2026-09-13T16:14:31Z	.github/workflows/sync-mirova-csv.yml	schedule
2026-09-13T15:24:52Z	Deploy GitHub Pages	workflow_run
2026-09-13T15:14:01Z	NRT Healthcheck (Tier A staleness)	schedule
2026-09-13T14:27:29Z	Reproc watchdog — avisa si un reproceso muere o se cuelga	schedule
2026-09-13T14:03:50Z	NRT VRP Pipeline (both profiles)	schedule
2026-09-13T12:50:57Z	Tests	push
2026-09-13T12:48:54Z	Tests	pull_request
2026-09-13T12:48:21Z	Tests	push
2026-09-13T12:47:12Z	NRT Retry (NASA recovery)	schedule
2026-09-13T12:43:50Z	Tests	pull_request
2026-09-13T12:20:10Z	Deploy GitHub Pages	schedule
2026-09-13T12:12:55Z	NRT Monitor — alerta si fallan 3+ corridas	schedule
2026-09-13T11:48:22Z	.github/workflows/sync-mirova-csv.yml	schedule
2026-09-13T11:39:16Z	Tests	push
2026-09-13T11:36:54Z	Tests	pull_request
2026-09-13T10:18:46Z	Reproc watchdog — avisa si un reproceso muere o se cuelga	schedule
2026-09-13T10:17:11Z	Deploy GitHub Pages	workflow_run
2026-09-13T08:57:12Z	NRT VRP Pipeline (both profiles)	schedule
2026-09-13T08:42:17Z	Tests	push
2026-09-13T08:40:11Z	Tests	pull_request
2026-09-13T08:32:45Z	Probe S136 conformidad Apendice A (9 casos)	workflow_dispatch
2026-09-13T08:32:43Z	Probe S136 conformidad Apendice A (9 casos)	workflow_dispatch
2026-09-13T08:32:37Z	Tests	push
2026-09-13T08:30:33Z	Tests	pull_request
2026-09-13T08:23:24Z	Tests	push
2026-09-13T08:21:21Z	Tests	pull_request
2026-09-13T08:20:27Z	Probe S136 conformidad Apendice A (9 casos)	workflow_dispatch
2026-09-13T08:20:26Z	Probe S136 conformidad Apendice A (9 casos)	workflow_dispatch
2026-09-13T08:20:20Z	Tests	push
2026-09-13T08:17:58Z	Tests	pull_request
2026-09-13T08:06:42Z	Probe S137 etapa del primer paso, Apendice A, B21 contra B22	workflow_dispatch
2026-09-13T08:06:36Z	Tests	push
2026-09-13T08:04:13Z	Tests	pull_request
2026-09-13T07:52:32Z	Tests	push
2026-09-13T07:50:10Z	Tests	pull_request
2026-09-13T07:42:49Z	Probe S136 conformidad Apendice A (9 casos)	workflow_dispatch
2026-09-13T07:42:47Z	Probe S136 conformidad Apendice A (9 casos)	workflow_dispatch
2026-09-13T07:42:46Z	Tests	push
2026-09-13T07:40:41Z	Tests	pull_request
2026-09-13T07:35:35Z	Tests	push
2026-09-13T06:28:02Z	NRT Retry (NASA recovery)	schedule
2026-09-13T06:06:32Z	.github/workflows/sync-mirova-csv.yml	schedule
2026-09-13T05:25:03Z	Deploy GitHub Pages	schedule
2026-09-13T05:13:41Z	NRT Monitor — alerta si fallan 3+ corridas	schedule
2026-09-13T04:51:48Z	Reproc watchdog — avisa si un reproceso muere o se cuelga	schedule
2026-09-13T04:40:41Z	Deploy GitHub Pages	workflow_run
2026-09-13T03:19:24Z	NRT VRP Pipeline (both profiles)	schedule
2026-09-13T01:15:22Z	NRT Retry (NASA recovery)	schedule
2026-09-13T00:58:56Z	.github/workflows/sync-mirova-csv.yml	schedule
2026-09-13T00:56:21Z	Deploy GitHub Pages	workflow_run
2026-09-13T00:27:04Z	Deploy GitHub Pages	schedule
2026-09-13T00:02:55Z	Reproc watchdog — avisa si un reproceso muere o se cuelga	schedule
2026-09-12T23:45:04Z	NRT VRP Pipeline (both profiles)	schedule
2026-09-12T23:07:38Z	NRT Retry (NASA recovery)	schedule
2026-09-12T22:19:52Z	Reproc watchdog — avisa si un reproceso muere o se cuelga	schedule
2026-09-12T22:15:12Z	.github/workflows/sync-mirova-csv.yml	schedule
2026-09-12T21:30:14Z	Deploy GitHub Pages	workflow_run
2026-09-12T21:06:04Z	Deploy GitHub Pages	schedule
2026-09-12T20:48:29Z	NRT Monitor — alerta si fallan 3+ corridas	schedule
2026-09-12T20:12:27Z	NRT VRP Pipeline (both profiles)	schedule
2026-09-12T19:31:39Z	NRT Retry (NASA recovery)	schedule
2026-09-12T19:23:36Z	Reproc watchdog — avisa si un reproceso muere o se cuelga	schedule
2026-09-12T19:19:03Z	.github/workflows/sync-mirova-csv.yml	schedule
2026-09-12T18:48:58Z	Deploy GitHub Pages	schedule
2026-09-12T18:09:19Z	Deploy GitHub Pages	workflow_run
2026-09-12T17:12:18Z	Reproc watchdog — avisa si un reproceso muere o se cuelga	schedule
2026-09-12T17:07:35Z	.github/workflows/sync-mirova-csv.yml	schedule
2026-09-12T16:56:52Z	Tests	pull_request
2026-09-12T16:55:32Z	Deploy GitHub Pages	push
2026-09-12T16:55:32Z	Tests	push
2026-09-12T16:52:54Z	Probe S137 sigma del dNTI, 4 brazos	workflow_dispatch
2026-09-12T16:52:45Z	Tests	push
2026-09-12T16:52:21Z	Tests	pull_request
2026-09-12T16:50:15Z	Tests	pull_request
2026-09-12T16:45:55Z	NRT VRP Pipeline (both profiles)	schedule
2026-09-12T16:44:27Z	Tests	pull_request
2026-09-12T16:23:46Z	NRT Retry (NASA recovery)	schedule
2026-09-12T15:52:37Z	Deploy GitHub Pages	schedule
2026-09-12T15:44:54Z	NRT Monitor — alerta si fallan 3+ corridas	schedule
2026-09-12T14:39:25Z	Deploy GitHub Pages	workflow_run
2026-09-12T14:34:20Z	NRT Healthcheck (Tier A staleness)	schedule
2026-09-12T14:05:29Z	.github/workflows/sync-mirova-csv.yml	schedule
2026-09-12T13:37:00Z	Reproc watchdog — avisa si un reproceso muere o se cuelga	schedule
2026-09-12T13:20:59Z	NRT VRP Pipeline (both profiles)	schedule
2026-09-12T11:40:37Z	NRT Retry (NASA recovery)	schedule
2026-09-12T11:17:20Z	Deploy GitHub Pages	schedule
2026-09-12T11:08:09Z	NRT Monitor — alerta si fallan 3+ corridas	schedule
2026-09-12T10:43:08Z	.github/workflows/sync-mirova-csv.yml	schedule
2026-09-12T09:40:40Z	Deploy GitHub Pages	workflow_run
2026-09-12T09:23:57Z	Reproc watchdog — avisa si un reproceso muere o se cuelga	schedule
2026-09-12T08:22:28Z	NRT VRP Pipeline (both profiles)	schedule
2026-09-12T06:05:22Z	NRT Retry (NASA recovery)	schedule
2026-09-12T05:45:18Z	.github/workflows/sync-mirova-csv.yml	schedule
2026-09-12T05:10:53Z	Deploy GitHub Pages	schedule
2026-09-12T04:53:07Z	NRT Monitor — alerta si fallan 3+ corridas	schedule
2026-09-12T04:43:55Z	Reproc watchdog — avisa si un reproceso muere o se cuelga	schedule
2026-09-12T04:25:41Z	Deploy GitHub Pages	workflow_run
2026-09-12T03:15:22Z	NRT VRP Pipeline (both profiles)	schedule
2026-09-12T01:19:08Z	NRT Retry (NASA recovery)	schedule
2026-09-12T01:05:05Z	.github/workflows/sync-mirova-csv.yml	schedule
2026-09-12T00:46:19Z	Deploy GitHub Pages	schedule
2026-09-12T00:19:53Z	Reproc watchdog — avisa si un reproceso muere o se cuelga	schedule
2026-09-11T23:35:05Z	Deploy GitHub Pages	workflow_run
2026-09-11T23:24:51Z	NRT Retry (NASA recovery)	schedule
2026-09-11T22:48:44Z	Deploy GitHub Pages	schedule
2026-09-11T22:33:33Z	.github/workflows/sync-mirova-csv.yml	schedule
2026-09-11T22:15:51Z	NRT VRP Pipeline (both profiles)	schedule
2026-09-11T21:44:20Z	Reproc watchdog — avisa si un reproceso muere o se cuelga	schedule
2026-09-11T21:09:41Z	NRT Monitor — alerta si fallan 3+ corridas	schedule
2026-09-11T20:23:52Z	Deploy GitHub Pages	workflow_run
2026-09-11T19:54:09Z	NRT Retry (NASA recovery)	schedule
2026-09-11T19:40:56Z	.github/workflows/sync-mirova-csv.yml	schedule
2026-09-11T19:19:44Z	Deploy GitHub Pages	schedule
2026-09-11T18:58:56Z	NRT VRP Pipeline (both profiles)	schedule
2026-09-11T18:35:14Z	Reproc watchdog — avisa si un reproceso muere o se cuelga	schedule
2026-09-11T17:03:47Z	NRT Retry (NASA recovery)	schedule
2026-09-11T16:46:39Z	Deploy GitHub Pages	schedule
2026-09-11T16:40:57Z	NRT Monitor — alerta si fallan 3+ corridas	schedule
2026-09-11T16:26:19Z	.github/workflows/sync-mirova-csv.yml	schedule
2026-09-11T15:26:43Z	NRT Healthcheck (Tier A staleness)	schedule
2026-09-11T15:12:46Z	Deploy GitHub Pages	workflow_run
2026-09-11T14:27:35Z	Reproc watchdog — avisa si un reproceso muere o se cuelga	schedule
2026-09-11T14:03:48Z	NRT VRP Pipeline (both profiles)	schedule
2026-09-11T12:17:08Z	NRT Retry (NASA recovery)	schedule
2026-09-11T11:50:40Z	Deploy GitHub Pages	schedule
2026-09-11T11:42:04Z	NRT Monitor — alerta si fallan 3+ corridas	schedule
2026-09-11T11:17:30Z	.github/workflows/sync-mirova-csv.yml	schedule
2026-09-11T09:58:24Z	Deploy GitHub Pages	workflow_run
2026-09-11T09:44:38Z	Reproc watchdog — avisa si un reproceso muere o se cuelga	schedule
2026-09-11T08:35:28Z	NRT VRP Pipeline (both profiles)	schedule
2026-09-11T06:18:45Z	NRT Retry (NASA recovery)	schedule
2026-09-11T05:57:06Z	.github/workflows/sync-mirova-csv.yml	schedule
2026-09-11T05:20:14Z	Deploy GitHub Pages	schedule
2026-09-11T05:01:38Z	NRT Monitor — alerta si fallan 3+ corridas	schedule
2026-09-11T04:44:11Z	Reproc watchdog — avisa si un reproceso muere o se cuelga	schedule
2026-09-11T04:19:40Z	Deploy GitHub Pages	workflow_run
2026-09-11T03:08:54Z	NRT VRP Pipeline (both profiles)	schedule
2026-09-11T01:17:09Z	NRT Retry (NASA recovery)	schedule
2026-09-11T01:03:19Z	.github/workflows/sync-mirova-csv.yml	schedule
2026-09-11T00:37:57Z	Deploy GitHub Pages	schedule
2026-09-11T00:12:18Z	Reproc watchdog — avisa si un reproceso muere o se cuelga	schedule
2026-09-10T23:45:06Z	Deploy GitHub Pages	workflow_run
2026-09-10T23:17:43Z	NRT Retry (NASA recovery)	schedule
2026-09-10T22:48:15Z	Deploy GitHub Pages	schedule
2026-09-10T22:33:57Z	.github/workflows/sync-mirova-csv.yml	schedule
2026-09-10T22:15:35Z	NRT VRP Pipeline (both profiles)	schedule
2026-09-10T21:39:34Z	Reproc watchdog — avisa si un reproceso muere o se cuelga	schedule
2026-09-10T21:05:36Z	NRT Monitor — alerta si fallan 3+ corridas	schedule
2026-09-10T20:15:52Z	Deploy GitHub Pages	workflow_run
2026-09-10T19:57:15Z	Tests	push
2026-09-10T19:54:45Z	NRT Retry (NASA recovery)	schedule
2026-09-10T19:54:39Z	Tests	pull_request
2026-09-10T19:39:56Z	.github/workflows/sync-mirova-csv.yml	schedule
2026-09-10T19:18:19Z	Deploy GitHub Pages	schedule
2026-09-10T18:57:07Z	NRT VRP Pipeline (both profiles)	schedule
2026-09-10T18:30:16Z	Reproc watchdog — avisa si un reproceso muere o se cuelga	schedule
2026-09-10T18:14:32Z	Tests	push
2026-09-10T18:14:26Z	Tests	pull_request
2026-09-10T18:09:03Z	Tests	push
2026-09-10T18:08:55Z	Tests	pull_request
2026-09-10T17:03:00Z	NRT Retry (NASA recovery)	schedule
2026-09-10T16:42:19Z	Deploy GitHub Pages	schedule
2026-09-10T16:36:00Z	NRT Monitor — alerta si fallan 3+ corridas	schedule
2026-09-10T16:22:19Z	.github/workflows/sync-mirova-csv.yml	schedule
2026-09-10T15:32:22Z	Deploy GitHub Pages	workflow_run
2026-09-10T15:24:36Z	NRT Healthcheck (Tier A staleness)	schedule
2026-09-10T14:28:23Z	Reproc watchdog — avisa si un reproceso muere o se cuelga	schedule
2026-09-10T14:03:51Z	NRT VRP Pipeline (both profiles)	schedule
2026-09-10T12:18:11Z	NRT Retry (NASA recovery)	schedule
2026-09-10T11:52:12Z	Deploy GitHub Pages	schedule
2026-09-10T11:41:59Z	NRT Monitor — alerta si fallan 3+ corridas	schedule
2026-09-10T11:15:58Z	.github/workflows/sync-mirova-csv.yml	schedule
2026-09-10T10:01:50Z	Deploy GitHub Pages	workflow_run
2026-09-10T09:47:08Z	Reproc watchdog — avisa si un reproceso muere o se cuelga	schedule
2026-09-10T08:39:36Z	NRT VRP Pipeline (both profiles)	schedule
2026-09-10T06:15:46Z	NRT Retry (NASA recovery)	schedule
2026-09-10T05:56:45Z	.github/workflows/sync-mirova-csv.yml	schedule
2026-09-10T05:22:00Z	Deploy GitHub Pages	schedule
2026-09-10T05:04:45Z	NRT Monitor — alerta si fallan 3+ corridas	schedule
2026-09-10T04:49:48Z	Reproc watchdog — avisa si un reproceso muere o se cuelga	schedule
2026-09-10T04:30:48Z	Deploy GitHub Pages	workflow_run
2026-09-10T03:13:40Z	NRT VRP Pipeline (both profiles)	schedule
2026-09-10T01:15:27Z	NRT Retry (NASA recovery)	schedule
2026-09-10T01:02:25Z	.github/workflows/sync-mirova-csv.yml	schedule
2026-09-10T00:39:36Z	Deploy GitHub Pages	schedule
2026-09-10T00:16:36Z	Reproc watchdog — avisa si un reproceso muere o se cuelga	schedule
2026-09-09T23:38:16Z	Deploy GitHub Pages	workflow_run
2026-09-09T23:23:39Z	NRT Retry (NASA recovery)	schedule
2026-09-09T22:31:55Z	.github/workflows/sync-mirova-csv.yml	schedule
2026-09-09T22:16:11Z	NRT VRP Pipeline (both profiles)	schedule
2026-09-09T21:43:16Z	Reproc watchdog — avisa si un reproceso muere o se cuelga	schedule
2026-09-09T21:16:16Z	Deploy GitHub Pages	schedule
2026-09-09T21:05:37Z	NRT Monitor — alerta si fallan 3+ corridas	schedule
2026-09-09T20:33:56Z	Deploy GitHub Pages	workflow_run
2026-09-09T19:55:02Z	NRT Retry (NASA recovery)	schedule
2026-09-09T19:44:49Z	.github/workflows/sync-mirova-csv.yml	schedule
2026-09-09T19:04:57Z	NRT VRP Pipeline (both profiles)	schedule
2026-09-09T18:39:01Z	Reproc watchdog — avisa si un reproceso muere o se cuelga	schedule
2026-09-09T17:41:41Z	Tests	push
2026-09-09T17:41:36Z	Tests	pull_request
2026-09-09T17:12:03Z	NRT Retry (NASA recovery)	schedule
2026-09-09T16:54:24Z	Deploy GitHub Pages	schedule
2026-09-09T16:49:47Z	NRT Monitor — alerta si fallan 3+ corridas	schedule
2026-09-09T16:36:13Z	.github/workflows/sync-mirova-csv.yml	schedule
2026-09-09T15:32:38Z	Deploy GitHub Pages	workflow_run
2026-09-09T15:29:19Z	NRT Healthcheck (Tier A staleness)	schedule
2026-09-09T14:37:58Z	Reproc watchdog — avisa si un reproceso muere o se cuelga	schedule
2026-09-09T14:10:05Z	NRT VRP Pipeline (both profiles)	schedule
2026-09-09T12:24:46Z	NRT Retry (NASA recovery)	schedule
2026-09-09T11:58:41Z	Deploy GitHub Pages	schedule
2026-09-09T11:44:09Z	NRT Monitor — alerta si fallan 3+ corridas	schedule
2026-09-09T11:19:29Z	.github/workflows/sync-mirova-csv.yml	schedule
2026-09-09T10:19:25Z	Deploy GitHub Pages	workflow_run
2026-09-09T09:48:55Z	Reproc watchdog — avisa si un reproceso muere o se cuelga	schedule
2026-09-09T08:38:59Z	NRT VRP Pipeline (both profiles)	schedule
2026-09-09T06:20:26Z	NRT Retry (NASA recovery)	schedule
2026-09-09T05:57:36Z	.github/workflows/sync-mirova-csv.yml	schedule
2026-09-09T05:23:33Z	Deploy GitHub Pages	schedule
2026-09-09T05:01:52Z	NRT Monitor — alerta si fallan 3+ corridas	schedule
2026-09-09T04:49:07Z	Reproc watchdog — avisa si un reproceso muere o se cuelga	schedule
2026-09-09T04:31:50Z	Deploy GitHub Pages	workflow_run
2026-09-09T04:27:31Z	Tests	push
2026-09-09T04:27:26Z	Tests	pull_request
2026-09-09T04:19:30Z	Probe S136 conformidad Apendice A (9 casos)	workflow_dispatch
2026-09-09T04:19:27Z	Tests	push
2026-09-09T04:17:18Z	Tests	pull_request
2026-09-09T03:57:20Z	Tests	push
2026-09-09T03:57:14Z	Tests	pull_request
2026-09-09T03:13:50Z	NRT VRP Pipeline (both profiles)	schedule
2026-09-09T01:26:14Z	NRT Retry (NASA recovery)	schedule
2026-09-09T00:43:27Z	Deploy GitHub Pages	schedule
2026-09-09T00:16:57Z	Reproc watchdog — avisa si un reproceso muere o se cuelga	schedule
2026-09-09T00:12:28Z	.github/workflows/sync-mirova-csv.yml	schedule
2026-09-08T23:53:10Z	Deploy GitHub Pages	workflow_run
2026-09-08T23:29:56Z	NRT Retry (NASA recovery)	schedule
2026-09-08T22:22:13Z	NRT VRP Pipeline (both profiles)	schedule
2026-09-08T22:18:40Z	Tests	push
2026-09-08T22:18:32Z	Tests	pull_request
2026-09-08T22:08:58Z	Probe S136 conformidad Apendice A (9 casos)	workflow_dispatch
2026-09-08T22:08:55Z	Tests	push
2026-09-08T22:08:50Z	Tests	pull_request
2026-09-08T21:53:55Z	Tests	push
2026-09-08T21:53:49Z	Tests	pull_request
2026-09-08T21:52:37Z	Reproc watchdog — avisa si un reproceso muere o se cuelga	schedule
2026-09-08T21:49:49Z	.github/workflows/sync-mirova-csv.yml	schedule
2026-09-08T21:40:20Z	Tests	push
2026-09-08T21:34:51Z	Tests	push
2026-09-08T21:34:39Z	Tests	pull_request
2026-09-08T21:31:24Z	Probe S136 conformidad A6 Villarrica 2009	workflow_dispatch
2026-09-08T21:31:21Z	Tests	push
2026-09-08T21:28:36Z	Tests	pull_request
2026-09-08T21:28:20Z	Deploy GitHub Pages	schedule
2026-09-08T21:22:00Z	Probe S136 conformidad A6 Villarrica 2009	workflow_dispatch
2026-09-08T21:21:52Z	Tests	push
2026-09-08T21:19:32Z	Tests	pull_request
2026-09-08T21:19:25Z	NRT Monitor — alerta si fallan 3+ corridas	schedule
2026-09-08T21:11:49Z	Tests	push
2026-09-08T21:09:15Z	Tests	pull_request
2026-09-08T21:05:05Z	Tests	push
2026-09-08T21:02:46Z	Tests	pull_request
2026-09-08T20:55:37Z	Tests	push
2026-09-08T20:54:55Z	Deploy GitHub Pages	workflow_run
2026-09-08T20:53:20Z	Tests	pull_request
2026-09-08T20:34:03Z	Tests	push
2026-09-08T20:31:40Z	Tests	pull_request
2026-09-08T20:27:12Z	Probe S136 3 brazos filtro contextual Test 1	workflow_dispatch
2026-09-08T20:27:06Z	Tests	push
2026-09-08T20:24:40Z	Tests	pull_request
2026-09-08T20:00:26Z	NRT Retry (NASA recovery)	schedule
2026-09-08T19:15:39Z	NRT VRP Pipeline (both profiles)	schedule
2026-09-08T18:42:30Z	Reproc watchdog — avisa si un reproceso muere o se cuelga	schedule
2026-09-08T18:38:18Z	.github/workflows/sync-mirova-csv.yml	schedule
2026-09-08T18:35:06Z	Tests	push
2026-09-08T17:18:56Z	NRT Retry (NASA recovery)	schedule
2026-09-08T16:51:40Z	Deploy GitHub Pages	schedule
2026-09-08T16:47:28Z	NRT Monitor — alerta si fallan 3+ corridas	schedule
2026-09-08T16:18:54Z	Tests	push
2026-09-08T15:34:56Z	NRT Healthcheck (Tier A staleness)	schedule
2026-09-08T15:29:06Z	Deploy GitHub Pages	workflow_run
2026-09-08T14:34:01Z	Reproc watchdog — avisa si un reproceso muere o se cuelga	schedule
2026-09-08T14:30:52Z	.github/workflows/sync-mirova-csv.yml	schedule
2026-09-08T14:08:57Z	NRT VRP Pipeline (both profiles)	schedule
2026-09-08T13:00:45Z	Tests	push
2026-09-08T12:13:01Z	NRT Retry (NASA recovery)	schedule
2026-09-08T11:46:20Z	Deploy GitHub Pages	schedule
2026-09-08T11:38:01Z	NRT Monitor — alerta si fallan 3+ corridas	schedule
2026-09-08T10:00:27Z	Deploy GitHub Pages	workflow_run
2026-09-08T09:43:47Z	Reproc watchdog — avisa si un reproceso muere o se cuelga	schedule
2026-09-08T09:38:48Z	.github/workflows/sync-mirova-csv.yml	schedule
2026-09-08T09:10:12Z	Tests	push
2026-09-08T09:06:49Z	A/B S135 — D1 keep_peak x D2 segundo pase condicionado	workflow_dispatch
2026-09-08T08:37:01Z	NRT VRP Pipeline (both profiles)	schedule
2026-09-08T06:10:32Z	NRT Retry (NASA recovery)	schedule
2026-09-08T05:34:25Z	Tests	push
2026-09-08T05:22:50Z	Tests	push
2026-09-08T05:21:47Z	Deploy GitHub Pages	schedule
2026-09-08T05:21:16Z	Tests	push
2026-09-08T05:02:00Z	NRT Monitor — alerta si fallan 3+ corridas	schedule
2026-09-08T04:40:39Z	Reproc watchdog — avisa si un reproceso muere o se cuelga	schedule
2026-09-08T04:36:16Z	Deploy GitHub Pages	workflow_run
2026-09-08T04:31:56Z	.github/workflows/sync-mirova-csv.yml	schedule
2026-09-08T03:52:21Z	Tests	push
2026-09-08T03:45:56Z	Tests	push
2026-09-08T03:45:28Z	Tests	push
2026-09-08T03:29:32Z	Tests	push
2026-09-08T03:26:40Z	Tests	push
2026-09-08T03:24:48Z	Tests	pull_request
2026-09-08T03:11:45Z	NRT VRP Pipeline (both profiles)	schedule
2026-09-08T01:16:27Z	NRT Retry (NASA recovery)	schedule
2026-09-08T00:45:12Z	Tests	push
2026-09-08T00:43:12Z	Tests	pull_request
2026-09-08T00:37:54Z	Tests	push
2026-09-08T00:36:01Z	Tests	pull_request
2026-09-08T00:33:36Z	A/B S135 — D1 keep_peak x D2 segundo pase condicionado	workflow_dispatch
2026-09-08T00:33:20Z	Tests	push
2026-09-08T00:31:01Z	Tests	pull_request
2026-09-07T23:57:47Z	Deploy GitHub Pages	workflow_run
2026-09-07T23:49:02Z	Tests	push
2026-09-07T23:47:09Z	Tests	pull_request
2026-09-07T23:31:15Z	Reproc watchdog — avisa si un reproceso muere o se cuelga	schedule
2026-09-07T23:28:42Z	.github/workflows/sync-mirova-csv.yml	schedule
2026-09-07T23:01:50Z	Deploy GitHub Pages	schedule
2026-09-07T22:30:18Z	NRT VRP Pipeline (both profiles)	schedule
2026-09-07T22:09:52Z	NRT Retry (NASA recovery)	schedule
2026-09-07T21:42:24Z	NRT Monitor — alerta si fallan 3+ corridas	schedule
2026-09-07T20:54:09Z	Deploy GitHub Pages	workflow_run
2026-09-07T20:35:48Z	Reproc watchdog — avisa si un reproceso muere o se cuelga	schedule
2026-09-07T20:33:19Z	.github/workflows/sync-mirova-csv.yml	schedule
2026-09-07T19:35:33Z	NRT VRP Pipeline (both profiles)	schedule
2026-09-07T19:18:43Z	NRT Retry (NASA recovery)	schedule
2026-09-07T18:52:59Z	Deploy GitHub Pages	schedule
2026-09-07T16:51:46Z	Deploy GitHub Pages	workflow_run
2026-09-07T16:47:43Z	NRT Healthcheck (Tier A staleness)	schedule
2026-09-07T16:28:55Z	Reproc watchdog — avisa si un reproceso muere o se cuelga	schedule
2026-09-07T16:26:04Z	.github/workflows/sync-mirova-csv.yml	schedule
2026-09-07T15:30:32Z	NRT VRP Pipeline (both profiles)	schedule
2026-09-07T14:52:48Z	Auto-audit semanal paridad MIROVA	schedule
2026-09-07T13:35:40Z	NRT Retry (NASA recovery)	schedule
2026-09-07T13:03:11Z	Deploy GitHub Pages	schedule
2026-09-07T12:56:04Z	NRT Monitor — alerta si fallan 3+ corridas	schedule
2026-09-07T10:21:23Z	Reproc watchdog — avisa si un reproceso muere o se cuelga	schedule
2026-09-07T10:14:52Z	.github/workflows/sync-mirova-csv.yml	schedule
2026-09-07T10:13:48Z	Deploy GitHub Pages	workflow_run
2026-09-07T08:56:19Z	NRT VRP Pipeline (both profiles)	schedule
2026-09-07T07:03:17Z	Tests	push
2026-09-07T07:01:24Z	Tests	pull_request
2026-09-07T06:49:35Z	Tests	push
2026-09-07T06:47:14Z	Tests	pull_request
2026-09-07T06:41:37Z	Probe S135 etapas keep_peak (D19 / AUDIT_S134 D1-b)	workflow_dispatch
2026-09-07T06:41:24Z	Tests	push
2026-09-07T06:39:10Z	Tests	pull_request
2026-09-07T06:20:43Z	NRT Retry (NASA recovery)	schedule
2026-09-07T05:17:12Z	Deploy GitHub Pages	schedule
2026-09-07T05:05:00Z	NRT Monitor — alerta si fallan 3+ corridas	schedule
2026-09-07T04:45:43Z	Reproc watchdog — avisa si un reproceso muere o se cuelga	schedule
2026-09-07T04:36:39Z	.github/workflows/sync-mirova-csv.yml	schedule
2026-09-07T04:17:09Z	Deploy GitHub Pages	workflow_run
2026-09-07T03:01:59Z	NRT VRP Pipeline (both profiles)	schedule
2026-09-07T01:26:01Z	Tests	push
2026-09-07T01:24:08Z	Tests	pull_request
2026-09-07T01:10:18Z	NRT Retry (NASA recovery)	schedule
2026-09-07T01:04:11Z	Probe S135 etapas keep_peak (D19 / AUDIT_S134 D1-b)	workflow_dispatch
2026-09-07T01:04:02Z	Tests	push
2026-09-07T01:01:35Z	Tests	pull_request
2026-09-07T00:41:43Z	Deploy GitHub Pages	workflow_run
2026-09-07T00:22:41Z	Deploy GitHub Pages	schedule
2026-09-06T23:56:43Z	Reproc watchdog — avisa si un reproceso muere o se cuelga	schedule
2026-09-06T23:52:10Z	.github/workflows/sync-mirova-csv.yml	schedule
2026-09-06T23:29:30Z	NRT VRP Pipeline (both profiles)	schedule
2026-09-06T23:02:36Z	NRT Retry (NASA recovery)	schedule
2026-09-06T21:29:44Z	NRT Retry (NASA recovery)	schedule
2026-09-06T21:22:40Z	Reproc watchdog — avisa si un reproceso muere o se cuelga	schedule
2026-09-06T21:20:30Z	.github/workflows/sync-mirova-csv.yml	schedule
2026-09-06T21:19:16Z	Deploy GitHub Pages	workflow_run
2026-09-06T20:52:08Z	Deploy GitHub Pages	schedule
2026-09-06T20:41:34Z	NRT Monitor — alerta si fallan 3+ corridas	schedule
2026-09-06T20:01:01Z	NRT VRP Pipeline (both profiles)	schedule
2026-09-06T19:21:15Z	NRT Retry (NASA recovery)	schedule
2026-09-06T19:13:15Z	Reproc watchdog — avisa si un reproceso muere o se cuelga	schedule
2026-09-06T19:08:59Z	.github/workflows/sync-mirova-csv.yml	schedule
2026-09-06T18:40:07Z	Deploy GitHub Pages	schedule
2026-09-06T17:55:57Z	Deploy GitHub Pages	workflow_run
2026-09-06T17:05:34Z	Reproc watchdog — avisa si un reproceso muere o se cuelga	schedule
2026-09-06T17:00:46Z	.github/workflows/sync-mirova-csv.yml	schedule
2026-09-06T16:42:24Z	NRT VRP Pipeline (both profiles)	schedule
2026-09-06T16:22:03Z	NRT Retry (NASA recovery)	schedule
2026-09-06T15:49:52Z	Deploy GitHub Pages	schedule
2026-09-06T15:40:16Z	NRT Monitor — alerta si fallan 3+ corridas	schedule
2026-09-06T14:47:09Z	Deploy GitHub Pages	workflow_run
2026-09-06T14:32:58Z	NRT Healthcheck (Tier A staleness)	schedule
2026-09-06T14:12:17Z	Reproc watchdog — avisa si un reproceso muere o se cuelga	schedule
2026-09-06T13:40:08Z	.github/workflows/sync-mirova-csv.yml	schedule
2026-09-06T13:24:04Z	NRT VRP Pipeline (both profiles)	schedule
2026-09-06T11:42:15Z	NRT Retry (NASA recovery)	schedule
2026-09-06T11:22:47Z	Deploy GitHub Pages	schedule
2026-09-06T11:15:17Z	NRT Monitor — alerta si fallan 3+ corridas	schedule
2026-09-06T11:00:14Z	Reproc watchdog — avisa si un reproceso muere o se cuelga	schedule
2026-09-06T09:36:02Z	Deploy GitHub Pages	workflow_run
2026-09-06T09:24:43Z	.github/workflows/sync-mirova-csv.yml	schedule
2026-09-06T08:22:34Z	NRT VRP Pipeline (both profiles)	schedule
2026-09-06T06:12:28Z	NRT Retry (NASA recovery)	schedule
2026-09-06T05:58:53Z	Reproc watchdog — avisa si un reproceso muere o se cuelga	schedule
2026-09-06T05:09:27Z	Deploy GitHub Pages	schedule
2026-09-06T04:58:10Z	NRT Monitor — alerta si fallan 3+ corridas	schedule
2026-09-06T04:35:28Z	.github/workflows/sync-mirova-csv.yml	schedule
2026-09-06T04:11:26Z	Deploy GitHub Pages	workflow_run
2026-09-06T03:04:15Z	NRT VRP Pipeline (both profiles)	schedule
2026-09-06T01:09:41Z	NRT Retry (NASA recovery)	schedule
2026-09-06T01:00:46Z	Reproc watchdog — avisa si un reproceso muere o se cuelga	schedule
2026-09-06T00:51:44Z	Deploy GitHub Pages	workflow_run
2026-09-06T00:15:38Z	Deploy GitHub Pages	schedule
2026-09-05T23:52:39Z	.github/workflows/sync-mirova-csv.yml	schedule
2026-09-05T23:45:59Z	NRT VRP Pipeline (both profiles)	schedule
2026-09-05T23:20:01Z	Deploy GitHub Pages	workflow_run
2026-09-05T23:06:19Z	NRT Retry (NASA recovery)	schedule
2026-09-05T22:57:07Z	Reproc watchdog — avisa si un reproceso muere o se cuelga	schedule
2026-09-05T22:21:57Z	Deploy GitHub Pages	schedule
2026-09-05T21:59:31Z	NRT VRP Pipeline (both profiles)	schedule
2026-09-05T21:26:33Z	NRT Retry (NASA recovery)	schedule
2026-09-05T21:17:45Z	Deploy GitHub Pages	workflow_run
2026-09-05T21:16:26Z	Reproc watchdog — avisa si un reproceso muere o se cuelga	schedule
2026-09-05T21:12:50Z	.github/workflows/sync-mirova-csv.yml	schedule
2026-09-05T20:44:46Z	Deploy GitHub Pages	schedule
2026-09-05T20:36:32Z	NRT Monitor — alerta si fallan 3+ corridas	schedule
2026-09-05T19:57:44Z	NRT VRP Pipeline (both profiles)	schedule
2026-09-05T19:12:48Z	NRT Retry (NASA recovery)	schedule
2026-09-05T18:36:16Z	Deploy GitHub Pages	schedule
2026-09-05T18:27:02Z	Tests	push
2026-09-05T18:24:47Z	Tests	pull_request
2026-09-05T18:20:15Z	Reproc watchdog — avisa si un reproceso muere o se cuelga	schedule
2026-09-05T18:16:01Z	.github/workflows/sync-mirova-csv.yml	schedule
2026-09-05T17:56:08Z	Deploy GitHub Pages	workflow_run
2026-09-05T17:25:43Z	NRT Retry (NASA recovery)	schedule
2026-09-05T16:32:52Z	NRT VRP Pipeline (both profiles)	schedule
2026-09-05T16:05:57Z	Reproc watchdog — avisa si un reproceso muere o se cuelga	schedule
2026-09-05T16:02:51Z	.github/workflows/sync-mirova-csv.yml	schedule
2026-09-05T15:38:16Z	Deploy GitHub Pages	schedule
2026-09-05T15:27:25Z	NRT Monitor — alerta si fallan 3+ corridas	schedule
2026-09-05T14:38:43Z	Deploy GitHub Pages	workflow_run
2026-09-05T14:15:57Z	Tests	push
2026-09-05T14:13:21Z	Tests	pull_request
2026-09-05T14:08:42Z	NRT Healthcheck (Tier A staleness)	schedule
2026-09-05T13:56:54Z	NRT Retry (NASA recovery)	schedule
2026-09-05T13:15:16Z	Tests	push
2026-09-05T13:15:08Z	NRT VRP Pipeline (both profiles)	schedule
2026-09-05T13:13:00Z	Tests	pull_request
2026-09-05T13:10:03Z	Deploy GitHub Pages	push
2026-09-05T13:10:03Z	Tests	push
2026-09-05T13:08:03Z	Tests	pull_request
2026-09-05T12:45:01Z	Reproc watchdog — avisa si un reproceso muere o se cuelga	schedule
2026-09-05T12:41:14Z	.github/workflows/sync-mirova-csv.yml	schedule
2026-09-05T11:20:15Z	NRT Retry (NASA recovery)	schedule
2026-09-05T10:56:46Z	Deploy GitHub Pages	schedule
2026-09-05T10:50:56Z	NRT Monitor — alerta si fallan 3+ corridas	schedule
2026-09-05T09:26:17Z	Deploy GitHub Pages	workflow_run
2026-09-05T09:06:51Z	Reproc watchdog — avisa si un reproceso muere o se cuelga	schedule
2026-09-05T09:02:40Z	.github/workflows/sync-mirova-csv.yml	schedule
2026-09-05T08:03:41Z	NRT VRP Pipeline (both profiles)	schedule
2026-09-05T06:00:26Z	NRT Retry (NASA recovery)	schedule
2026-09-05T04:58:34Z	Deploy GitHub Pages	schedule
2026-09-05T04:50:49Z	NRT Monitor — alerta si fallan 3+ corridas	schedule
2026-09-05T04:33:16Z	Reproc watchdog — avisa si un reproceso muere o se cuelga	schedule
2026-09-05T04:24:00Z	.github/workflows/sync-mirova-csv.yml	schedule
2026-09-05T04:18:22Z	Deploy GitHub Pages	workflow_run
2026-09-05T03:04:32Z	NRT VRP Pipeline (both profiles)	schedule
2026-09-05T01:11:41Z	NRT Retry (NASA recovery)	schedule
2026-09-05T00:25:20Z	Deploy GitHub Pages	schedule
2026-09-05T00:08:09Z	Reproc watchdog — avisa si un reproceso muere o se cuelga	schedule
2026-09-05T00:02:56Z	.github/workflows/sync-mirova-csv.yml	schedule
2026-09-04T23:28:26Z	Deploy GitHub Pages	workflow_run
2026-09-04T23:07:59Z	NRT Retry (NASA recovery)	schedule
2026-09-04T22:34:12Z	Deploy GitHub Pages	schedule
2026-09-04T22:07:34Z	NRT VRP Pipeline (both profiles)	schedule
2026-09-04T21:30:57Z	Reproc watchdog — avisa si un reproceso muere o se cuelga	schedule
2026-09-04T21:26:45Z	.github/workflows/sync-mirova-csv.yml	schedule
2026-09-04T20:56:29Z	NRT Monitor — alerta si fallan 3+ corridas	schedule
2026-09-04T20:13:09Z	Deploy GitHub Pages	workflow_run
2026-09-04T19:46:10Z	Tests	push
2026-09-04T19:44:48Z	NRT Retry (NASA recovery)	schedule
2026-09-04T19:43:52Z	Tests	pull_request
2026-09-04T19:40:49Z	A/B S133 — el area del pixel VIIRS (3 brazos)	workflow_dispatch
2026-09-04T19:25:13Z	Tests	push
2026-09-04T19:22:57Z	Tests	pull_request
2026-09-04T19:21:22Z	Tests	push
2026-09-04T19:18:31Z	Tests	pull_request
2026-09-04T19:12:27Z	Tests	push
2026-09-04T19:10:21Z	Deploy GitHub Pages	schedule
2026-09-04T19:01:59Z	Tests	pull_request
2026-09-04T18:54:53Z	Tests	push
2026-09-04T18:54:53Z	Deploy GitHub Pages	push
2026-09-04T18:51:28Z	Tests	pull_request
2026-09-04T18:49:04Z	NRT VRP Pipeline (both profiles)	schedule
2026-09-04T18:44:33Z	Deploy GitHub Pages	workflow_run
2026-09-04T18:26:20Z	NRT VRP Pipeline (both profiles)	workflow_dispatch
2026-09-04T18:26:18Z	Tests	push
2026-09-04T18:26:12Z	Reproc watchdog — avisa si un reproceso muere o se cuelga	schedule
2026-09-04T18:22:46Z	.github/workflows/sync-mirova-csv.yml	schedule
2026-09-04T17:19:05Z	Tests	pull_request
2026-09-04T17:10:14Z	Deploy GitHub Pages	workflow_run
2026-09-04T17:03:52Z	NRT VRP Pipeline (both profiles)	workflow_dispatch
2026-09-04T16:54:57Z	NRT Retry (NASA recovery)	schedule
2026-09-04T16:36:54Z	Deploy GitHub Pages	schedule
2026-09-04T16:32:07Z	NRT Monitor — alerta si fallan 3+ corridas	schedule
2026-09-04T15:42:32Z	Deploy GitHub Pages	workflow_run
2026-09-04T15:21:02Z	NRT Healthcheck (Tier A staleness)	schedule
2026-09-04T14:30:23Z	Tests	push
2026-09-04T14:28:08Z	Tests	pull_request
2026-09-04T14:24:31Z	Tests	push
2026-09-04T14:24:21Z	Tests	push
2026-09-04T14:23:17Z	Reproc watchdog — avisa si un reproceso muere o se cuelga	schedule
2026-09-04T14:21:56Z	Tests	pull_request
2026-09-04T14:19:59Z	.github/workflows/sync-mirova-csv.yml	schedule
2026-09-04T14:00:27Z	NRT VRP Pipeline (both profiles)	schedule
2026-09-04T12:38:12Z	Tests	push
2026-09-04T12:35:55Z	Tests	pull_request
2026-09-04T12:27:10Z	A/B S133 — el area del pixel VIIRS (3 brazos)	workflow_dispatch
2026-09-04T12:27:00Z	A/B S133 — B22 como banda MIR primaria en MODIS	workflow_dispatch
2026-09-04T12:26:41Z	Tests	push
2026-09-04T12:24:17Z	Tests	pull_request
2026-09-04T12:11:44Z	NRT Retry (NASA recovery)	schedule
2026-09-04T11:46:06Z	Deploy GitHub Pages	schedule
2026-09-04T11:35:43Z	NRT Monitor — alerta si fallan 3+ corridas	schedule
2026-09-04T09:54:43Z	Deploy GitHub Pages	workflow_run
2026-09-04T09:41:31Z	Reproc watchdog — avisa si un reproceso muere o se cuelga	schedule
2026-09-04T09:36:37Z	.github/workflows/sync-mirova-csv.yml	schedule
2026-09-04T08:29:17Z	NRT VRP Pipeline (both profiles)	schedule
2026-09-04T06:12:01Z	NRT Retry (NASA recovery)	schedule
2026-09-04T05:09:37Z	Deploy GitHub Pages	schedule
2026-09-04T04:57:48Z	NRT Monitor — alerta si fallan 3+ corridas	schedule
2026-09-04T04:37:14Z	Reproc watchdog — avisa si un reproceso muere o se cuelga	schedule
2026-09-04T04:29:09Z	.github/workflows/sync-mirova-csv.yml	schedule
2026-09-04T04:21:23Z	Deploy GitHub Pages	workflow_run
2026-09-04T03:02:37Z	NRT VRP Pipeline (both profiles)	schedule
2026-09-04T01:07:30Z	NRT Retry (NASA recovery)	schedule
2026-09-04T00:07:52Z	Reproc watchdog — avisa si un reproceso muere o se cuelga	schedule
2026-09-04T00:04:23Z	.github/workflows/sync-mirova-csv.yml	schedule
2026-09-03T23:45:24Z	Deploy GitHub Pages	workflow_run
2026-09-03T23:23:06Z	NRT Retry (NASA recovery)	schedule
2026-09-03T22:50:41Z	Deploy GitHub Pages	schedule
2026-09-03T22:17:38Z	NRT VRP Pipeline (both profiles)	schedule
2026-09-03T21:43:39Z	Reproc watchdog — avisa si un reproceso muere o se cuelga	schedule
2026-09-03T21:41:29Z	.github/workflows/sync-mirova-csv.yml	schedule
2026-09-03T21:14:19Z	NRT Monitor — alerta si fallan 3+ corridas	schedule
2026-09-03T20:42:08Z	Deploy GitHub Pages	workflow_run
2026-09-03T19:59:40Z	NRT Retry (NASA recovery)	schedule
2026-09-03T19:28:14Z	Deploy GitHub Pages	schedule
2026-09-03T19:06:04Z	NRT VRP Pipeline (both profiles)	schedule
2026-09-03T18:41:40Z	Reproc watchdog — avisa si un reproceso muere o se cuelga	schedule
2026-09-03T18:36:34Z	.github/workflows/sync-mirova-csv.yml	schedule
2026-09-03T17:05:21Z	NRT Retry (NASA recovery)	schedule
2026-09-03T16:42:12Z	Deploy GitHub Pages	schedule
2026-09-03T16:36:52Z	NRT Monitor — alerta si fallan 3+ corridas	schedule
2026-09-03T15:38:55Z	Deploy GitHub Pages	workflow_run
2026-09-03T15:24:29Z	NRT Healthcheck (Tier A staleness)	schedule
2026-09-03T15:02:10Z	Reproc watchdog — avisa si un reproceso muere o se cuelga	schedule
2026-09-03T15:00:41Z	.github/workflows/sync-mirova-csv.yml	schedule
2026-09-03T14:08:58Z	NRT VRP Pipeline (both profiles)	schedule
2026-09-03T12:10:55Z	NRT Retry (NASA recovery)	schedule
2026-09-03T11:44:56Z	Deploy GitHub Pages	schedule
2026-09-03T11:34:07Z	NRT Monitor — alerta si fallan 3+ corridas	schedule
2026-09-03T11:18:10Z	Reproc watchdog — avisa si un reproceso muere o se cuelga	schedule
2026-09-03T11:10:47Z	.github/workflows/sync-mirova-csv.yml	schedule
2026-09-03T10:09:37Z	Deploy GitHub Pages	workflow_run
2026-09-03T08:33:28Z	NRT VRP Pipeline (both profiles)	schedule
2026-09-03T06:03:58Z	NRT Retry (NASA recovery)	schedule
2026-09-03T05:50:30Z	Reproc watchdog — avisa si un reproceso muere o se cuelga	schedule
2026-09-03T05:45:47Z	.github/workflows/sync-mirova-csv.yml	schedule
2026-09-03T05:13:16Z	Deploy GitHub Pages	schedule
2026-09-03T04:53:02Z	NRT Monitor — alerta si fallan 3+ corridas	schedule
2026-09-03T04:16:03Z	Deploy GitHub Pages	workflow_run
2026-09-03T03:02:46Z	NRT VRP Pipeline (both profiles)	schedule
2026-09-03T01:17:43Z	NRT Retry (NASA recovery)	schedule
2026-09-03T01:07:42Z	Reproc watchdog — avisa si un reproceso muere o se cuelga	schedule
2026-09-03T00:45:05Z	Deploy GitHub Pages	schedule
2026-09-03T00:13:28Z	.github/workflows/sync-mirova-csv.yml	schedule
2026-09-02T23:45:37Z	Deploy GitHub Pages	workflow_run
2026-09-02T23:27:11Z	NRT Retry (NASA recovery)	schedule
2026-09-02T23:00:10Z	Tests	push
2026-09-02T22:54:32Z	Deploy GitHub Pages	push
2026-09-02T22:54:32Z	Tests	push
2026-09-02T22:52:04Z	Tests	pull_request
2026-09-02T22:40:14Z	Reproc watchdog — avisa si un reproceso muere o se cuelga	schedule
2026-09-02T22:22:43Z	NRT VRP Pipeline (both profiles)	schedule
2026-09-02T21:47:54Z	.github/workflows/sync-mirova-csv.yml	schedule
2026-09-02T21:21:33Z	Deploy GitHub Pages	schedule
2026-09-02T21:11:58Z	NRT Monitor — alerta si fallan 3+ corridas	schedule
2026-09-02T20:53:58Z	Tests	push
2026-09-02T20:50:42Z	Deploy GitHub Pages	push
2026-09-02T20:50:42Z	Tests	push
2026-09-02T20:48:26Z	Tests	pull_request
2026-09-02T20:45:04Z	Tests	pull_request
2026-09-02T20:44:24Z	Deploy GitHub Pages	workflow_run
2026-09-02T20:43:52Z	Tests	pull_request
2026-09-02T20:43:07Z	Tests	pull_request
2026-09-02T20:42:55Z	Tests	pull_request
2026-09-02T19:57:36Z	NRT Retry (NASA recovery)	schedule
2026-09-02T19:48:31Z	Reproc watchdog — avisa si un reproceso muere o se cuelga	schedule
2026-09-02T19:13:06Z	NRT VRP Pipeline (both profiles)	schedule
2026-09-02T18:40:13Z	.github/workflows/sync-mirova-csv.yml	schedule
2026-09-02T17:13:29Z	NRT Retry (NASA recovery)	schedule
2026-09-02T16:52:56Z	Deploy GitHub Pages	schedule
2026-09-02T16:47:03Z	NRT Monitor — alerta si fallan 3+ corridas	schedule
2026-09-02T16:36:47Z	Reproc watchdog — avisa si un reproceso muere o se cuelga	schedule
2026-09-02T15:33:34Z	Deploy GitHub Pages	workflow_run
2026-09-02T15:31:43Z	NRT Healthcheck (Tier A staleness)	schedule
2026-09-02T14:27:32Z	.github/workflows/sync-mirova-csv.yml	schedule
2026-09-02T14:05:34Z	NRT VRP Pipeline (both profiles)	schedule
2026-09-02T12:12:16Z	NRT Retry (NASA recovery)	schedule
2026-09-02T11:45:10Z	Deploy GitHub Pages	schedule
2026-09-02T11:35:40Z	NRT Monitor — alerta si fallan 3+ corridas	schedule
2026-09-02T11:21:50Z	Reproc watchdog — avisa si un reproceso muere o se cuelga	schedule
2026-09-02T09:44:57Z	Deploy GitHub Pages	workflow_run
2026-09-02T09:35:28Z	.github/workflows/sync-mirova-csv.yml	schedule
2026-09-02T08:24:05Z	NRT VRP Pipeline (both profiles)	schedule
2026-09-02T06:06:11Z	NRT Retry (NASA recovery)	schedule
2026-09-02T05:51:17Z	Reproc watchdog — avisa si un reproceso muere o se cuelga	schedule
2026-09-02T05:08:36Z	Deploy GitHub Pages	schedule
2026-09-02T04:55:54Z	NRT Monitor — alerta si fallan 3+ corridas	schedule
2026-09-02T04:39:21Z	.github/workflows/sync-mirova-csv.yml	schedule
2026-09-02T04:13:26Z	Deploy GitHub Pages	workflow_run
2026-09-02T03:01:13Z	NRT VRP Pipeline (both profiles)	schedule
2026-09-02T01:13:23Z	NRT Retry (NASA recovery)	schedule
2026-09-02T01:02:35Z	Reproc watchdog — avisa si un reproceso muere o se cuelga	schedule
2026-09-02T00:34:57Z	Deploy GitHub Pages	schedule
2026-09-02T00:11:27Z	.github/workflows/sync-mirova-csv.yml	schedule
2026-09-01T23:50:15Z	Deploy GitHub Pages	workflow_run
2026-09-01T23:26:47Z	NRT Retry (NASA recovery)	schedule
2026-09-01T22:37:17Z	Reproc watchdog — avisa si un reproceso muere o se cuelga	schedule
2026-09-01T22:23:12Z	NRT VRP Pipeline (both profiles)	schedule
2026-09-01T21:45:23Z	.github/workflows/sync-mirova-csv.yml	schedule
2026-09-01T21:25:32Z	Deploy GitHub Pages	schedule
2026-09-01T21:13:45Z	NRT Monitor — alerta si fallan 3+ corridas	schedule
2026-09-01T20:42:32Z	Deploy GitHub Pages	workflow_run
2026-09-01T20:00:15Z	NRT Retry (NASA recovery)	schedule
2026-09-01T19:56:27Z	Reproc watchdog — avisa si un reproceso muere o se cuelga	schedule
2026-09-01T19:12:30Z	NRT VRP Pipeline (both profiles)	schedule
2026-09-01T18:28:24Z	.github/workflows/sync-mirova-csv.yml	schedule
2026-09-01T17:21:44Z	NRT Retry (NASA recovery)	schedule
2026-09-01T16:58:32Z	Deploy GitHub Pages	schedule
2026-09-01T16:49:49Z	NRT Monitor — alerta si fallan 3+ corridas	schedule
2026-09-01T16:41:52Z	Reproc watchdog — avisa si un reproceso muere o se cuelga	schedule
2026-09-01T15:54:22Z	Deploy GitHub Pages	workflow_run
2026-09-01T15:41:48Z	NRT Healthcheck (Tier A staleness)	schedule
2026-09-01T14:51:40Z	.github/workflows/sync-mirova-csv.yml	schedule
2026-09-01T14:31:10Z	NRT VRP Pipeline (both profiles)	schedule
2026-09-01T12:38:47Z	NRT Retry (NASA recovery)	schedule
2026-09-01T12:06:26Z	Deploy GitHub Pages	schedule
2026-09-01T11:55:46Z	NRT Monitor — alerta si fallan 3+ corridas	schedule
2026-09-01T11:44:43Z	Reproc watchdog — avisa si un reproceso muere o se cuelga	schedule
2026-09-01T10:36:02Z	Deploy GitHub Pages	workflow_run
2026-09-01T10:04:06Z	.github/workflows/sync-mirova-csv.yml	schedule
2026-09-01T09:10:51Z	NRT VRP Pipeline (both profiles)	schedule
2026-09-01T08:49:43Z	Tests	push
2026-09-01T08:49:36Z	Tests	pull_request
2026-09-01T08:47:26Z	Tests	pull_request
2026-09-01T06:27:13Z	NRT Retry (NASA recovery)	schedule
2026-09-01T06:17:00Z	Reproc watchdog — avisa si un reproceso muere o se cuelga	schedule
2026-09-01T05:44:47Z	Deploy GitHub Pages	schedule
2026-09-01T05:29:55Z	NRT Monitor — alerta si fallan 3+ corridas	schedule
2026-09-01T05:04:31Z	.github/workflows/sync-mirova-csv.yml	schedule
2026-09-01T04:56:15Z	Deploy GitHub Pages	workflow_run
2026-09-01T03:42:47Z	NRT VRP Pipeline (both profiles)	schedule
2026-09-01T01:18:34Z	Reproc watchdog — avisa si un reproceso muere o se cuelga	schedule
2026-09-01T01:07:59Z	Tests	push
2026-09-01T01:06:05Z	Tests	pull_request
2026-09-01T01:03:41Z	Tests	push
2026-09-01T01:01:37Z	Tests	pull_request
2026-09-01T00:57:12Z	Deploy GitHub Pages	workflow_run
2026-09-01T00:54:21Z	A/B S130 — D18, la geometria del ROI1	workflow_dispatch
2026-09-01T00:54:13Z	Tests	push
2026-09-01T00:52:20Z	Tests	pull_request
2026-09-01T00:48:04Z	Tests	pull_request
2026-09-01T00:42:04Z	NRT Retry (NASA recovery)	schedule
2026-09-01T00:41:19Z	Tests	push
2026-09-01T00:39:34Z	Tests	pull_request
