2026-08-31T23:49:41Z	.github/workflows/sync-mirova-csv.yml	schedule
2026-08-31T23:37:11Z	NRT VRP Pipeline (both profiles)	schedule
2026-08-31T23:02:35Z	Deploy GitHub Pages	schedule
2026-08-31T22:58:29Z	NRT Monitor — alerta si fallan 3+ corridas	schedule
2026-08-31T21:29:01Z	Reproc watchdog — avisa si un reproceso muere o se cuelga	schedule
2026-08-31T20:56:15Z	Tests	push
2026-08-31T20:55:32Z	NRT Retry (NASA recovery)	schedule
2026-08-31T20:54:11Z	Tests	pull_request
2026-08-31T20:50:26Z	Tests	push
2026-08-31T20:45:59Z	Tests	pull_request
2026-08-31T20:42:52Z	Tests	push
2026-08-31T20:41:23Z	Tests	pull_request
2026-08-31T20:39:56Z	Tests	push
2026-08-31T20:35:51Z	Tests	pull_request
2026-08-31T20:34:56Z	Tests	push
2026-08-31T20:34:56Z	Deploy GitHub Pages	push
2026-08-31T20:30:21Z	Tests	pull_request
2026-08-31T20:24:59Z	Deploy GitHub Pages	push
2026-08-31T20:24:59Z	Tests	push
2026-08-31T20:16:08Z	Deploy GitHub Pages	workflow_run
2026-08-31T20:12:41Z	Tests	pull_request
2026-08-31T20:02:08Z	.github/workflows/sync-mirova-csv.yml	schedule
2026-08-31T19:57:53Z	Deploy GitHub Pages	push
2026-08-31T19:57:53Z	Tests	push
2026-08-31T19:54:59Z	Tests	pull_request
2026-08-31T19:36:28Z	Tests	push
2026-08-31T18:47:49Z	NRT VRP Pipeline (both profiles)	schedule
2026-08-31T18:21:41Z	NRT Healthcheck (Tier A staleness)	schedule
2026-08-31T17:43:11Z	Deploy GitHub Pages	schedule
2026-08-31T16:49:22Z	Auto-audit semanal paridad MIROVA	schedule
2026-08-31T16:11:42Z	Deploy GitHub Pages	push
2026-08-31T16:11:42Z	Tests	push
2026-08-31T16:10:41Z	Reproc watchdog — avisa si un reproceso muere o se cuelga	schedule
2026-08-31T16:08:24Z	A/B S129 — los dos fondos autorreferentes	workflow_dispatch
2026-08-31T15:14:29Z	NRT Retry (NASA recovery)	schedule
2026-08-31T14:18:06Z	NRT Monitor — alerta si fallan 3+ corridas	schedule
2026-08-31T13:44:53Z	.github/workflows/sync-mirova-csv.yml	schedule
2026-08-31T12:15:21Z	Tests	push
2026-08-31T12:13:59Z	Tests	push
2026-08-31T12:12:15Z	Tests	push
2026-08-31T12:10:18Z	Tests	push
2026-08-31T12:08:04Z	Tests	push
2026-08-31T12:06:54Z	Tests	push
2026-08-31T11:58:08Z	Tests	push
2026-08-31T11:54:07Z	Tests	push
2026-08-31T11:51:22Z	Deploy GitHub Pages	workflow_run
2026-08-31T11:32:04Z	Tests	push
2026-08-31T11:30:59Z	Tests	push
2026-08-31T10:33:53Z	NRT VRP Pipeline (both profiles)	schedule
2026-08-31T08:55:11Z	Deploy GitHub Pages	schedule
2026-08-31T07:51:07Z	A/B S129 — los dos fondos autorreferentes	workflow_dispatch
2026-08-31T07:51:03Z	Tests	push
2026-08-31T07:49:06Z	Tests	pull_request
2026-08-31T07:17:38Z	NRT Retry (NASA recovery)	schedule
2026-08-31T05:56:49Z	NRT Monitor — alerta si fallan 3+ corridas	schedule
2026-08-31T05:30:38Z	.github/workflows/sync-mirova-csv.yml	schedule
2026-08-31T04:57:07Z	Deploy GitHub Pages	workflow_run
2026-08-31T03:49:56Z	NRT VRP Pipeline (both profiles)	schedule
2026-08-31T01:26:44Z	A/B S129 — los dos fondos autorreferentes	workflow_dispatch
2026-08-31T01:26:32Z	Tests	push
2026-08-31T01:26:09Z	NRT Retry (NASA recovery)	schedule
2026-08-31T01:23:51Z	Tests	pull_request
2026-08-31T00:55:28Z	Deploy GitHub Pages	schedule
2026-08-31T00:37:53Z	Tests	push
2026-08-31T00:31:56Z	Tests	push
2026-08-31T00:27:46Z	Tests	push
2026-08-31T00:24:43Z	Tests	push
2026-08-30T23:44:44Z	Deploy GitHub Pages	workflow_run
2026-08-30T23:28:33Z	.github/workflows/sync-mirova-csv.yml	schedule
2026-08-30T22:24:23Z	NRT VRP Pipeline (both profiles)	schedule
2026-08-30T21:56:22Z	NRT Retry (NASA recovery)	schedule
2026-08-30T21:38:47Z	Deploy GitHub Pages	schedule
2026-08-30T21:23:50Z	NRT Monitor — alerta si fallan 3+ corridas	schedule
2026-08-30T21:02:47Z	.github/workflows/sync-mirova-csv.yml	schedule
2026-08-30T20:20:42Z	Deploy GitHub Pages	workflow_run
2026-08-30T19:34:00Z	Tests	push
2026-08-30T19:30:27Z	Tests	push
2026-08-30T19:24:00Z	Tests	push
2026-08-30T19:23:44Z	Tests	push
2026-08-30T19:23:27Z	Tests	push
2026-08-30T19:02:41Z	NRT VRP Pipeline (both profiles)	schedule
2026-08-30T19:00:30Z	Tests	push
2026-08-30T19:00:08Z	Tests	push
2026-08-30T18:58:01Z	Tests	push
2026-08-30T18:52:21Z	Tests	push
2026-08-30T18:48:02Z	Tests	push
2026-08-30T18:32:54Z	Tests	push
2026-08-30T17:39:15Z	NRT Retry (NASA recovery)	schedule
2026-08-30T17:27:34Z	.github/workflows/sync-mirova-csv.yml	schedule
2026-08-30T16:59:29Z	Deploy GitHub Pages	schedule
2026-08-30T16:55:02Z	NRT Monitor — alerta si fallan 3+ corridas	schedule
2026-08-30T16:02:46Z	Deploy GitHub Pages	workflow_run
2026-08-30T15:39:17Z	NRT Healthcheck (Tier A staleness)	schedule
2026-08-30T15:24:07Z	Tests	push
2026-08-30T15:21:54Z	Tests	pull_request
2026-08-30T14:40:46Z	NRT VRP Pipeline (both profiles)	schedule
2026-08-30T13:05:04Z	NRT Retry (NASA recovery)	schedule
2026-08-30T12:51:39Z	.github/workflows/sync-mirova-csv.yml	schedule
2026-08-30T12:18:20Z	Deploy GitHub Pages	schedule
2026-08-30T12:08:29Z	NRT Monitor — alerta si fallan 3+ corridas	schedule
2026-08-30T11:34:41Z	Tests	push
2026-08-30T11:32:46Z	Tests	pull_request
2026-08-30T11:21:08Z	Tests	push
2026-08-30T11:18:55Z	Tests	pull_request
2026-08-30T11:10:10Z	Tests	push
2026-08-30T11:07:30Z	Tests	pull_request
2026-08-30T11:03:33Z	Deploy GitHub Pages	workflow_run
2026-08-30T10:51:18Z	Tests	push
2026-08-30T10:49:31Z	Tests	pull_request
2026-08-30T10:40:06Z	Tests	push
2026-08-30T10:38:08Z	Tests	pull_request
2026-08-30T10:09:54Z	Tests	push
2026-08-30T10:08:28Z	Tests	pull_request
2026-08-30T10:06:40Z	Tests	push
2026-08-30T10:05:06Z	Tests	pull_request
2026-08-30T09:44:44Z	NRT VRP Pipeline (both profiles)	schedule
2026-08-30T09:21:38Z	Tests	push
2026-08-30T09:20:03Z	Tests	pull_request
2026-08-30T09:17:19Z	Tests	push
2026-08-30T09:12:04Z	Tests	pull_request
2026-08-30T08:59:28Z	Tests	push
2026-08-30T08:58:05Z	Tests	pull_request
2026-08-30T08:51:28Z	Tests	push
2026-08-30T08:49:44Z	Tests	pull_request
2026-08-30T08:35:37Z	Tests	push
2026-08-30T08:34:00Z	Tests	pull_request
2026-08-30T08:25:03Z	Tests	push
2026-08-30T08:23:35Z	Tests	pull_request
2026-08-30T08:19:57Z	Tests	push
2026-08-30T08:18:17Z	Tests	pull_request
2026-08-30T08:12:04Z	Tests	push
2026-08-30T08:10:19Z	Tests	pull_request
2026-08-30T08:06:19Z	Tests	push
2026-08-30T08:04:37Z	Tests	pull_request
2026-08-30T07:35:07Z	Reproc por trozos (generico, cualquier perfil A/B)	workflow_dispatch
2026-08-30T07:35:04Z	Reproc por trozos (generico, cualquier perfil A/B)	workflow_dispatch
2026-08-30T07:34:46Z	Deploy GitHub Pages	push
2026-08-30T07:34:46Z	Tests	push
2026-08-30T07:33:05Z	Tests	pull_request
2026-08-30T07:31:48Z	Tests	push
2026-08-30T07:30:17Z	Tests	pull_request
2026-08-30T06:59:03Z	NRT Retry (NASA recovery)	schedule
2026-08-30T06:37:21Z	.github/workflows/sync-mirova-csv.yml	schedule
2026-08-30T05:56:50Z	Deploy GitHub Pages	schedule
2026-08-30T05:40:48Z	NRT Monitor — alerta si fallan 3+ corridas	schedule
2026-08-30T04:59:17Z	Deploy GitHub Pages	workflow_run
2026-08-30T04:37:48Z	Tests	push
2026-08-30T04:37:48Z	Deploy GitHub Pages	push
2026-08-30T04:36:39Z	Tests	push
2026-08-30T04:35:41Z	Tests	pull_request
2026-08-30T03:47:38Z	NRT VRP Pipeline (both profiles)	schedule
2026-08-30T01:41:24Z	Reproc por trozos (generico, cualquier perfil A/B)	workflow_dispatch
2026-08-30T01:41:22Z	Reproc por trozos (generico, cualquier perfil A/B)	workflow_dispatch
2026-08-30T01:41:04Z	Tests	pull_request
2026-08-30T01:40:29Z	Tests	push
2026-08-30T01:24:55Z	NRT Retry (NASA recovery)	schedule
2026-08-30T01:19:10Z	Deploy GitHub Pages	workflow_run
2026-08-30T00:46:59Z	Deploy GitHub Pages	schedule
2026-08-30T00:18:08Z	.github/workflows/sync-mirova-csv.yml	schedule
2026-08-29T23:53:12Z	NRT VRP Pipeline (both profiles)	schedule
2026-08-29T21:51:05Z	NRT Retry (NASA recovery)	schedule
2026-08-29T21:42:45Z	.github/workflows/sync-mirova-csv.yml	schedule
2026-08-29T21:35:38Z	Deploy GitHub Pages	workflow_run
2026-08-29T21:19:39Z	Deploy GitHub Pages	schedule
2026-08-29T21:04:34Z	NRT Monitor — alerta si fallan 3+ corridas	schedule
2026-08-29T20:26:54Z	NRT VRP Pipeline (both profiles)	schedule
2026-08-29T18:43:37Z	NRT Retry (NASA recovery)	schedule
2026-08-29T18:26:30Z	.github/workflows/sync-mirova-csv.yml	schedule
2026-08-29T18:00:37Z	Tests	pull_request
2026-08-29T17:55:39Z	Deploy GitHub Pages	schedule
2026-08-29T17:38:48Z	Deploy GitHub Pages	workflow_run
2026-08-29T17:06:24Z	Tests	push
2026-08-29T17:06:20Z	Tests	push
2026-08-29T16:49:58Z	NRT Monitor — alerta si fallan 3+ corridas	schedule
2026-08-29T16:14:24Z	NRT VRP Pipeline (both profiles)	schedule
2026-08-29T15:55:14Z	Tests	pull_request
2026-08-29T15:55:11Z	Tests	pull_request
2026-08-29T15:53:34Z	NRT Healthcheck (Tier A staleness)	schedule
2026-08-29T15:49:40Z	Tests	push
2026-08-29T15:49:40Z	Deploy GitHub Pages	push
2026-08-29T15:34:45Z	Tests	pull_request
2026-08-29T15:17:32Z	Tests	pull_request
2026-08-29T15:16:19Z	Tests	pull_request
2026-08-29T15:10:59Z	Tests	pull_request
2026-08-29T15:02:25Z	Tests	pull_request
2026-08-29T14:58:34Z	Tests	pull_request
2026-08-29T14:36:21Z	NRT Retry (NASA recovery)	schedule
2026-08-29T14:30:04Z	Reproc por trozos (generico, cualquier perfil A/B)	workflow_dispatch
2026-08-29T14:30:02Z	Reproc por trozos (generico, cualquier perfil A/B)	workflow_dispatch
2026-08-29T14:29:50Z	Tests	push
2026-08-29T14:27:49Z	Tests	pull_request
2026-08-29T14:26:56Z	.github/workflows/sync-mirova-csv.yml	schedule
2026-08-29T14:26:12Z	Tests	push
2026-08-29T14:25:56Z	Tests	pull_request
2026-08-29T14:20:39Z	Tests	push
2026-08-29T14:20:09Z	Tests	pull_request
2026-08-29T14:18:54Z	Tests	pull_request
2026-08-29T14:14:49Z	Reproc por trozos (generico, cualquier perfil A/B)	workflow_dispatch
2026-08-29T14:14:47Z	Reproc por trozos (generico, cualquier perfil A/B)	workflow_dispatch
2026-08-29T14:01:24Z	Deploy GitHub Pages	schedule
2026-08-29T12:07:41Z	Deploy GitHub Pages	workflow_run
2026-08-29T10:48:52Z	NRT VRP Pipeline (both profiles)	schedule
2026-08-29T09:03:53Z	.github/workflows/sync-mirova-csv.yml	schedule
2026-08-29T08:01:23Z	NRT Retry (NASA recovery)	schedule
2026-08-29T07:28:12Z	Deploy GitHub Pages	schedule
2026-08-29T07:16:53Z	NRT Monitor — alerta si fallan 3+ corridas	schedule
2026-08-29T04:01:03Z	Deploy GitHub Pages	workflow_run
2026-08-29T02:42:48Z	NRT VRP Pipeline (both profiles)	schedule
2026-08-29T02:09:43Z	.github/workflows/sync-mirova-csv.yml	schedule
2026-08-29T01:03:55Z	NRT Retry (NASA recovery)	schedule
2026-08-28T23:42:50Z	Deploy GitHub Pages	schedule
2026-08-28T23:28:16Z	Tests	push
2026-08-28T23:26:14Z	Tests	pull_request
2026-08-28T23:00:59Z	Tests	push
2026-08-28T23:00:47Z	Tests	pull_request
2026-08-28T22:56:46Z	Tests	pull_request
2026-08-28T22:55:26Z	Tests	pull_request
2026-08-28T22:38:22Z	Tests	push
2026-08-28T22:32:38Z	NRT Monitor — alerta si fallan 3+ corridas	schedule
2026-08-28T21:34:11Z	NRT Healthcheck (Tier A staleness)	schedule
2026-08-28T20:40:30Z	Reproc por trozos (generico, cualquier perfil A/B)	workflow_dispatch
2026-08-28T20:40:28Z	Reproc por trozos (generico, cualquier perfil A/B)	workflow_dispatch
2026-08-28T20:40:26Z	Reproc por trozos (generico, cualquier perfil A/B)	workflow_dispatch
2026-08-28T20:40:19Z	Deploy GitHub Pages	push
2026-08-28T20:40:18Z	Tests	push
2026-08-28T20:37:56Z	Tests	pull_request
2026-08-28T20:34:11Z	Tests	pull_request
2026-08-28T20:10:10Z	Tests	pull_request
2026-08-28T19:50:36Z	Deploy GitHub Pages	workflow_run
2026-08-28T18:39:08Z	.github/workflows/sync-mirova-csv.yml	schedule
2026-08-28T18:13:19Z	NRT VRP Pipeline (both profiles)	schedule
2026-08-28T17:48:35Z	Reproc por trozos (generico, cualquier perfil A/B)	workflow_dispatch
2026-08-28T17:48:33Z	Reproc por trozos (generico, cualquier perfil A/B)	workflow_dispatch
2026-08-28T17:17:40Z	Tests	pull_request
2026-08-28T15:40:40Z	Tests	pull_request
2026-08-28T15:32:39Z	NRT Retry (NASA recovery)	schedule
2026-08-28T15:13:25Z	Tests	pull_request
2026-08-28T14:55:47Z	Tests	pull_request
2026-08-28T14:36:16Z	Deploy GitHub Pages	schedule
2026-08-28T14:22:42Z	S120 backfill histórico Tier A (por olas)	workflow_dispatch
2026-08-28T14:22:33Z	Tests	push
2026-08-28T14:20:37Z	Tests	pull_request
2026-08-28T13:45:22Z	Reproc por trozos (generico, cualquier perfil A/B)	workflow_dispatch
2026-08-28T13:45:20Z	Reproc por trozos (generico, cualquier perfil A/B)	workflow_dispatch
2026-08-28T13:45:10Z	Tests	push
2026-08-28T13:43:20Z	Tests	pull_request
2026-08-28T13:40:16Z	Tests	pull_request
2026-08-28T12:37:03Z	Tests	push
2026-08-28T12:29:31Z	Tests	push
2026-08-28T12:28:57Z	Tests	push
2026-08-28T12:25:30Z	Tests	push
2026-08-28T12:22:24Z	Tests	push
2026-08-28T12:07:06Z	Tests	push
2026-08-28T11:56:03Z	Tests	push
2026-08-28T11:49:33Z	Tests	push
2026-08-28T11:40:30Z	NRT Monitor — alerta si fallan 3+ corridas	schedule
2026-08-28T11:37:03Z	Tests	push
2026-08-28T11:36:21Z	Tests	push
2026-08-28T08:17:48Z	Tests	push
2026-08-28T07:10:31Z	Reproc por trozos (generico, cualquier perfil A/B)	workflow_dispatch
2026-08-28T05:21:59Z	.github/workflows/sync-mirova-csv.yml	schedule
2026-08-28T05:14:07Z	Deploy GitHub Pages	workflow_run
2026-08-28T05:02:43Z	Reproc por trozos (generico, cualquier perfil A/B)	workflow_dispatch
2026-08-28T05:02:17Z	Tests	push
2026-08-28T05:01:53Z	Tests	push
2026-08-28T04:54:41Z	Tests	push
2026-08-28T04:02:24Z	NRT VRP Pipeline (both profiles)	schedule
2026-08-28T01:35:03Z	NRT Retry (NASA recovery)	schedule
2026-08-28T01:10:32Z	Deploy GitHub Pages	schedule
2026-08-27T22:29:43Z	Tests	push
2026-08-27T22:29:42Z	NRT Monitor — alerta si fallan 3+ corridas	schedule
2026-08-27T21:23:59Z	NRT Healthcheck (Tier A staleness)	schedule
2026-08-27T21:15:18Z	Reproc por trozos (generico, cualquier perfil A/B)	workflow_dispatch
2026-08-27T21:14:55Z	Tests	push
2026-08-27T20:49:10Z	Tests	push
2026-08-27T20:30:46Z	Tests	push
2026-08-27T20:28:36Z	.github/workflows/sync-mirova-csv.yml	schedule
2026-08-27T20:28:26Z	Reproc por trozos (generico, cualquier perfil A/B)	workflow_dispatch
2026-08-27T20:28:14Z	Tests	push
2026-08-27T20:16:26Z	Tests	push
2026-08-27T20:15:40Z	Tests	push
2026-08-27T20:11:05Z	Deploy GitHub Pages	workflow_run
2026-08-27T20:09:16Z	Tests	push
2026-08-27T19:56:18Z	Tests	push
2026-08-27T19:50:50Z	Tests	push
2026-08-27T19:41:29Z	Tests	push
2026-08-27T19:33:51Z	Tests	push
2026-08-27T19:33:07Z	Tests	push
2026-08-27T19:30:49Z	Reproc por trozos (generico, cualquier perfil A/B)	workflow_dispatch
2026-08-27T19:25:40Z	Tests	push
2026-08-27T19:06:35Z	Tests	push
2026-08-27T19:03:14Z	Reproc por trozos (generico, cualquier perfil A/B)	workflow_dispatch
2026-08-27T19:03:00Z	Reproc por trozos (generico, cualquier perfil A/B)	workflow_dispatch
2026-08-27T19:02:38Z	Tests	push
2026-08-27T18:57:24Z	Tests	pull_request
2026-08-27T18:51:05Z	NRT VRP Pipeline (both profiles)	schedule
2026-08-27T18:27:05Z	Tests	pull_request
2026-08-27T18:18:52Z	Tests	push
2026-08-27T18:16:11Z	Tests	pull_request
2026-08-27T18:07:52Z	Tests	pull_request
2026-08-27T18:05:24Z	Tests	push
2026-08-27T18:05:18Z	Tests	push
2026-08-27T17:07:33Z	Tests	pull_request
2026-08-27T17:03:36Z	Tests	pull_request
2026-08-27T16:55:00Z	Tests	pull_request
2026-08-27T16:37:08Z	NRT Retry (NASA recovery)	schedule
2026-08-27T15:54:52Z	Deploy GitHub Pages	schedule
2026-08-27T10:09:16Z	NRT Monitor — alerta si fallan 3+ corridas	schedule
2026-08-27T09:44:13Z	.github/workflows/sync-mirova-csv.yml	schedule
2026-08-27T08:49:01Z	Deploy GitHub Pages	workflow_run
2026-08-27T07:26:28Z	NRT VRP Pipeline (both profiles)	schedule
2026-08-27T04:36:08Z	NRT Retry (NASA recovery)	schedule
2026-08-27T04:05:23Z	Deploy GitHub Pages	schedule
2026-08-27T00:01:49Z	Deploy GitHub Pages	workflow_run
2026-08-26T23:30:12Z	.github/workflows/sync-mirova-csv.yml	schedule
2026-08-26T22:43:37Z	NRT VRP Pipeline (both profiles)	schedule
2026-08-26T22:22:11Z	NRT Retry (NASA recovery)	schedule
2026-08-26T21:24:41Z	Tests	push
2026-08-26T21:22:55Z	Tests	push
2026-08-26T21:20:47Z	Tests	pull_request
2026-08-26T21:17:43Z	Deploy GitHub Pages	schedule
2026-08-26T20:57:51Z	Deploy GitHub Pages	workflow_run
2026-08-26T20:38:34Z	NRT Monitor — alerta si fallan 3+ corridas	schedule
2026-08-26T20:34:26Z	Tests	pull_request
2026-08-26T20:28:09Z	Tests	push
2026-08-26T20:25:09Z	Tests	pull_request
2026-08-26T19:46:35Z	Reproc por trozos (generico, cualquier perfil A/B)	workflow_dispatch
2026-08-26T19:46:35Z	Tests	push
2026-08-26T19:45:46Z	NRT VRP Pipeline (both profiles)	schedule
2026-08-26T19:44:41Z	Tests	pull_request
2026-08-26T19:40:59Z	Reproc por trozos (generico, cualquier perfil A/B)	workflow_dispatch
2026-08-26T19:40:44Z	Tests	push
2026-08-26T19:38:44Z	Tests	pull_request
2026-08-26T19:36:14Z	Tests	push
2026-08-26T19:33:34Z	Tests	pull_request
2026-08-26T19:21:32Z	NRT Retry (NASA recovery)	schedule
2026-08-26T19:17:56Z	.github/workflows/sync-mirova-csv.yml	schedule
2026-08-26T19:16:40Z	Deploy GitHub Pages	push
2026-08-26T19:16:40Z	Tests	push
2026-08-26T19:14:06Z	Tests	pull_request
2026-08-26T18:28:03Z	Deploy GitHub Pages	schedule
2026-08-26T18:10:05Z	Deploy GitHub Pages	workflow_run
2026-08-26T16:57:48Z	.github/workflows/sync-mirova-csv.yml	schedule
2026-08-26T16:52:02Z	Deploy GitHub Pages	push
2026-08-26T16:52:02Z	Tests	push
2026-08-26T16:46:38Z	NRT VRP Pipeline (both profiles)	schedule
2026-08-26T16:35:13Z	NRT Retry (NASA recovery)	schedule
2026-08-26T16:23:56Z	Deploy GitHub Pages	workflow_run
2026-08-26T16:13:27Z	Tests	push
2026-08-26T16:05:54Z	Deploy GitHub Pages	schedule
2026-08-26T15:50:44Z	.github/workflows/sync-mirova-csv.yml	schedule
2026-08-26T14:41:54Z	NRT VRP Pipeline (both profiles)	schedule
2026-08-26T14:27:17Z	Tests	push
2026-08-26T14:09:20Z	NRT Retry (NASA recovery)	schedule
2026-08-26T14:05:20Z	Deploy GitHub Pages	workflow_run
2026-08-26T13:41:47Z	Deploy GitHub Pages	schedule
2026-08-26T13:34:35Z	NRT Monitor — alerta si fallan 3+ corridas	schedule
2026-08-26T13:17:07Z	Tests	push
2026-08-26T13:14:49Z	.github/workflows/sync-mirova-csv.yml	schedule
2026-08-26T13:14:05Z	Tests	pull_request
2026-08-26T12:48:38Z	NRT VRP Pipeline (both profiles)	schedule
2026-08-26T12:35:25Z	Tests	push
2026-08-26T12:26:36Z	NRT Healthcheck (Tier A staleness)	schedule
2026-08-26T11:53:55Z	NRT Retry (NASA recovery)	schedule
2026-08-26T11:50:14Z	S124 A/B Villarrica operacional (issue 513)	workflow_dispatch
2026-08-26T11:50:14Z	Tests	push
2026-08-26T11:49:55Z	Deploy GitHub Pages	workflow_run
2026-08-26T11:45:49Z	Tests	push
2026-08-26T11:42:41Z	.github/workflows/sync-mirova-csv.yml	schedule
2026-08-26T11:33:10Z	Tests	push
2026-08-26T11:15:17Z	Deploy GitHub Pages	schedule
2026-08-26T10:50:07Z	.github/workflows/sync-mirova-csv.yml	schedule
2026-08-26T10:33:15Z	NRT VRP Pipeline (both profiles)	schedule
2026-08-26T10:03:53Z	NRT Retry (NASA recovery)	schedule
2026-08-26T10:01:59Z	Deploy GitHub Pages	workflow_run
2026-08-26T09:55:41Z	.github/workflows/sync-mirova-csv.yml	schedule
2026-08-26T09:26:00Z	Deploy GitHub Pages	schedule
2026-08-26T09:00:26Z	.github/workflows/sync-mirova-csv.yml	schedule
2026-08-26T08:40:30Z	NRT VRP Pipeline (both profiles)	schedule
2026-08-26T08:05:51Z	NRT Retry (NASA recovery)	schedule
2026-08-26T08:05:15Z	Deploy GitHub Pages	workflow_run
2026-08-26T07:57:17Z	.github/workflows/sync-mirova-csv.yml	schedule
2026-08-26T07:33:50Z	Deploy GitHub Pages	schedule
2026-08-26T07:25:43Z	NRT Monitor — alerta si fallan 3+ corridas	schedule
2026-08-26T07:06:42Z	.github/workflows/sync-mirova-csv.yml	schedule
2026-08-26T06:45:44Z	NRT VRP Pipeline (both profiles)	schedule
2026-08-26T05:57:53Z	NRT Retry (NASA recovery)	schedule
2026-08-26T05:48:34Z	.github/workflows/sync-mirova-csv.yml	schedule
2026-08-26T05:45:34Z	Deploy GitHub Pages	workflow_run
2026-08-26T05:18:49Z	Deploy GitHub Pages	schedule
2026-08-26T04:53:55Z	.github/workflows/sync-mirova-csv.yml	schedule
2026-08-26T04:37:21Z	NRT VRP Pipeline (both profiles)	schedule
2026-08-26T04:17:24Z	Deploy GitHub Pages	workflow_run
2026-08-26T04:08:19Z	NRT Retry (NASA recovery)	schedule
2026-08-26T03:40:30Z	Deploy GitHub Pages	schedule
2026-08-26T03:32:27Z	S124 A/B Villarrica operacional (issue 513)	workflow_dispatch
2026-08-26T03:31:54Z	Tests	push
2026-08-26T03:29:10Z	Tests	pull_request
2026-08-26T03:16:33Z	.github/workflows/sync-mirova-csv.yml	schedule
2026-08-26T03:02:46Z	NRT VRP Pipeline (both profiles)	schedule
2026-08-26T02:43:44Z	NRT Retry (NASA recovery)	schedule
2026-08-26T02:21:49Z	Deploy GitHub Pages	workflow_run
2026-08-26T02:14:46Z	Deploy GitHub Pages	schedule
2026-08-26T02:09:01Z	NRT Monitor — alerta si fallan 3+ corridas	schedule
2026-08-26T01:56:29Z	.github/workflows/sync-mirova-csv.yml	schedule
2026-08-26T01:12:45Z	NRT VRP Pipeline (both profiles)	schedule
2026-08-25T23:48:55Z	Deploy GitHub Pages	workflow_run
2026-08-25T23:46:33Z	NRT Retry (NASA recovery)	schedule
2026-08-25T23:35:42Z	.github/workflows/sync-mirova-csv.yml	schedule
2026-08-25T23:11:46Z	Deploy GitHub Pages	schedule
2026-08-25T22:43:12Z	.github/workflows/sync-mirova-csv.yml	schedule
2026-08-25T22:24:44Z	NRT VRP Pipeline (both profiles)	schedule
2026-08-25T21:50:57Z	NRT Retry (NASA recovery)	schedule
2026-08-25T21:45:09Z	Deploy GitHub Pages	workflow_run
2026-08-25T21:42:15Z	.github/workflows/sync-mirova-csv.yml	schedule
2026-08-25T21:12:23Z	Deploy GitHub Pages	schedule
2026-08-25T20:43:58Z	.github/workflows/sync-mirova-csv.yml	schedule
2026-08-25T20:26:25Z	NRT VRP Pipeline (both profiles)	schedule
2026-08-25T19:57:19Z	Tests	push
2026-08-25T19:55:35Z	Tests	pull_request
2026-08-25T19:54:09Z	Deploy GitHub Pages	workflow_run
2026-08-25T19:53:38Z	NRT Retry (NASA recovery)	schedule
2026-08-25T19:44:24Z	.github/workflows/sync-mirova-csv.yml	schedule
2026-08-25T19:18:50Z	Deploy GitHub Pages	schedule
2026-08-25T19:08:51Z	NRT Monitor — alerta si fallan 3+ corridas	schedule
2026-08-25T18:55:03Z	.github/workflows/sync-mirova-csv.yml	schedule
2026-08-25T18:52:46Z	Tests	push
2026-08-25T18:41:59Z	S124 reproc foco Nicanor (NdC)	workflow_dispatch
2026-08-25T18:41:56Z	S124 A/B Villarrica operacional (issue 513)	workflow_dispatch
2026-08-25T18:41:48Z	Tests	push
2026-08-25T18:36:49Z	NRT VRP Pipeline (both profiles)	schedule
2026-08-25T18:03:42Z	Deploy GitHub Pages	workflow_run
2026-08-25T17:53:24Z	NRT Retry (NASA recovery)	schedule
2026-08-25T17:44:17Z	.github/workflows/sync-mirova-csv.yml	schedule
2026-08-25T17:18:24Z	Deploy GitHub Pages	schedule
2026-08-25T17:15:26Z	Tests	push
2026-08-25T17:15:26Z	Deploy GitHub Pages	push
2026-08-25T17:12:52Z	Tests	pull_request
2026-08-25T17:08:47Z	Tests	pull_request
2026-08-25T16:53:15Z	.github/workflows/sync-mirova-csv.yml	schedule
2026-08-25T16:34:52Z	NRT VRP Pipeline (both profiles)	schedule
2026-08-25T16:25:33Z	S124 reproc foco Nicanor (NdC)	workflow_dispatch
2026-08-25T16:18:24Z	Deploy GitHub Pages	push
2026-08-25T16:06:10Z	NRT Retry (NASA recovery)	schedule
2026-08-25T15:59:32Z	Deploy GitHub Pages	workflow_run
2026-08-25T15:57:58Z	.github/workflows/sync-mirova-csv.yml	schedule
2026-08-25T15:28:36Z	Deploy GitHub Pages	schedule
2026-08-25T15:02:37Z	.github/workflows/sync-mirova-csv.yml	schedule
2026-08-25T14:42:27Z	NRT VRP Pipeline (both profiles)	schedule
2026-08-25T14:11:24Z	NRT Retry (NASA recovery)	schedule
2026-08-25T14:03:55Z	.github/workflows/sync-mirova-csv.yml	schedule
2026-08-25T13:59:48Z	Deploy GitHub Pages	workflow_run
2026-08-25T13:36:56Z	Deploy GitHub Pages	schedule
2026-08-25T13:28:48Z	NRT Monitor — alerta si fallan 3+ corridas	schedule
2026-08-25T13:09:33Z	.github/workflows/sync-mirova-csv.yml	schedule
2026-08-25T12:43:03Z	NRT VRP Pipeline (both profiles)	schedule
2026-08-25T12:24:17Z	NRT Healthcheck (Tier A staleness)	schedule
2026-08-25T11:52:36Z	NRT Retry (NASA recovery)	schedule
2026-08-25T11:41:31Z	.github/workflows/sync-mirova-csv.yml	schedule
2026-08-25T11:37:21Z	Deploy GitHub Pages	workflow_run
2026-08-25T11:12:40Z	Deploy GitHub Pages	schedule
2026-08-25T10:48:03Z	.github/workflows/sync-mirova-csv.yml	schedule
2026-08-25T10:30:33Z	NRT VRP Pipeline (both profiles)	schedule
2026-08-25T09:58:54Z	NRT Retry (NASA recovery)	schedule
2026-08-25T09:58:01Z	Deploy GitHub Pages	workflow_run
2026-08-25T09:49:32Z	.github/workflows/sync-mirova-csv.yml	schedule
2026-08-25T09:20:53Z	Deploy GitHub Pages	schedule
2026-08-25T08:58:25Z	.github/workflows/sync-mirova-csv.yml	schedule
2026-08-25T08:39:29Z	NRT VRP Pipeline (both profiles)	schedule
2026-08-25T08:05:35Z	NRT Retry (NASA recovery)	schedule
2026-08-25T07:56:16Z	.github/workflows/sync-mirova-csv.yml	schedule
2026-08-25T07:53:08Z	Deploy GitHub Pages	workflow_run
2026-08-25T07:32:03Z	Deploy GitHub Pages	schedule
2026-08-25T07:25:23Z	NRT Monitor — alerta si fallan 3+ corridas	schedule
2026-08-25T07:06:30Z	.github/workflows/sync-mirova-csv.yml	schedule
2026-08-25T06:42:46Z	NRT VRP Pipeline (both profiles)	schedule
2026-08-25T05:56:09Z	NRT Retry (NASA recovery)	schedule
2026-08-25T05:45:54Z	.github/workflows/sync-mirova-csv.yml	schedule
2026-08-25T05:42:51Z	Deploy GitHub Pages	workflow_run
2026-08-25T05:19:24Z	Deploy GitHub Pages	schedule
2026-08-25T04:51:57Z	.github/workflows/sync-mirova-csv.yml	schedule
2026-08-25T04:36:35Z	NRT VRP Pipeline (both profiles)	schedule
2026-08-25T04:06:47Z	NRT Retry (NASA recovery)	schedule
2026-08-25T04:01:55Z	Deploy GitHub Pages	workflow_run
2026-08-25T04:01:24Z	.github/workflows/sync-mirova-csv.yml	schedule
2026-08-25T03:35:15Z	Deploy GitHub Pages	schedule
2026-08-25T03:11:17Z	.github/workflows/sync-mirova-csv.yml	schedule
2026-08-25T02:56:46Z	NRT VRP Pipeline (both profiles)	schedule
2026-08-25T02:35:37Z	NRT Retry (NASA recovery)	schedule
2026-08-25T02:21:08Z	Deploy GitHub Pages	workflow_run
2026-08-25T02:09:03Z	Deploy GitHub Pages	schedule
2026-08-25T02:02:55Z	NRT Monitor — alerta si fallan 3+ corridas	schedule
2026-08-25T01:50:23Z	.github/workflows/sync-mirova-csv.yml	schedule
2026-08-25T01:10:20Z	NRT VRP Pipeline (both profiles)	schedule
2026-08-24T23:44:12Z	NRT Retry (NASA recovery)	schedule
2026-08-24T23:38:51Z	Deploy GitHub Pages	workflow_run
2026-08-24T23:33:11Z	.github/workflows/sync-mirova-csv.yml	schedule
2026-08-24T23:10:00Z	Deploy GitHub Pages	schedule
2026-08-24T22:42:14Z	.github/workflows/sync-mirova-csv.yml	schedule
2026-08-24T22:23:46Z	NRT VRP Pipeline (both profiles)	schedule
2026-08-24T21:54:13Z	Deploy GitHub Pages	workflow_run
2026-08-24T21:52:17Z	NRT Retry (NASA recovery)	schedule
2026-08-24T21:42:20Z	.github/workflows/sync-mirova-csv.yml	schedule
2026-08-24T21:14:07Z	Deploy GitHub Pages	schedule
2026-08-24T20:46:31Z	.github/workflows/sync-mirova-csv.yml	schedule
2026-08-24T20:28:01Z	NRT VRP Pipeline (both profiles)	schedule
2026-08-24T19:52:26Z	NRT Retry (NASA recovery)	schedule
2026-08-24T19:52:08Z	Deploy GitHub Pages	workflow_run
2026-08-24T19:43:11Z	.github/workflows/sync-mirova-csv.yml	schedule
2026-08-24T19:18:09Z	Deploy GitHub Pages	schedule
2026-08-24T19:09:43Z	NRT Monitor — alerta si fallan 3+ corridas	schedule
2026-08-24T18:57:22Z	.github/workflows/sync-mirova-csv.yml	schedule
2026-08-24T18:37:04Z	NRT VRP Pipeline (both profiles)	schedule
2026-08-24T17:55:54Z	NRT Retry (NASA recovery)	schedule
2026-08-24T17:55:17Z	Deploy GitHub Pages	workflow_run
2026-08-24T17:45:15Z	.github/workflows/sync-mirova-csv.yml	schedule
2026-08-24T17:18:15Z	Deploy GitHub Pages	schedule
2026-08-24T16:53:19Z	.github/workflows/sync-mirova-csv.yml	schedule
2026-08-24T16:34:51Z	NRT VRP Pipeline (both profiles)	schedule
2026-08-24T16:02:40Z	NRT Retry (NASA recovery)	schedule
2026-08-24T16:02:06Z	Deploy GitHub Pages	workflow_run
2026-08-24T15:54:10Z	.github/workflows/sync-mirova-csv.yml	schedule
2026-08-24T15:24:23Z	Deploy GitHub Pages	schedule
2026-08-24T14:58:20Z	.github/workflows/sync-mirova-csv.yml	schedule
2026-08-24T14:39:24Z	NRT VRP Pipeline (both profiles)	schedule
2026-08-24T14:08:43Z	NRT Retry (NASA recovery)	schedule
2026-08-24T14:03:39Z	.github/workflows/sync-mirova-csv.yml	schedule
2026-08-24T13:57:46Z	Deploy GitHub Pages	workflow_run
2026-08-24T13:38:56Z	Deploy GitHub Pages	schedule
2026-08-24T13:30:38Z	NRT Monitor — alerta si fallan 3+ corridas	schedule
2026-08-24T13:11:16Z	.github/workflows/sync-mirova-csv.yml	schedule
2026-08-24T12:46:22Z	NRT VRP Pipeline (both profiles)	schedule
2026-08-24T12:23:48Z	NRT Healthcheck (Tier A staleness)	schedule
2026-08-24T11:51:34Z	NRT Retry (NASA recovery)	schedule
2026-08-24T11:47:59Z	Deploy GitHub Pages	workflow_run
2026-08-24T11:42:25Z	.github/workflows/sync-mirova-csv.yml	schedule
2026-08-24T11:14:13Z	Deploy GitHub Pages	schedule
2026-08-24T10:51:51Z	.github/workflows/sync-mirova-csv.yml	schedule
2026-08-24T10:35:08Z	NRT VRP Pipeline (both profiles)	schedule
2026-08-24T10:08:50Z	NRT Retry (NASA recovery)	schedule
2026-08-24T10:01:49Z	.github/workflows/sync-mirova-csv.yml	schedule
2026-08-24T09:59:21Z	Deploy GitHub Pages	workflow_run
2026-08-24T09:49:58Z	Auto-audit semanal paridad MIROVA	schedule
2026-08-24T09:31:21Z	Deploy GitHub Pages	schedule
2026-08-24T09:02:27Z	.github/workflows/sync-mirova-csv.yml	schedule
2026-08-24T08:45:21Z	NRT VRP Pipeline (both profiles)	schedule
2026-08-24T08:12:18Z	Deploy GitHub Pages	workflow_run
2026-08-24T08:09:45Z	NRT Retry (NASA recovery)	schedule
2026-08-24T07:45:03Z	Deploy GitHub Pages	schedule
2026-08-24T07:37:51Z	NRT Monitor — alerta si fallan 3+ corridas	schedule
2026-08-24T07:18:22Z	.github/workflows/sync-mirova-csv.yml	schedule
2026-08-24T06:55:06Z	NRT VRP Pipeline (both profiles)	schedule
2026-08-24T06:01:07Z	NRT Retry (NASA recovery)	schedule
2026-08-24T05:53:02Z	Deploy GitHub Pages	workflow_run
2026-08-24T05:52:00Z	.github/workflows/sync-mirova-csv.yml	schedule
2026-08-24T05:25:48Z	Deploy GitHub Pages	schedule
2026-08-24T04:59:13Z	.github/workflows/sync-mirova-csv.yml	schedule
2026-08-24T04:41:54Z	NRT VRP Pipeline (both profiles)	schedule
2026-08-24T04:12:12Z	NRT Retry (NASA recovery)	schedule
2026-08-24T04:04:49Z	Deploy GitHub Pages	workflow_run
2026-08-24T03:39:50Z	Deploy GitHub Pages	schedule
2026-08-24T03:15:11Z	.github/workflows/sync-mirova-csv.yml	schedule
2026-08-24T03:01:23Z	NRT VRP Pipeline (both profiles)	schedule
2026-08-24T02:42:03Z	NRT Retry (NASA recovery)	schedule
2026-08-24T02:14:44Z	Deploy GitHub Pages	workflow_run
2026-08-24T02:12:56Z	Deploy GitHub Pages	schedule
2026-08-24T02:07:41Z	NRT Monitor — alerta si fallan 3+ corridas	schedule
2026-08-24T01:55:42Z	.github/workflows/sync-mirova-csv.yml	schedule
2026-08-24T01:11:55Z	NRT VRP Pipeline (both profiles)	schedule
2026-08-23T23:42:57Z	NRT Retry (NASA recovery)	schedule
2026-08-23T23:34:07Z	.github/workflows/sync-mirova-csv.yml	schedule
2026-08-23T23:28:51Z	Deploy GitHub Pages	workflow_run
2026-08-23T23:02:11Z	Deploy GitHub Pages	schedule
2026-08-23T22:36:02Z	.github/workflows/sync-mirova-csv.yml	schedule
2026-08-23T22:19:08Z	NRT VRP Pipeline (both profiles)	schedule
2026-08-23T21:43:24Z	NRT Retry (NASA recovery)	schedule
2026-08-23T21:34:27Z	.github/workflows/sync-mirova-csv.yml	schedule
2026-08-23T21:29:34Z	Deploy GitHub Pages	workflow_run
2026-08-23T21:04:46Z	Deploy GitHub Pages	schedule
2026-08-23T20:37:03Z	.github/workflows/sync-mirova-csv.yml	schedule
2026-08-23T20:20:06Z	NRT VRP Pipeline (both profiles)	schedule
2026-08-23T19:43:18Z	NRT Retry (NASA recovery)	schedule
2026-08-23T19:38:17Z	Deploy GitHub Pages	workflow_run
2026-08-23T19:32:35Z	.github/workflows/sync-mirova-csv.yml	schedule
2026-08-23T19:10:42Z	Deploy GitHub Pages	schedule
2026-08-23T18:57:38Z	NRT Monitor — alerta si fallan 3+ corridas	schedule
2026-08-23T18:46:32Z	.github/workflows/sync-mirova-csv.yml	schedule
2026-08-23T18:26:34Z	NRT VRP Pipeline (both profiles)	schedule
2026-08-23T17:42:42Z	NRT Retry (NASA recovery)	schedule
2026-08-23T17:32:52Z	Deploy GitHub Pages	workflow_run
2026-08-23T17:32:46Z	.github/workflows/sync-mirova-csv.yml	schedule
2026-08-23T17:08:54Z	Deploy GitHub Pages	schedule
2026-08-23T16:41:53Z	.github/workflows/sync-mirova-csv.yml	schedule
2026-08-23T16:22:25Z	NRT VRP Pipeline (both profiles)	schedule
2026-08-23T15:44:42Z	NRT Retry (NASA recovery)	schedule
2026-08-23T15:34:46Z	.github/workflows/sync-mirova-csv.yml	schedule
2026-08-23T15:31:31Z	Deploy GitHub Pages	workflow_run
2026-08-23T15:07:15Z	Deploy GitHub Pages	schedule
2026-08-23T14:37:01Z	.github/workflows/sync-mirova-csv.yml	schedule
2026-08-23T14:20:49Z	NRT VRP Pipeline (both profiles)	schedule
2026-08-23T13:52:03Z	NRT Retry (NASA recovery)	schedule
2026-08-23T13:50:10Z	Deploy GitHub Pages	workflow_run
2026-08-23T13:44:14Z	.github/workflows/sync-mirova-csv.yml	schedule
2026-08-23T13:22:06Z	Deploy GitHub Pages	schedule
2026-08-23T13:10:51Z	NRT Monitor — alerta si fallan 3+ corridas	schedule
2026-08-23T13:00:10Z	.github/workflows/sync-mirova-csv.yml	schedule
2026-08-23T12:36:09Z	NRT VRP Pipeline (both profiles)	schedule
2026-08-23T12:16:52Z	NRT Healthcheck (Tier A staleness)	schedule
2026-08-23T11:43:19Z	NRT Retry (NASA recovery)	schedule
2026-08-23T11:33:05Z	.github/workflows/sync-mirova-csv.yml	schedule
2026-08-23T11:31:57Z	Deploy GitHub Pages	workflow_run
2026-08-23T11:07:33Z	Deploy GitHub Pages	schedule
2026-08-23T10:37:56Z	.github/workflows/sync-mirova-csv.yml	schedule
2026-08-23T10:21:35Z	NRT VRP Pipeline (both profiles)	schedule
2026-08-23T09:50:54Z	NRT Retry (NASA recovery)	schedule
2026-08-23T09:40:58Z	Deploy GitHub Pages	workflow_run
2026-08-23T09:40:55Z	.github/workflows/sync-mirova-csv.yml	schedule
2026-08-23T09:12:58Z	Deploy GitHub Pages	schedule
2026-08-23T08:46:21Z	.github/workflows/sync-mirova-csv.yml	schedule
2026-08-23T08:27:22Z	NRT VRP Pipeline (both profiles)	schedule
2026-08-23T07:54:58Z	NRT Retry (NASA recovery)	schedule
2026-08-23T07:45:41Z	.github/workflows/sync-mirova-csv.yml	schedule
2026-08-23T07:43:59Z	Deploy GitHub Pages	workflow_run
2026-08-23T07:21:32Z	Deploy GitHub Pages	schedule
2026-08-23T07:10:38Z	NRT Monitor — alerta si fallan 3+ corridas	schedule
2026-08-23T06:59:05Z	.github/workflows/sync-mirova-csv.yml	schedule
2026-08-23T06:37:43Z	NRT VRP Pipeline (both profiles)	schedule
2026-08-23T05:52:47Z	NRT Retry (NASA recovery)	schedule
2026-08-23T05:42:43Z	.github/workflows/sync-mirova-csv.yml	schedule
2026-08-23T05:36:27Z	Deploy GitHub Pages	workflow_run
2026-08-23T05:15:32Z	Deploy GitHub Pages	schedule
2026-08-23T04:50:27Z	.github/workflows/sync-mirova-csv.yml	schedule
2026-08-23T04:34:23Z	NRT VRP Pipeline (both profiles)	schedule
2026-08-23T04:07:11Z	NRT Retry (NASA recovery)	schedule
2026-08-23T04:00:28Z	Deploy GitHub Pages	workflow_run
2026-08-23T03:37:04Z	Deploy GitHub Pages	schedule
2026-08-23T03:13:49Z	.github/workflows/sync-mirova-csv.yml	schedule
2026-08-23T03:00:30Z	NRT VRP Pipeline (both profiles)	schedule
2026-08-23T02:41:22Z	NRT Retry (NASA recovery)	schedule
2026-08-23T02:14:41Z	Deploy GitHub Pages	schedule
2026-08-23T02:14:15Z	Deploy GitHub Pages	workflow_run
2026-08-23T02:09:13Z	NRT Monitor — alerta si fallan 3+ corridas	schedule
2026-08-23T01:58:08Z	.github/workflows/sync-mirova-csv.yml	schedule
2026-08-23T01:14:15Z	NRT VRP Pipeline (both profiles)	schedule
2026-08-22T23:43:02Z	NRT Retry (NASA recovery)	schedule
2026-08-22T23:33:06Z	.github/workflows/sync-mirova-csv.yml	schedule
2026-08-22T23:22:06Z	Deploy GitHub Pages	workflow_run
2026-08-22T23:02:35Z	Deploy GitHub Pages	schedule
2026-08-22T22:36:02Z	.github/workflows/sync-mirova-csv.yml	schedule
2026-08-22T22:19:28Z	NRT VRP Pipeline (both profiles)	schedule
2026-08-22T21:43:23Z	NRT Retry (NASA recovery)	schedule
2026-08-22T21:33:56Z	.github/workflows/sync-mirova-csv.yml	schedule
2026-08-22T21:28:05Z	Deploy GitHub Pages	workflow_run
2026-08-22T21:07:19Z	Deploy GitHub Pages	schedule
2026-08-22T20:37:46Z	.github/workflows/sync-mirova-csv.yml	schedule
2026-08-22T20:20:06Z	NRT VRP Pipeline (both profiles)	schedule
2026-08-22T19:43:50Z	NRT Retry (NASA recovery)	schedule
2026-08-22T19:33:52Z	Deploy GitHub Pages	workflow_run
2026-08-22T19:32:51Z	.github/workflows/sync-mirova-csv.yml	schedule
2026-08-22T19:10:48Z	Deploy GitHub Pages	schedule
2026-08-22T18:58:28Z	NRT Monitor — alerta si fallan 3+ corridas	schedule
2026-08-22T18:47:05Z	.github/workflows/sync-mirova-csv.yml	schedule
2026-08-22T18:27:34Z	NRT VRP Pipeline (both profiles)	schedule
2026-08-22T17:43:22Z	NRT Retry (NASA recovery)	schedule
2026-08-22T17:33:56Z	.github/workflows/sync-mirova-csv.yml	schedule
2026-08-22T17:25:32Z	Deploy GitHub Pages	workflow_run
2026-08-22T17:06:43Z	Deploy GitHub Pages	schedule
2026-08-22T16:38:27Z	.github/workflows/sync-mirova-csv.yml	schedule
2026-08-22T16:20:53Z	NRT VRP Pipeline (both profiles)	schedule
2026-08-22T15:43:33Z	NRT Retry (NASA recovery)	schedule
2026-08-22T15:33:44Z	.github/workflows/sync-mirova-csv.yml	schedule
2026-08-22T15:21:30Z	Deploy GitHub Pages	workflow_run
2026-08-22T15:02:18Z	Deploy GitHub Pages	schedule
2026-08-22T14:35:56Z	.github/workflows/sync-mirova-csv.yml	schedule
2026-08-22T14:19:08Z	NRT VRP Pipeline (both profiles)	schedule
2026-08-22T13:50:24Z	NRT Retry (NASA recovery)	schedule
2026-08-22T13:43:01Z	.github/workflows/sync-mirova-csv.yml	schedule
2026-08-22T13:42:13Z	Deploy GitHub Pages	workflow_run
2026-08-22T13:20:40Z	Deploy GitHub Pages	schedule
2026-08-22T13:09:24Z	NRT Monitor — alerta si fallan 3+ corridas	schedule
2026-08-22T12:58:39Z	.github/workflows/sync-mirova-csv.yml	schedule
2026-08-22T12:35:10Z	NRT VRP Pipeline (both profiles)	schedule
2026-08-22T12:16:13Z	NRT Healthcheck (Tier A staleness)	schedule
2026-08-22T11:42:51Z	NRT Retry (NASA recovery)	schedule
2026-08-22T11:33:19Z	.github/workflows/sync-mirova-csv.yml	schedule
2026-08-22T11:28:39Z	Deploy GitHub Pages	workflow_run
2026-08-22T11:04:40Z	Deploy GitHub Pages	schedule
2026-08-22T10:37:55Z	.github/workflows/sync-mirova-csv.yml	schedule
2026-08-22T10:20:59Z	NRT VRP Pipeline (both profiles)	schedule
2026-08-22T09:49:05Z	NRT Retry (NASA recovery)	schedule
2026-08-22T09:40:11Z	.github/workflows/sync-mirova-csv.yml	schedule
2026-08-22T09:30:22Z	Deploy GitHub Pages	workflow_run
2026-08-22T09:12:49Z	Deploy GitHub Pages	schedule
2026-08-22T08:45:57Z	.github/workflows/sync-mirova-csv.yml	schedule
2026-08-22T08:27:17Z	NRT VRP Pipeline (both profiles)	schedule
2026-08-22T07:52:42Z	NRT Retry (NASA recovery)	schedule
2026-08-22T07:44:12Z	.github/workflows/sync-mirova-csv.yml	schedule
2026-08-22T07:39:50Z	Deploy GitHub Pages	workflow_run
2026-08-22T07:19:58Z	Deploy GitHub Pages	schedule
2026-08-22T07:09:29Z	NRT Monitor — alerta si fallan 3+ corridas	schedule
2026-08-22T06:57:17Z	.github/workflows/sync-mirova-csv.yml	schedule
2026-08-22T06:36:44Z	NRT VRP Pipeline (both profiles)	schedule
2026-08-22T05:50:59Z	NRT Retry (NASA recovery)	schedule
2026-08-22T05:40:01Z	.github/workflows/sync-mirova-csv.yml	schedule
2026-08-22T05:34:25Z	Deploy GitHub Pages	workflow_run
2026-08-22T05:12:56Z	Deploy GitHub Pages	schedule
2026-08-22T04:47:02Z	.github/workflows/sync-mirova-csv.yml	schedule
2026-08-22T04:30:57Z	NRT VRP Pipeline (both profiles)	schedule
2026-08-22T04:03:13Z	NRT Retry (NASA recovery)	schedule
2026-08-22T03:57:36Z	Deploy GitHub Pages	workflow_run
2026-08-22T03:54:48Z	.github/workflows/sync-mirova-csv.yml	schedule
2026-08-22T03:28:31Z	Deploy GitHub Pages	schedule
2026-08-22T03:05:50Z	.github/workflows/sync-mirova-csv.yml	schedule
2026-08-22T02:52:07Z	NRT VRP Pipeline (both profiles)	schedule
2026-08-22T02:32:18Z	NRT Retry (NASA recovery)	schedule
2026-08-22T02:11:47Z	Deploy GitHub Pages	workflow_run
2026-08-22T02:05:45Z	Deploy GitHub Pages	schedule
2026-08-22T01:58:16Z	NRT Monitor — alerta si fallan 3+ corridas	schedule
2026-08-22T01:48:15Z	.github/workflows/sync-mirova-csv.yml	schedule
2026-08-22T01:08:37Z	NRT VRP Pipeline (both profiles)	schedule
2026-08-21T23:45:47Z	NRT Retry (NASA recovery)	schedule
2026-08-21T23:36:03Z	.github/workflows/sync-mirova-csv.yml	schedule
2026-08-21T23:28:00Z	Deploy GitHub Pages	workflow_run
2026-08-21T23:09:17Z	Deploy GitHub Pages	schedule
2026-08-21T22:39:14Z	.github/workflows/sync-mirova-csv.yml	schedule
2026-08-21T22:22:40Z	NRT VRP Pipeline (both profiles)	schedule
2026-08-21T21:46:27Z	NRT Retry (NASA recovery)	schedule
2026-08-21T21:36:12Z	.github/workflows/sync-mirova-csv.yml	schedule
2026-08-21T21:34:36Z	Deploy GitHub Pages	workflow_run
2026-08-21T21:09:48Z	Deploy GitHub Pages	schedule
2026-08-21T20:39:03Z	.github/workflows/sync-mirova-csv.yml	schedule
2026-08-21T20:23:18Z	NRT VRP Pipeline (both profiles)	schedule
2026-08-21T19:45:42Z	NRT Retry (NASA recovery)	schedule
2026-08-21T19:43:46Z	Deploy GitHub Pages	workflow_run
2026-08-21T19:35:34Z	.github/workflows/sync-mirova-csv.yml	schedule
2026-08-21T19:15:29Z	Deploy GitHub Pages	schedule
2026-08-21T19:06:27Z	NRT Monitor — alerta si fallan 3+ corridas	schedule
2026-08-21T18:53:53Z	.github/workflows/sync-mirova-csv.yml	schedule
2026-08-21T18:33:41Z	NRT VRP Pipeline (both profiles)	schedule
2026-08-21T17:53:54Z	NRT Retry (NASA recovery)	schedule
2026-08-21T17:43:58Z	Deploy GitHub Pages	workflow_run
2026-08-21T17:42:50Z	.github/workflows/sync-mirova-csv.yml	schedule
2026-08-21T17:14:35Z	Deploy GitHub Pages	schedule
2026-08-21T16:49:31Z	.github/workflows/sync-mirova-csv.yml	schedule
2026-08-21T16:31:53Z	NRT VRP Pipeline (both profiles)	schedule
2026-08-21T15:56:38Z	NRT Retry (NASA recovery)	schedule
2026-08-21T15:46:36Z	.github/workflows/sync-mirova-csv.yml	schedule
2026-08-21T15:42:49Z	Deploy GitHub Pages	workflow_run
2026-08-21T15:17:39Z	Deploy GitHub Pages	schedule
2026-08-21T14:52:01Z	.github/workflows/sync-mirova-csv.yml	schedule
2026-08-21T14:32:56Z	NRT VRP Pipeline (both profiles)	schedule
2026-08-21T14:04:40Z	NRT Retry (NASA recovery)	schedule
2026-08-21T13:57:51Z	.github/workflows/sync-mirova-csv.yml	schedule
2026-08-21T13:55:45Z	Deploy GitHub Pages	workflow_run
2026-08-21T13:34:29Z	Deploy GitHub Pages	schedule
2026-08-21T13:26:18Z	NRT Monitor — alerta si fallan 3+ corridas	schedule
2026-08-21T13:08:53Z	.github/workflows/sync-mirova-csv.yml	schedule
2026-08-21T12:42:26Z	NRT VRP Pipeline (both profiles)	schedule
2026-08-21T12:22:44Z	NRT Healthcheck (Tier A staleness)	schedule
2026-08-21T11:50:03Z	NRT Retry (NASA recovery)	schedule
2026-08-21T11:39:46Z	Deploy GitHub Pages	workflow_run
2026-08-21T11:38:51Z	.github/workflows/sync-mirova-csv.yml	schedule
2026-08-21T11:12:01Z	Deploy GitHub Pages	schedule
2026-08-21T10:45:15Z	.github/workflows/sync-mirova-csv.yml	schedule
2026-08-21T10:28:08Z	NRT VRP Pipeline (both profiles)	schedule
2026-08-21T09:58:35Z	NRT Retry (NASA recovery)	schedule
2026-08-21T09:50:34Z	.github/workflows/sync-mirova-csv.yml	schedule
2026-08-21T09:44:54Z	Deploy GitHub Pages	workflow_run
2026-08-21T09:21:02Z	Deploy GitHub Pages	schedule
2026-08-21T08:56:19Z	.github/workflows/sync-mirova-csv.yml	schedule
2026-08-21T08:38:12Z	NRT VRP Pipeline (both profiles)	schedule
2026-08-21T08:03:25Z	NRT Retry (NASA recovery)	schedule
2026-08-21T07:55:16Z	.github/workflows/sync-mirova-csv.yml	schedule
2026-08-21T07:50:09Z	Deploy GitHub Pages	workflow_run
2026-08-21T07:30:31Z	Deploy GitHub Pages	schedule
2026-08-21T07:23:48Z	NRT Monitor — alerta si fallan 3+ corridas	schedule
2026-08-21T07:05:13Z	.github/workflows/sync-mirova-csv.yml	schedule
2026-08-21T06:42:38Z	NRT VRP Pipeline (both profiles)	schedule
2026-08-21T05:55:54Z	NRT Retry (NASA recovery)	schedule
2026-08-21T05:46:44Z	.github/workflows/sync-mirova-csv.yml	schedule
2026-08-21T05:41:29Z	Deploy GitHub Pages	workflow_run
2026-08-21T05:19:07Z	Deploy GitHub Pages	schedule
2026-08-21T04:52:37Z	.github/workflows/sync-mirova-csv.yml	schedule
2026-08-21T04:35:55Z	NRT VRP Pipeline (both profiles)	schedule
2026-08-21T04:07:24Z	NRT Retry (NASA recovery)	schedule
2026-08-21T03:59:29Z	Deploy GitHub Pages	workflow_run
2026-08-21T03:37:24Z	Deploy GitHub Pages	schedule
2026-08-21T03:14:21Z	.github/workflows/sync-mirova-csv.yml	schedule
2026-08-21T03:00:54Z	NRT VRP Pipeline (both profiles)	schedule
2026-08-21T02:40:41Z	NRT Retry (NASA recovery)	schedule
2026-08-21T02:14:50Z	Deploy GitHub Pages	workflow_run
2026-08-21T02:13:43Z	Deploy GitHub Pages	schedule
2026-08-21T02:08:01Z	NRT Monitor — alerta si fallan 3+ corridas	schedule
2026-08-21T01:55:33Z	.github/workflows/sync-mirova-csv.yml	schedule
2026-08-21T01:12:28Z	NRT VRP Pipeline (both profiles)	schedule
2026-08-20T23:48:11Z	NRT Retry (NASA recovery)	schedule
2026-08-20T23:37:53Z	.github/workflows/sync-mirova-csv.yml	schedule
2026-08-20T23:34:45Z	Deploy GitHub Pages	workflow_run
2026-08-20T23:11:17Z	Deploy GitHub Pages	schedule
2026-08-20T22:43:15Z	.github/workflows/sync-mirova-csv.yml	schedule
2026-08-20T22:25:42Z	NRT VRP Pipeline (both profiles)	schedule
2026-08-20T21:51:59Z	NRT Retry (NASA recovery)	schedule
2026-08-20T21:49:34Z	Deploy GitHub Pages	workflow_run
2026-08-20T21:41:35Z	.github/workflows/sync-mirova-csv.yml	schedule
2026-08-20T21:12:53Z	Deploy GitHub Pages	schedule
2026-08-20T20:44:22Z	.github/workflows/sync-mirova-csv.yml	schedule
2026-08-20T20:25:49Z	NRT VRP Pipeline (both profiles)	schedule
2026-08-20T19:57:26Z	Deploy GitHub Pages	workflow_run
2026-08-20T19:53:23Z	NRT Retry (NASA recovery)	schedule
2026-08-20T19:43:55Z	.github/workflows/sync-mirova-csv.yml	schedule
2026-08-20T19:19:47Z	Deploy GitHub Pages	schedule
2026-08-20T19:10:32Z	NRT Monitor — alerta si fallan 3+ corridas	schedule
2026-08-20T18:57:11Z	.github/workflows/sync-mirova-csv.yml	schedule
2026-08-20T18:36:01Z	NRT VRP Pipeline (both profiles)	schedule
2026-08-20T17:54:17Z	NRT Retry (NASA recovery)	schedule
2026-08-20T17:44:20Z	Deploy GitHub Pages	workflow_run
2026-08-20T17:43:23Z	.github/workflows/sync-mirova-csv.yml	schedule
2026-08-20T17:14:53Z	Deploy GitHub Pages	schedule
2026-08-20T16:48:57Z	.github/workflows/sync-mirova-csv.yml	schedule
2026-08-20T16:32:53Z	NRT VRP Pipeline (both profiles)	schedule
2026-08-20T15:57:05Z	NRT Retry (NASA recovery)	schedule
2026-08-20T15:47:03Z	.github/workflows/sync-mirova-csv.yml	schedule
2026-08-20T15:44:05Z	Deploy GitHub Pages	workflow_run
2026-08-20T15:19:17Z	Deploy GitHub Pages	schedule
2026-08-20T14:53:11Z	.github/workflows/sync-mirova-csv.yml	schedule
2026-08-20T14:33:54Z	NRT VRP Pipeline (both profiles)	schedule
2026-08-20T14:06:19Z	NRT Retry (NASA recovery)	schedule
2026-08-20T14:02:41Z	Deploy GitHub Pages	workflow_run
2026-08-20T13:59:39Z	.github/workflows/sync-mirova-csv.yml	schedule
2026-08-20T13:35:11Z	Deploy GitHub Pages	schedule
2026-08-20T13:27:11Z	NRT Monitor — alerta si fallan 3+ corridas	schedule
2026-08-20T13:09:30Z	.github/workflows/sync-mirova-csv.yml	schedule
2026-08-20T12:45:29Z	NRT VRP Pipeline (both profiles)	schedule
2026-08-20T12:22:41Z	NRT Healthcheck (Tier A staleness)	schedule
2026-08-20T11:50:37Z	NRT Retry (NASA recovery)	schedule
2026-08-20T11:39:55Z	.github/workflows/sync-mirova-csv.yml	schedule
2026-08-20T11:36:15Z	Deploy GitHub Pages	workflow_run
2026-08-20T11:12:24Z	Deploy GitHub Pages	schedule
2026-08-20T10:45:08Z	.github/workflows/sync-mirova-csv.yml	schedule
2026-08-20T10:28:04Z	NRT VRP Pipeline (both profiles)	schedule
2026-08-20T09:58:45Z	NRT Retry (NASA recovery)	schedule
2026-08-20T09:48:38Z	.github/workflows/sync-mirova-csv.yml	schedule
2026-08-20T09:43:30Z	Deploy GitHub Pages	workflow_run
2026-08-20T09:19:06Z	Deploy GitHub Pages	schedule
2026-08-20T08:54:41Z	.github/workflows/sync-mirova-csv.yml	schedule
2026-08-20T08:35:55Z	NRT VRP Pipeline (both profiles)	schedule
2026-08-20T08:03:27Z	NRT Retry (NASA recovery)	schedule
2026-08-20T07:54:43Z	.github/workflows/sync-mirova-csv.yml	schedule
2026-08-20T07:48:08Z	Deploy GitHub Pages	workflow_run
2026-08-20T07:28:37Z	Deploy GitHub Pages	schedule
2026-08-20T07:23:22Z	NRT Monitor — alerta si fallan 3+ corridas	schedule
2026-08-20T07:04:23Z	.github/workflows/sync-mirova-csv.yml	schedule
2026-08-20T06:41:41Z	NRT VRP Pipeline (both profiles)	schedule
2026-08-20T05:54:33Z	NRT Retry (NASA recovery)	schedule
2026-08-20T05:44:48Z	.github/workflows/sync-mirova-csv.yml	schedule
2026-08-20T05:33:17Z	Deploy GitHub Pages	workflow_run
2026-08-20T05:17:27Z	Deploy GitHub Pages	schedule
2026-08-20T04:51:03Z	.github/workflows/sync-mirova-csv.yml	schedule
2026-08-20T04:34:54Z	NRT VRP Pipeline (both profiles)	schedule
2026-08-20T04:06:06Z	Deploy GitHub Pages	workflow_run
2026-08-20T04:05:23Z	NRT Retry (NASA recovery)	schedule
2026-08-20T03:57:52Z	.github/workflows/sync-mirova-csv.yml	schedule
2026-08-20T03:33:55Z	Deploy GitHub Pages	schedule
2026-08-20T03:08:52Z	.github/workflows/sync-mirova-csv.yml	schedule
2026-08-20T02:54:46Z	NRT VRP Pipeline (both profiles)	schedule
2026-08-20T02:35:06Z	NRT Retry (NASA recovery)	schedule
2026-08-20T02:12:22Z	Deploy GitHub Pages	workflow_run
2026-08-20T02:07:29Z	Deploy GitHub Pages	schedule
2026-08-20T02:00:09Z	NRT Monitor — alerta si fallan 3+ corridas	schedule
2026-08-20T01:49:39Z	.github/workflows/sync-mirova-csv.yml	schedule
2026-08-20T01:08:36Z	NRT VRP Pipeline (both profiles)	schedule
2026-08-19T23:44:48Z	NRT Retry (NASA recovery)	schedule
2026-08-19T23:37:51Z	Deploy GitHub Pages	workflow_run
2026-08-19T23:34:28Z	.github/workflows/sync-mirova-csv.yml	schedule
2026-08-19T23:09:32Z	Deploy GitHub Pages	schedule
2026-08-19T22:39:01Z	.github/workflows/sync-mirova-csv.yml	schedule
2026-08-19T22:22:05Z	NRT VRP Pipeline (both profiles)	schedule
2026-08-19T21:48:19Z	NRT Retry (NASA recovery)	schedule
2026-08-19T21:42:51Z	Deploy GitHub Pages	workflow_run
2026-08-19T21:38:11Z	.github/workflows/sync-mirova-csv.yml	schedule
2026-08-19T21:11:39Z	Deploy GitHub Pages	schedule
2026-08-19T20:43:33Z	.github/workflows/sync-mirova-csv.yml	schedule
2026-08-19T20:24:40Z	NRT VRP Pipeline (both profiles)	schedule
2026-08-19T19:51:15Z	Deploy GitHub Pages	workflow_run
2026-08-19T19:47:30Z	NRT Retry (NASA recovery)	schedule
2026-08-19T19:36:48Z	.github/workflows/sync-mirova-csv.yml	schedule
2026-08-19T19:13:34Z	Deploy GitHub Pages	schedule
2026-08-19T19:02:41Z	NRT Monitor — alerta si fallan 3+ corridas	schedule
2026-08-19T18:51:26Z	.github/workflows/sync-mirova-csv.yml	schedule
2026-08-19T18:32:29Z	NRT VRP Pipeline (both profiles)	schedule
2026-08-19T17:48:01Z	NRT Retry (NASA recovery)	schedule
2026-08-19T17:38:21Z	.github/workflows/sync-mirova-csv.yml	schedule
2026-08-19T17:37:45Z	Deploy GitHub Pages	workflow_run
2026-08-19T17:12:18Z	Deploy GitHub Pages	schedule
2026-08-19T16:44:55Z	.github/workflows/sync-mirova-csv.yml	schedule
2026-08-19T16:29:03Z	NRT VRP Pipeline (both profiles)	schedule
2026-08-19T15:54:52Z	NRT Retry (NASA recovery)	schedule
2026-08-19T15:43:54Z	.github/workflows/sync-mirova-csv.yml	schedule
2026-08-19T15:41:27Z	Deploy GitHub Pages	workflow_run
2026-08-19T15:15:29Z	Deploy GitHub Pages	schedule
2026-08-19T14:51:39Z	.github/workflows/sync-mirova-csv.yml	schedule
2026-08-19T14:31:12Z	NRT VRP Pipeline (both profiles)	schedule
2026-08-19T14:04:34Z	NRT Retry (NASA recovery)	schedule
2026-08-19T14:00:31Z	Deploy GitHub Pages	workflow_run
2026-08-19T13:55:30Z	.github/workflows/sync-mirova-csv.yml	schedule
2026-08-19T13:33:05Z	Deploy GitHub Pages	schedule
2026-08-19T13:25:19Z	NRT Monitor — alerta si fallan 3+ corridas	schedule
2026-08-19T13:06:34Z	.github/workflows/sync-mirova-csv.yml	schedule
2026-08-19T12:42:19Z	NRT VRP Pipeline (both profiles)	schedule
2026-08-19T12:21:03Z	NRT Healthcheck (Tier A staleness)	schedule
2026-08-19T11:48:24Z	NRT Retry (NASA recovery)	schedule
2026-08-19T11:37:16Z	.github/workflows/sync-mirova-csv.yml	schedule
2026-08-19T11:35:58Z	Deploy GitHub Pages	workflow_run
2026-08-19T11:10:45Z	Deploy GitHub Pages	schedule
2026-08-19T10:44:13Z	.github/workflows/sync-mirova-csv.yml	schedule
2026-08-19T10:26:14Z	NRT VRP Pipeline (both profiles)	schedule
2026-08-19T09:56:39Z	NRT Retry (NASA recovery)	schedule
2026-08-19T09:47:33Z	.github/workflows/sync-mirova-csv.yml	schedule
2026-08-19T09:47:26Z	Deploy GitHub Pages	workflow_run
2026-08-19T09:17:59Z	Deploy GitHub Pages	schedule
2026-08-19T08:52:40Z	.github/workflows/sync-mirova-csv.yml	schedule
2026-08-19T08:35:10Z	NRT VRP Pipeline (both profiles)	schedule
2026-08-19T08:01:06Z	NRT Retry (NASA recovery)	schedule
2026-08-19T07:52:51Z	.github/workflows/sync-mirova-csv.yml	schedule
2026-08-19T07:48:08Z	Deploy GitHub Pages	workflow_run
2026-08-19T07:26:07Z	Deploy GitHub Pages	schedule
2026-08-19T07:20:43Z	NRT Monitor — alerta si fallan 3+ corridas	schedule
2026-08-19T07:03:31Z	.github/workflows/sync-mirova-csv.yml	schedule
2026-08-19T06:40:12Z	NRT VRP Pipeline (both profiles)	schedule
2026-08-19T05:54:06Z	NRT Retry (NASA recovery)	schedule
2026-08-19T05:44:44Z	.github/workflows/sync-mirova-csv.yml	schedule
2026-08-19T05:40:19Z	Deploy GitHub Pages	workflow_run
2026-08-19T05:16:03Z	Deploy GitHub Pages	schedule
2026-08-19T04:49:49Z	.github/workflows/sync-mirova-csv.yml	schedule
2026-08-19T04:34:39Z	NRT VRP Pipeline (both profiles)	schedule
2026-08-19T04:05:35Z	NRT Retry (NASA recovery)	schedule
2026-08-19T04:02:12Z	Deploy GitHub Pages	workflow_run
2026-08-19T03:58:27Z	.github/workflows/sync-mirova-csv.yml	schedule
2026-08-19T03:33:21Z	Deploy GitHub Pages	schedule
2026-08-19T03:09:32Z	.github/workflows/sync-mirova-csv.yml	schedule
2026-08-19T02:55:14Z	NRT VRP Pipeline (both profiles)	schedule
2026-08-19T02:35:44Z	NRT Retry (NASA recovery)	schedule
2026-08-19T02:10:47Z	Deploy GitHub Pages	workflow_run
2026-08-19T02:08:16Z	Deploy GitHub Pages	schedule
2026-08-19T02:02:05Z	NRT Monitor — alerta si fallan 3+ corridas	schedule
2026-08-19T01:51:08Z	.github/workflows/sync-mirova-csv.yml	schedule
2026-08-19T01:08:52Z	NRT VRP Pipeline (both profiles)	schedule
2026-08-18T23:43:59Z	NRT Retry (NASA recovery)	schedule
2026-08-18T23:34:10Z	.github/workflows/sync-mirova-csv.yml	schedule
2026-08-18T23:33:03Z	Deploy GitHub Pages	workflow_run
2026-08-18T23:08:17Z	Deploy GitHub Pages	schedule
2026-08-18T22:39:25Z	.github/workflows/sync-mirova-csv.yml	schedule
2026-08-18T22:21:08Z	NRT VRP Pipeline (both profiles)	schedule
2026-08-18T21:45:14Z	NRT Retry (NASA recovery)	schedule
2026-08-18T21:35:52Z	.github/workflows/sync-mirova-csv.yml	schedule
2026-08-18T21:30:06Z	Deploy GitHub Pages	workflow_run
2026-08-18T21:09:26Z	Deploy GitHub Pages	schedule
2026-08-18T20:38:46Z	.github/workflows/sync-mirova-csv.yml	schedule
2026-08-18T20:21:21Z	NRT VRP Pipeline (both profiles)	schedule
2026-08-18T19:47:10Z	NRT Retry (NASA recovery)	schedule
2026-08-18T19:40:49Z	Deploy GitHub Pages	workflow_run
2026-08-18T19:39:09Z	.github/workflows/sync-mirova-csv.yml	schedule
2026-08-18T19:17:07Z	Deploy GitHub Pages	schedule
2026-08-18T19:07:07Z	NRT Monitor — alerta si fallan 3+ corridas	schedule
2026-08-18T18:54:10Z	.github/workflows/sync-mirova-csv.yml	schedule
2026-08-18T18:35:47Z	NRT VRP Pipeline (both profiles)	schedule
2026-08-18T17:52:10Z	NRT Retry (NASA recovery)	schedule
2026-08-18T17:40:45Z	.github/workflows/sync-mirova-csv.yml	schedule
2026-08-18T17:35:31Z	Deploy GitHub Pages	workflow_run
2026-08-18T17:12:48Z	Deploy GitHub Pages	schedule
2026-08-18T16:46:27Z	.github/workflows/sync-mirova-csv.yml	schedule
2026-08-18T16:28:51Z	NRT VRP Pipeline (both profiles)	schedule
2026-08-18T15:55:11Z	NRT Retry (NASA recovery)	schedule
2026-08-18T15:44:18Z	.github/workflows/sync-mirova-csv.yml	schedule
2026-08-18T15:40:10Z	Deploy GitHub Pages	workflow_run
2026-08-18T15:15:48Z	Deploy GitHub Pages	schedule
2026-08-18T14:50:34Z	.github/workflows/sync-mirova-csv.yml	schedule
2026-08-18T14:31:23Z	NRT VRP Pipeline (both profiles)	schedule
2026-08-18T14:04:23Z	NRT Retry (NASA recovery)	schedule
2026-08-18T13:54:48Z	.github/workflows/sync-mirova-csv.yml	schedule
2026-08-18T13:42:53Z	Deploy GitHub Pages	workflow_run
2026-08-18T13:31:23Z	Deploy GitHub Pages	schedule
2026-08-18T13:24:11Z	NRT Monitor — alerta si fallan 3+ corridas	schedule
2026-08-18T13:05:39Z	.github/workflows/sync-mirova-csv.yml	schedule
2026-08-18T12:41:21Z	NRT VRP Pipeline (both profiles)	schedule
2026-08-18T12:21:00Z	NRT Healthcheck (Tier A staleness)	schedule
2026-08-18T11:48:44Z	NRT Retry (NASA recovery)	schedule
2026-08-18T11:38:05Z	.github/workflows/sync-mirova-csv.yml	schedule
2026-08-18T11:36:49Z	Deploy GitHub Pages	workflow_run
2026-08-18T11:10:47Z	Deploy GitHub Pages	schedule
2026-08-18T10:44:27Z	.github/workflows/sync-mirova-csv.yml	schedule
2026-08-18T10:26:14Z	NRT VRP Pipeline (both profiles)	schedule
2026-08-18T09:56:07Z	NRT Retry (NASA recovery)	schedule
2026-08-18T09:46:51Z	.github/workflows/sync-mirova-csv.yml	schedule
2026-08-18T09:38:50Z	Deploy GitHub Pages	workflow_run
2026-08-18T09:17:11Z	Deploy GitHub Pages	schedule
2026-08-18T08:51:37Z	.github/workflows/sync-mirova-csv.yml	schedule
2026-08-18T08:34:17Z	NRT VRP Pipeline (both profiles)	schedule
2026-08-18T08:01:14Z	NRT Retry (NASA recovery)	schedule
2026-08-18T07:51:54Z	.github/workflows/sync-mirova-csv.yml	schedule
