volcano,sensor,dt,tipo,fuente,vrp_mirova,dist_csv,tif,d_max_crudo_mirova_center,lat_max_crudo,lon_max_crudo,d_max_crudo_vent,d_max_crudo_gvp,d_realce_3x3_mirova_center,lat_realce_3x3,lon_realce_3x3,d_realce_3x3_vent,d_realce_3x3_gvp,d_realce_5x5_mirova_center,lat_realce_5x5,lon_realce_5x5,d_realce_5x5_vent,d_realce_5x5_gvp,d_realce_9x9_mirova_center,lat_realce_9x9,lon_realce_9x9,d_realce_9x9_vent,d_realce_9x9_gvp
Isluga,VIIRS375,2026-05-09 05:36:02+00:00,ALERTA_TERMICA,CONS,0.31,0.53,data/tif/Isluga/20260509_053602_VIIRS375.tif,0.4879699554836969,-19.15547840009368,-68.83568030860302,0.8526975321948925,0.8526975321948925,0.4879699554836969,-19.15547840009368,-68.83568030860302,0.8526975321948925,0.8526975321948925,0.4879699554836969,-19.15547840009368,-68.83568030860302,0.8526975321948925,0.8526975321948925,0.4879699554836969,-19.15547840009368,-68.83568030860302,0.8526975321948925,0.8526975321948925
PlanchonPeteroa,VIIRS375,2026-05-09 05:42:02+00:00,ALERTA_TERMICA,CONS,0.24,2.28,data/tif/PlanchonPeteroa/20260509_054202_VIIRS375.tif,21.931006916457022,-35.044365331796826,-70.67120281419861,23.616164227254874,23.69129974400764,2.16692073410277,-35.24202199395677,-70.57568193371267,0.23574428461735927,0.7329819259820453,6.007500739316198,-35.17386452424644,-70.59644734251395,7.765196305993693,7.794899416056276,3.974207283759124,-35.190903891674026,-70.55076344315113,5.946500272895196,5.679372866298499
PuyehueCordonCaulle,VIIRS375,2026-05-09 05:42:02+00:00,ALERTA_TERMICA,CONS,0.18,7.73,data/tif/PuyehueCordonCaulle/20260509_054202_VIIRS375.tif,23.360358705370285,-40.664626270867046,-72.37760342006145,24.925434166323615,23.50640325874742,7.749924310341174,-40.52282656228641,-72.14168481641858,0.47949521928574423,7.7550169987254085,7.749924310341174,-40.52282656228641,-72.14168481641858,0.47949521928574423,7.7550169987254085,22.166745620345047,-40.41215361900396,-72.00104103347763,17.592589362407278,22.072728187510876
Lastarria,VIIRS375,2026-05-09 05:42:02+00:00,ALERTA_TERMICA,CONS,0.06,2.4,data/tif/Lastarria/20260509_054202_VIIRS375.tif,9.992636318696517,-25.078977519456565,-68.49789614300191,9.941202250744832,9.941202250744832,16.733644380689,-25.122832215392208,-68.34961996223221,16.618565159760188,16.618565159760188,10.781180427750119,-25.072230643158775,-68.49418923848268,10.726901950944896,10.726901950944896,10.037756009166019,-25.078977519456565,-68.49418923848268,9.982528088843818,9.982528088843818
Tupungatito,VIIRS375,2026-05-09 05:42:02+00:00,ALERTA_TERMICA,CONS,0.17,5.21,data/tif/Tupungatito/20260509_054202_VIIRS375.tif,24.391726250779868,-33.494631222910584,-70.0504960811743,24.864829743294084,24.33488806008952,21.302141757319017,-33.3931547036201,-70.02629188043329,18.566097228023814,21.021504084433182,12.353741342871752,-33.42698021005026,-69.93350911092608,20.915074917483555,22.642938325477886,19.470052545665133,-33.43036276069328,-70.01015574660595,17.666612137938944,19.79558368493721
Chaiten,VIIRS375,2026-05-09 05:42:02+00:00,ALERTA_TERMICA,CONS,0.08,0.38,data/tif/Chaiten/20260509_054202_VIIRS375.tif,22.859763325039843,-42.97264647858649,-72.85846725976299,22.72465153098601,23.250969594037993,18.525407107139404,-42.74888423774478,-72.84443478466453,18.299881320701935,18.69939094058202,8.502091311819445,-42.90035406231455,-72.70411003367994,8.430783630879331,8.861187466729199,10.167693682952493,-42.9037965583275,-72.73217498387685,10.057723245984558,10.549616626334407
Isluga,VIIRS375,2026-05-09 06:30:01+00:00,ALERTA_TERMICA_OCR,OCR,0.1,0.0,data/tif/Isluga/20260509_063001_VIIRS375.tif,22.27817441461403,-19.18241518844479,-68.62301818617571,22.03639840995808,22.03639840995808,0.4879699554836969,-19.15547840009368,-68.83568030860302,0.8526975321948925,0.8526975321948925,17.761652299392157,-19.027528655425925,-68.93846700110954,17.7585313204577,17.7585313204577,6.03064731139091,-19.098237724847582,-68.83922467731013,5.836729654972688,5.836729654972688
Isluga,VIIRS375,2026-05-09 06:30:01+00:00,ALERTA_TERMICA,CONS,0.1,0.53,data/tif/Isluga/20260509_063001_VIIRS375.tif,22.27817441461403,-19.18241518844479,-68.62301818617571,22.03639840995808,22.03639840995808,0.4879699554836969,-19.15547840009368,-68.83568030860302,0.8526975321948925,0.8526975321948925,17.761652299392157,-19.027528655425925,-68.93846700110954,17.7585313204577,17.7585313204577,6.03064731139091,-19.098237724847582,-68.83922467731013,5.836729654972688,5.836729654972688
PuyehueCordonCaulle,VIIRS375,2026-05-09 06:36:01+00:00,ALERTA_TERMICA,CONS,0.12,7.83,data/tif/PuyehueCordonCaulle/20260509_063601_VIIRS375.tif,21.404461270985735,-40.65079215295674,-72.35945583516585,22.77217117460148,21.551205175830447,18.767010310267114,-40.65770921191189,-71.91484000522351,24.444871233477475,18.649041769775216,18.767010310267114,-40.65770921191189,-71.91484000522351,19.76462674132056,18.649041769775216,20.00504839026959,-40.45365597273488,-71.96474586368643,17.29512531432507,19.886451878330252
PuyehueCordonCaulle,VIIRS375,2026-05-09 06:36:01+00:00,ALERTA_TERMICA_OCR,OCR,0.12,0.0,data/tif/PuyehueCordonCaulle/20260509_063601_VIIRS375.tif,21.404461270985735,-40.65079215295674,-72.35945583516585,22.77217117460148,21.551205175830447,18.767010310267114,-40.65770921191189,-71.91484000522351,24.444871233477475,18.649041769775216,18.767010310267114,-40.65770921191189,-71.91484000522351,19.76462674132056,18.649041769775216,20.00504839026959,-40.45365597273488,-71.96474586368643,17.29512531432507,19.886451878330252
Lascar,MODIS,2026-05-10 01:25:00+00:00,ALERTA_TERMICA_OCR,OCR,1.0,0.0,data/tif/Lascar/20260510_012500_MODIS.tif,23.55479626476284,-23.369836043504577,-67.96178382031825,23.527487622750424,23.454987418590825,1.0670463669105243,-23.360904547149524,-67.7295860655014,0.2926051309371745,0.9332901163022971,1.0670463669105243,-23.360904547149524,-67.7295860655014,0.2926051309371745,0.9332901163022971,22.592662726258897,-23.360904547149524,-67.95210891386753,22.529264016245627,22.486035288048576
Lascar,MODIS,2026-05-10 01:25:00+00:00,ALERTA_TERMICA,CONS,1.07,1.0,data/tif/Lascar/20260510_012500_MODIS.tif,23.55479626476284,-23.369836043504577,-67.96178382031825,23.527487622750424,23.454987418590825,1.0670463669105243,-23.360904547149524,-67.7295860655014,0.2926051309371745,0.9332901163022971,1.0670463669105243,-23.360904547149524,-67.7295860655014,0.2926051309371745,0.9332901163022971,22.592662726258897,-23.360904547149524,-67.95210891386753,22.529264016245627,22.486035288048576
Lascar,VIIRS375,2026-05-10 06:12:01+00:00,ALERTA_TERMICA,CONS,0.77,1.55,data/tif/Lascar/20260510_061201_VIIRS375.tif,22.9931382257601,-23.361929304283976,-67.95608590228346,22.934286988276842,22.887387835391046,1.0572809731800086,-23.361929304283976,-67.73570369471577,0.4516054521480139,0.8723998267733571,1.0572809731800086,-23.361929304283976,-67.73570369471577,0.4516054521480139,0.8723998267733571,1.0572809731800086,-23.361929304283976,-67.73570369471577,0.4516054521480139,0.8723998267733571
Lastarria,VIIRS375,2026-05-10 06:12:01+00:00,ALERTA_TERMICA,CONS,0.05,1.55,data/tif/Lastarria/20260510_061201_VIIRS375.tif,10.4093463413232,-25.07560408130767,-68.49418923848268,10.354609550848824,10.354609550848824,9.383075609103209,-25.220661921710175,-68.43487876617479,9.324608684217946,9.324608684217946,9.619955378814282,-25.224035359859073,-68.43487876617479,9.564552786685866,9.564552786685866,10.4093463413232,-25.07560408130767,-68.49418923848268,10.354609550848824,10.354609550848824
Lascar,VIIRS750,2026-05-10 06:12:01+00:00,ALERTA_TERMICA,CONS,0.87,1.5,data/tif/Lascar/20260510_061201_VIIRS750.tif,23.179152061743483,-23.365386445702853,-67.95803474752648,23.134263723742816,23.076008466676765,1.3109617165092016,-23.35865593106936,-67.73201836240521,0.4792167011947353,1.1502111019443366,1.3109617165092016,-23.35865593106936,-67.73201836240521,0.4792167011947353,1.1502111019443366,23.179152061743483,-23.365386445702853,-67.95803474752648,23.134263723742816,23.076008466676765
PlanchonPeteroa,VIIRS375,2026-05-10 06:18:01+00:00,ALERTA_TERMICA,CONS,0.22,2.02,data/tif/PlanchonPeteroa/20260510_061801_VIIRS375.tif,20.27208222685496,-35.32040308412364,-70.75841753116403,18.973172169240147,19.46001621772258,2.16692073410277,-35.24202199395677,-70.57568193371267,0.23574428461735927,0.7329819259820453,6.358776611885258,-35.170456650760926,-70.54245727963061,8.34133234761482,8.07360969382453,6.358776611885258,-35.170456650760926,-70.54245727963061,8.34133234761482,8.07360969382453
PlanchonPeteroa,VIIRS375,2026-05-10 06:18:01+00:00,ALERTA_TERMICA_OCR,OCR,0.22,0.0,data/tif/PlanchonPeteroa/20260510_061801_VIIRS375.tif,20.27208222685496,-35.32040308412364,-70.75841753116403,18.973172169240147,19.46001621772258,2.16692073410277,-35.24202199395677,-70.57568193371267,0.23574428461735927,0.7329819259820453,6.358776611885258,-35.170456650760926,-70.54245727963061,8.34133234761482,8.07360969382453,6.358776611885258,-35.170456650760926,-70.54245727963061,8.34133234761482,8.07360969382453
PlanchonPeteroa,VIIRS375,2026-05-11 05:54:01+00:00,ALERTA_TERMICA,CONS,0.25,2.02,data/tif/PlanchonPeteroa/20260511_055401_VIIRS375.tif,23.279165953281243,-35.03754958482579,-70.68781514123964,24.912387294821208,24.847125122629365,19.391332706908926,-35.064812572709926,-70.65874356891783,21.083772374789184,21.154957820642608,9.543131395109555,-35.18408814470299,-70.47600797146647,10.880448468066357,10.416260964417763,17.793176475797623,-35.32040308412364,-70.72519287708197,16.36297928898932,16.838358447328666
PlanchonPeteroa,VIIRS375,2026-05-11 05:54:01+00:00,ALERTA_TERMICA_OCR,OCR,0.25,0.0,data/tif/PlanchonPeteroa/20260511_055401_VIIRS375.tif,23.279165953281243,-35.03754958482579,-70.68781514123964,24.912387294821208,24.847125122629365,19.391332706908926,-35.064812572709926,-70.65874356891783,21.083772374789184,21.154957820642608,9.543131395109555,-35.18408814470299,-70.47600797146647,10.880448468066357,10.416260964417763,17.793176475797623,-35.32040308412364,-70.72519287708197,16.36297928898932,16.838358447328666
Tupungatito,VIIRS375,2026-05-11 05:54:01+00:00,ALERTA_TERMICA,CONS,0.22,5.21,data/tif/Tupungatito/20260511_055401_VIIRS375.tif,24.864493922439976,-33.4980137735536,-70.05453011463113,24.717341770586728,24.675581466350625,20.342935027297848,-33.59272519155807,-69.70760323734329,24.846848713732886,23.079323976817385,19.470052545665133,-33.43036276069328,-70.01015574660595,17.666612137938944,19.79558368493721,19.470052545665133,-33.43036276069328,-70.01015574660595,17.666612137938944,19.79558368493721
Isluga,VIIRS750,2026-05-11 05:54:01+00:00,ALERTA_TERMICA,CONS,0.27,0.0,data/tif/Isluga/20260511_055401_VIIRS750.tif,13.179525244871078,-19.265745609276575,-68.7969720307194,13.329419792185483,13.329419792185483,8.842678182921455,-19.14544265218584,-68.91657450550905,9.108182306841153,9.108182306841153,15.61360783080949,-19.198910633115055,-68.97285802305711,15.959137680397948,15.959137680397948,16.563866927686067,-19.205594130731207,-68.97989346275062,16.91268271079771,16.91268271079771
Villarrica,VIIRS375,2026-05-11 06:00:01+00:00,ALERTA_TERMICA,CONS,0.31,0.84,data/tif/Villarrica/20260511_060001_VIIRS375.tif,21.126842983717538,-39.23177199889542,-71.93390382240331,20.961564417927175,20.932721101863287,24.847009303335284,-39.612179232642106,-72.08550399316943,24.73104117208757,11.838847564218375,23.413923398019815,-39.4081426254507,-72.20589236407193,22.892049560769845,23.737675656975586,23.413923398019815,-39.4081426254507,-72.20589236407193,22.892049560769845,23.737675656975586
PuyehueCordonCaulle,VIIRS375,2026-05-11 06:00:01+00:00,ALERTA_TERMICA,CONS,0.27,7.73,data/tif/PuyehueCordonCaulle/20260511_060001_VIIRS375.tif,14.677287317064907,-40.46057303169003,-72.15075860886638,21.869010893306147,14.671770122275142,14.748617716448683,-40.56778744549491,-71.94659827879082,17.50339341275356,14.60150198149347,23.031498130304897,-40.79259186153738,-72.06002068438835,17.50339341275356,23.033761957060463,17.488366339555203,-40.498616855943375,-72.28686549558343,21.869010893306147,17.58600957473705
Tupungatito,VIIRS375,2026-05-12 05:36:01+00:00,ALERTA_TERMICA,CONS,0.27,5.21,data/tif/Tupungatito/20260512_053601_VIIRS375.tif,24.391726250779868,-33.494631222910584,-70.0504960811743,23.880873751576914,19.79558368493721,16.472518447192165,-33.42698021005026,-69.62288853474975,19.353322334276594,16.710386054374933,16.472518447192165,-33.42698021005026,-69.62288853474975,19.353322334276594,16.710386054374933,16.472518447192165,-33.42698021005026,-69.62288853474975,19.353322334276594,16.710386054374933
Lascar,VIIRS750,2026-05-12 05:36:01+00:00,ALERTA_TERMICA,CONS,2.22,1.68,data/tif/Lascar/20260512_053601_VIIRS750.tif,23.172609559933136,-23.37211696033635,-67.95803474752648,23.154609588307675,23.074527540531502,14.131832057343763,-23.493266223739248,-67.69556410674049,14.947238765742128,14.309103929624142,14.131832057343763,-23.493266223739248,-67.69556410674049,14.947238765742128,14.309103929624142,23.179152061743483,-23.365386445702853,-67.95803474752648,23.134263723742816,23.076008466676765
PlanchonPeteroa,VIIRS375,2026-05-12 05:36:01+00:00,ALERTA_TERMICA,CONS,0.35,1.91,data/tif/PlanchonPeteroa/20260512_053601_VIIRS375.tif,22.939819176721677,-35.03754958482579,-70.67950897771912,24.6063886845146,24.689647878455403,2.2937786823567157,-35.24202199395677,-70.57983501547292,0.5982661024417182,1.0980801570011771,19.04775474584677,-35.06822044619544,-70.65874356891783,20.731871055488075,20.80647856169135,4.319688125881574,-35.18749601818851,-70.55076344315113,6.30354594851439,6.044535820070422
Tupungatito,VIIRS750,2026-05-12 05:36:01+00:00,ALERTA_TERMICA,CONS,0.24,5.03,data/tif/Tupungatito/20260512_053601_VIIRS750.tif,24.917065253910895,-33.49411483682467,-70.05663766410197,24.351166386615116,24.65619100249464,24.209408087826105,-33.49411483682467,-70.04862995234991,23.701943854372562,19.59164034132538,24.209408087826105,-33.49411483682467,-70.04862995234991,23.701943854372562,19.59164034132538,24.917065253910895,-33.49411483682467,-70.05663766410197,24.351166386615116,24.65619100249464
PlanchonPeteroa,VIIRS375,2026-05-12 05:36:01+00:00,ALERTA_TERMICA_OCR,OCR,0.35,0.0,data/tif/PlanchonPeteroa/20260512_053601_VIIRS375.tif,22.939819176721677,-35.03754958482579,-70.67950897771912,24.6063886845146,24.689647878455403,2.2937786823567157,-35.24202199395677,-70.57983501547292,0.5982661024417182,1.0980801570011771,19.04775474584677,-35.06822044619544,-70.65874356891783,20.731871055488075,20.80647856169135,4.319688125881574,-35.18749601818851,-70.55076344315113,6.30354594851439,6.044535820070422
Lascar,VIIRS375,2026-05-12 05:36:01+00:00,ALERTA_TERMICA_OCR,OCR,1.17,0.0,data/tif/Lascar/20260512_053601_VIIRS375.tif,23.367756088862063,-23.361929304283976,-67.95975893907625,23.309221479542632,23.262100370014906,24.491666651865927,-23.361929304283976,-67.97077804945464,24.434025730042947,24.38627810775632,14.966051156950625,-23.50095168913652,-67.69530028999502,15.783463206463853,15.142581660133319,21.938791808216543,-23.521296428383234,-67.59245525979676,22.606791303156736,22.123171875663267
Lascar,VIIRS750,2026-05-12 05:36:01+00:00,ALERTA_TERMICA_OCR,OCR,2.0,0.0,data/tif/Lascar/20260512_053601_VIIRS750.tif,23.172609559933136,-23.37211696033635,-67.95803474752648,23.154609588307675,23.074527540531502,14.131832057343763,-23.493266223739248,-67.69556410674049,14.947238765742128,14.309103929624142,14.131832057343763,-23.493266223739248,-67.69556410674049,14.947238765742128,14.309103929624142,23.179152061743483,-23.365386445702853,-67.95803474752648,23.134263723742816,23.076008466676765
Lascar,VIIRS375,2026-05-12 05:36:01+00:00,ALERTA_TERMICA,CONS,1.17,1.19,data/tif/Lascar/20260512_053601_VIIRS375.tif,23.367756088862063,-23.361929304283976,-67.95975893907625,23.309221479542632,23.262100370014906,24.491666651865927,-23.361929304283976,-67.97077804945464,24.434025730042947,24.38627810775632,14.966051156950625,-23.50095168913652,-67.69530028999502,15.783463206463853,15.142581660133319,21.938791808216543,-23.521296428383234,-67.59245525979676,22.606791303156736,22.123171875663267
Lascar,MODIS,2026-05-13 01:45:00+00:00,ALERTA_TERMICA,CONS,0.84,1.41,data/tif/Lascar/20260513_014500_MODIS.tif,22.585532230703723,-23.37876753985963,-67.95210891386753,22.595352874354514,22.49273404057995,21.860679085728222,-23.52167148154047,-67.59413737519158,22.532220261721797,22.045229513019272,21.860679085728222,-23.52167148154047,-67.59413737519158,22.532220261721797,22.045229513019272,21.860679085728222,-23.52167148154047,-67.59413737519158,22.532220261721797,22.045229513019272
Tupungatito,VIIRS375,2026-05-13 05:18:01+00:00,ALERTA_TERMICA,CONS,0.15,5.21,data/tif/Tupungatito/20260513_051801_VIIRS375.tif,24.747953202254894,-33.494631222910584,-70.05453011463113,24.53551870473301,24.675581466350625,5.037582832669323,-33.38638960233406,-69.82459020759151,0.338445320377358,2.7389949580311908,5.037582832669323,-33.38638960233406,-69.82459020759151,0.338445320377358,2.7389949580311908,5.037582832669323,-33.38638960233406,-69.82459020759151,24.53551870473301,2.7389949580311908
PuyehueCordonCaulle,VIIRS375,2026-05-13 05:18:01+00:00,ALERTA_TERMICA,CONS,0.12,7.73,data/tif/PuyehueCordonCaulle/20260513_051801_VIIRS375.tif,22.25218521319605,-40.654250682434316,-72.36852962761364,23.61372065377997,22.398850035492057,7.749924310341174,-40.52282656228641,-72.14168481641858,0.47949521928574423,7.7550169987254085,7.749924310341174,-40.52282656228641,-72.14168481641858,0.47949521928574423,7.7550169987254085,7.749924310341174,-40.52282656228641,-72.14168481641858,0.47949521928574423,7.7550169987254085
Lascar,VIIRS750,2026-05-13 06:06:02+00:00,ALERTA_TERMICA,CONS,0.88,1.5,data/tif/Lascar/20260513_060602_VIIRS750.tif,23.179152061743483,-23.365386445702853,-67.95803474752648,23.134263723742816,23.076008466676765,0.567814188907699,-23.365386445702853,-67.73201836240521,0.27997988929696294,0.4018138316552724,0.567814188907699,-23.365386445702853,-67.73201836240521,0.27997988929696294,0.4018138316552724,21.776438919083486,-23.520188282273228,-67.59349219087926,22.444510207226323,21.960820621664087
Lascar,VIIRS375,2026-05-13 06:06:02+00:00,ALERTA_TERMICA,CONS,0.99,1.55,data/tif/Lascar/20260513_060602_VIIRS375.tif,22.9931382257601,-23.361929304283976,-67.95608590228346,22.934286988276842,22.887387835391046,0.9486378224998266,-23.361929304283976,-67.73203065792298,0.12774311401739927,0.7862328055662656,0.9486378224998266,-23.361929304283976,-67.73203065792298,0.12774311401739927,0.7862328055662656,0.9486378224998266,-23.361929304283976,-67.73203065792298,0.12774311401739927,0.7862328055662656
PlanchonPeteroa,VIIRS375,2026-05-13 06:06:02+00:00,ALERTA_TERMICA,CONS,0.25,2.02,data/tif/PlanchonPeteroa/20260513_060602_VIIRS375.tif,21.275290845410893,-35.04777320528234,-70.66289665067809,22.98728003370274,23.050542292756386,1.9541955935977446,-35.238614120471254,-70.57983501547292,0.6509598567225732,1.0858292578182966,6.355432543412111,-35.170456650760926,-70.59644734251395,8.130685934647154,8.153386853585712,6.355432543412111,-35.170456650760926,-70.59644734251395,8.130685934647154,8.153386853585712
Lastarria,VIIRS375,2026-05-13 06:36:00+00:00,ALERTA_TERMICA,CONS,0.07,1.19,data/tif/Lastarria/20260513_063600_VIIRS375.tif,24.43267833243503,-24.9811478131386,-68.63505161021389,24.454304320131236,24.454304320131236,9.619955378814282,-25.224035359859073,-68.43487876617479,9.564552786685866,9.564552786685866,9.619955378814282,-25.224035359859073,-68.43487876617479,9.564552786685866,9.564552786685866,10.037756009166019,-25.078977519456565,-68.49418923848268,9.982528088843818,9.982528088843818
PuyehueCordonCaulle,VIIRS375,2026-05-13 06:42:00+00:00,ALERTA_TERMICA,CONS,0.1,7.73,data/tif/PuyehueCordonCaulle/20260513_064200_VIIRS375.tif,7.749924310341174,-40.52282656228641,-72.14168481641858,0.47949521928574423,7.7550169987254085,7.749924310341174,-40.52282656228641,-72.14168481641858,0.47949521928574423,7.7550169987254085,7.749924310341174,-40.52282656228641,-72.14168481641858,0.47949521928574423,7.7550169987254085,7.749924310341174,-40.52282656228641,-72.14168481641858,0.47949521928574423,7.7550169987254085
Lascar,MODIS,2026-05-13 07:35:00+00:00,ALERTA_TERMICA,CONS,0.76,1.41,data/tif/Lascar/20260513_073500_MODIS.tif,10.370276044361178,-23.432356517989945,-67.80698531710702,10.911972389868035,10.401307424421615,14.128096687506927,-23.244795094533842,-67.7102362526,13.312903596955177,13.98866388631628,14.128096687506927,-23.244795094533842,-67.7102362526,13.312903596955177,13.98866388631628,8.59150904934495,-23.29838407266416,-67.7005613461493,7.838163299456536,8.48290631468024
Isluga,VIIRS375,2026-05-14 05:42:02+00:00,ALERTA_TERMICA,CONS,0.07,0.53,data/tif/Isluga/20260514_054202_VIIRS375.tif,9.486095921649122,-19.071300936496474,-68.80378099023892,9.17429833044679,9.17429833044679,9.486095921649122,-19.071300936496474,-68.80378099023892,9.17429833044679,9.17429833044679,9.486095921649122,-19.071300936496474,-68.80378099023892,9.17429833044679,9.17429833044679,9.486095921649122,-19.071300936496474,-68.80378099023892,9.17429833044679,9.17429833044679
Lascar,VIIRS375,2026-05-14 05:48:02+00:00,ALERTA_TERMICA,CONS,0.96,1.5,data/tif/Lascar/20260514_054802_VIIRS375.tif,23.35528077965129,-23.365320094158427,-67.95975893907625,23.310173036047136,23.25211338350871,0.5752976182545734,-23.365320094158427,-67.73203065792298,0.2730725024465205,0.4091993917850297,0.5752976182545734,-23.365320094158427,-67.73203065792298,0.2730725024465205,0.4091993917850297,0.5752976182545734,-23.365320094158427,-67.73203065792298,0.2730725024465205,0.4091993917850297
Tupungatito,VIIRS375,2026-05-14 05:48:02+00:00,ALERTA_TERMICA,CONS,0.21,6.55,data/tif/Tupungatito/20260514_054802_VIIRS375.tif,24.9103556428995,-33.291678184329605,-69.58658223363823,24.934150113854624,24.869061732041132,10.228659260184878,-33.383007051691045,-69.89720280981456,6.610337058342195,9.220008949375654,24.285860070575893,-33.61302049541616,-69.66322886931809,16.654530722635418,17.72078092967934,24.285860070575893,-33.61302049541616,-69.66322886931809,16.654530722635418,24.032637622262015
Lastarria,VIIRS375,2026-05-14 05:48:02+00:00,ALERTA_TERMICA,CONS,0.14,2.4,data/tif/Lastarria/20260514_054802_VIIRS375.tif,10.037756009166019,-25.078977519456565,-68.49418923848268,9.982528088843818,9.982528088843818,9.619955378814282,-25.224035359859073,-68.43487876617479,9.564552786685866,9.564552786685866,9.619955378814282,-25.224035359859073,-68.43487876617479,9.564552786685866,9.564552786685866,10.037756009166019,-25.078977519456565,-68.49418923848268,9.982528088843818,9.982528088843818
NevadosDeChillan,VIIRS375,2026-05-14 05:48:02+00:00,ALERTA_TERMICA,CONS,0.06,0.38,data/tif/ChillanNevadosde/20260514_054802_VIIRS375.tif,21.091011223197498,-36.889038926027034,-71.61585733322725,21.442483181255092,21.442483181255092,12.179334464238018,-36.83750142806594,-71.51323145861977,12.448908768696128,12.448908768696128,24.421665494197075,-36.847808927658164,-71.65434203620507,24.733674800311082,24.733674800311082,21.46830314820053,-36.889038926027034,-71.6201334113359,21.819412404739953,21.819412404739953
PlanchonPeteroa,VIIRS375,2026-05-14 05:48:02+00:00,ALERTA_TERMICA,CONS,0.18,2.28,data/tif/PlanchonPeteroa/20260514_054802_VIIRS375.tif,22.777644812536618,-35.03754958482579,-70.67535589595886,24.460700372134795,24.53697263974173,2.16692073410277,-35.24202199395677,-70.57568193371267,0.23574428461735927,0.7329819259820453,2.16692073410277,-35.24202199395677,-70.57568193371267,0.23574428461735927,0.7329819259820453,2.16692073410277,-35.24202199395677,-70.57568193371267,0.23574428461735927,0.7329819259820453
Lastarria,VIIRS375,2026-05-14 06:18:00+00:00,ALERTA_TERMICA_OCR,OCR,0.14,0.0,data/tif/Lastarria/20260514_061800_VIIRS375.tif,10.037756009166019,-25.078977519456565,-68.49418923848268,9.982528088843818,9.982528088843818,9.619955378814282,-25.224035359859073,-68.43487876617479,9.564552786685866,9.564552786685866,9.619955378814282,-25.224035359859073,-68.43487876617479,9.564552786685866,9.564552786685866,10.037756009166019,-25.078977519456565,-68.49418923848268,9.982528088843818,9.982528088843818
Lascar,VIIRS375,2026-05-14 06:18:00+00:00,ALERTA_TERMICA_OCR,OCR,0.62,0.0,data/tif/Lascar/20260514_061800_VIIRS375.tif,23.35528077965129,-23.365320094158427,-67.95975893907625,23.310173036047136,23.25211338350871,1.0572809731800086,-23.361929304283976,-67.73570369471577,0.4516054521480139,0.8723998267733571,1.0572809731800086,-23.361929304283976,-67.73570369471577,0.4516054521480139,0.8723998267733571,1.0572809731800086,-23.361929304283976,-67.73570369471577,0.4516054521480139,0.8723998267733571
Lascar,VIIRS375,2026-05-14 06:18:00+00:00,ALERTA_TERMICA,CONS,0.62,1.35,data/tif/Lascar/20260514_061800_VIIRS375.tif,23.35528077965129,-23.365320094158427,-67.95975893907625,23.310173036047136,23.25211338350871,1.0572809731800086,-23.361929304283976,-67.73570369471577,0.4516054521480139,0.8723998267733571,1.0572809731800086,-23.361929304283976,-67.73570369471577,0.4516054521480139,0.8723998267733571,1.0572809731800086,-23.361929304283976,-67.73570369471577,0.4516054521480139,0.8723998267733571
Lastarria,VIIRS375,2026-05-14 06:18:00+00:00,ALERTA_TERMICA,CONS,0.14,2.4,data/tif/Lastarria/20260514_061800_VIIRS375.tif,10.037756009166019,-25.078977519456565,-68.49418923848268,9.982528088843818,9.982528088843818,9.619955378814282,-25.224035359859073,-68.43487876617479,9.564552786685866,9.564552786685866,9.619955378814282,-25.224035359859073,-68.43487876617479,9.564552786685866,9.564552786685866,10.037756009166019,-25.078977519456565,-68.49418923848268,9.982528088843818,9.982528088843818
PuyehueCordonCaulle,VIIRS375,2026-05-14 06:24:00+00:00,ALERTA_TERMICA_OCR,OCR,0.79,0.0,data/tif/PuyehueCordonCaulle/20260514_062400_VIIRS375.tif,7.749924310341174,-40.52282656228641,-72.14168481641858,0.47949521928574423,7.7550169987254085,7.749924310341174,-40.52282656228641,-72.14168481641858,0.47949521928574423,7.7550169987254085,7.749924310341174,-40.52282656228641,-72.14168481641858,0.47949521928574423,7.7550169987254085,7.749924310341174,-40.52282656228641,-72.14168481641858,0.47949521928574423,7.7550169987254085
PuyehueCordonCaulle,VIIRS375,2026-05-14 06:24:00+00:00,ALERTA_TERMICA,CONS,0.79,7.83,data/tif/PuyehueCordonCaulle/20260514_062400_VIIRS375.tif,7.749924310341174,-40.52282656228641,-72.14168481641858,0.47949521928574423,7.7550169987254085,7.749924310341174,-40.52282656228641,-72.14168481641858,0.47949521928574423,7.7550169987254085,7.749924310341174,-40.52282656228641,-72.14168481641858,0.47949521928574423,7.7550169987254085,7.749924310341174,-40.52282656228641,-72.14168481641858,0.47949521928574423,7.7550169987254085
Lascar,MODIS,2026-05-15 01:25:00+00:00,ALERTA_TERMICA,CONS,0.86,1.0,data/tif/Lascar/20260515_012500_MODIS.tif,22.56725543215195,-23.369836043504577,-67.95210891386753,22.540464379367158,22.467445646937318,22.69627127889758,-23.30731556901921,-67.94243400741684,22.41482422924972,22.55307017627454,21.860679085728222,-23.52167148154047,-67.59413737519158,22.532220261721797,22.045229513019272,24.76614307626656,-23.575260459670783,-67.82633513000842,22.540464379367158,24.871602557511547
Lascar,VIIRS750,2026-05-15 05:24:02+00:00,ALERTA_TERMICA,CONS,0.99,1.5,data/tif/Lascar/20260515_052402_VIIRS750.tif,23.172609559933136,-23.37211696033635,-67.95803474752648,23.154609588307675,23.074527540531502,14.131832057343763,-23.493266223739248,-67.69556410674049,14.947238765742128,14.309103929624142,14.856510771401508,-23.499996738372744,-67.69556410674049,15.67393103832651,15.033041236183637,14.856510771401508,-23.499996738372744,-67.69556410674049,15.67393103832651,15.033041236183637
Isluga,VIIRS750,2026-05-15 05:24:02+00:00,ALERTA_TERMICA,CONS,0.15,1.06,data/tif/Isluga/20260515_052402_VIIRS750.tif,19.353695079724513,-19.058557183175864,-68.67736955592976,18.988790540656478,18.988790540656478,5.983721447374183,-19.098658168872777,-68.83918466888045,5.789930324299021,5.789930324299021,5.983721447374183,-19.098658168872777,-68.83918466888045,5.789930324299021,5.789930324299021,21.6721457445509,-19.3459475806704,-68.81104291010642,21.87910378040305,21.87910378040305
Llaima,VIIRS375,2026-05-15 06:24:01+00:00,ALERTA_TERMICA,CONS,0.08,1.88,data/tif/Llaima/20260515_062401_VIIRS375.tif,12.50325157823984,-38.58357076850497,-71.69321151295463,12.451050457166149,12.451050457166149,12.50325157823984,-38.58357076850497,-71.69321151295463,12.451050457166149,12.451050457166149,12.50325157823984,-38.58357076850497,-71.69321151295463,12.451050457166149,12.451050457166149,12.50325157823984,-38.58357076850497,-71.69321151295463,12.451050457166149,12.451050457166149
Lascar,VIIRS750,2026-05-16 05:06:02+00:00,ALERTA_TERMICA,CONS,0.39,1.68,data/tif/Lascar/20260516_050602_VIIRS750.tif,23.179152061743483,-23.365386445702853,-67.95803474752648,23.134263723742816,23.076008466676765,14.856510771401508,-23.499996738372744,-67.69556410674049,15.67393103832651,15.033041236183637,14.856510771401508,-23.499996738372744,-67.69556410674049,15.67393103832651,15.033041236183637,21.776438919083486,-23.520188282273228,-67.59349219087926,22.444510207226323,21.960820621664087
PuyehueCordonCaulle,VIIRS750,2026-05-16 05:12:02+00:00,ALERTA_TERMICA,CONS,0.82,8.55,data/tif/PuyehueCordonCaulle/20260516_051202_VIIRS750.tif,22.961772262066237,-40.66752891276026,-72.37104427109921,24.698421551142175,23.10735704605747,19.0795218424527,-40.64006927732266,-72.33502180961507,20.414133222587424,19.22656440014114,19.8579013800487,-40.45471673811883,-71.96579157940276,17.162221281124044,19.73926478064445,20.14179465380428,-40.440986920400036,-71.98380281014482,16.637435812675974,20.033198608588503
Lascar,VIIRS750,2026-05-16 06:00:01+00:00,ALERTA_TERMICA,CONS,0.45,1.68,data/tif/Lascar/20260516_060001_VIIRS750.tif,24.80090156960129,-23.3115423286349,-67.96532559865943,24.555798135115282,24.663453297620425,13.671132746932704,-23.41923056277081,-67.60807389314515,14.058689396509683,13.825633703507805,13.671132746932704,-23.41923056277081,-67.60807389314515,14.058689396509683,13.825633703507805,13.671132746932704,-23.41923056277081,-67.60807389314515,14.058689396509683,13.825633703507805
Isluga,VIIRS375,2026-05-16 06:00:01+00:00,ALERTA_TERMICA,CONS,0.08,0.53,data/tif/Isluga/20260516_060001_VIIRS375.tif,17.46777333622093,-19.25985845495422,-68.71162740385375,17.427765550741103,17.427765550741103,0.4879699554836969,-19.15547840009368,-68.83568030860302,0.8526975321948925,0.8526975321948925,0.4879699554836969,-19.15547840009368,-68.83568030860302,0.8526975321948925,0.8526975321948925,0.4879699554836969,-19.15547840009368,-68.83568030860302,0.8526975321948925,0.8526975321948925
Isluga,VIIRS375,2026-05-17 05:42:01+00:00,ALERTA_TERMICA,CONS,0.25,0.53,data/tif/Isluga/20260517_054201_VIIRS375.tif,17.668948464177003,-19.28006104621755,-68.73289361609648,17.6950946541868,17.6950946541868,0.37794529302772595,-19.15547840009368,-68.83213593989589,0.6491737992249261,0.6491737992249261,0.37794529302772595,-19.15547840009368,-68.83213593989589,0.6491737992249261,0.6491737992249261,0.37794529302772595,-19.15547840009368,-68.83213593989589,0.6491737992249261,0.6491737992249261
Tupungatito,VIIRS375,2026-05-17 05:42:01+00:00,ALERTA_TERMICA,CONS,0.06,5.21,data/tif/Tupungatito/20260517_054201_VIIRS375.tif,24.747953202254894,-33.494631222910584,-70.05453011463113,24.864829743294084,24.675581466350625,9.830647063961138,-33.399919804906126,-69.90123684327139,7.054462167015895,9.397923077704315,5.215340217492626,-33.38638960233406,-69.82862424104835,0.3616148148584133,3.0581548926732847,19.98450318782245,-33.254470127256425,-69.86089650870304,15.303882700290735,17.14277045950461
PlanchonPeteroa,VIIRS750,2026-05-17 05:42:01+00:00,ALERTA_TERMICA,CONS,0.33,1.68,data/tif/PlanchonPeteroa/20260517_054201_VIIRS750.tif,24.548589221020436,-35.0355364730563,-70.71168202537034,24.726504448301007,24.839880085452165,4.418772602134145,-35.184358507289545,-70.57977728487168,6.336267540823944,6.278894299521601,4.514253293849754,-35.184358507289545,-70.55504514602819,6.524626094656828,6.298006617796317,4.514253293849754,-35.184358507289545,-70.55504514602819,6.524626094656828,6.298006617796317
Isluga,VIIRS750,2026-05-17 05:42:01+00:00,ALERTA_TERMICA,CONS,0.24,0.75,data/tif/Isluga/20260517_054201_VIIRS750.tif,4.955246340998972,-19.192227135498904,-68.85325554826747,5.292733056535391,5.292733056535391,6.2654434401515156,-19.132075656953536,-68.88843274673502,6.453694429057097,6.453694429057097,19.906344786109496,-19.071924178408167,-68.66329867654274,19.548342558607104,19.548342558607104,19.603987745429684,-19.065240680792016,-68.67033411623625,19.24209461232428,19.24209461232428
Chaiten,VIIRS375,2026-05-17 05:48:01+00:00,ALERTA_TERMICA_OCR,OCR,0.24,0.0,data/tif/Chaiten/20260517_054801_VIIRS375.tif,21.865350267434618,-42.95887649453469,-72.85846725976299,21.720264075454804,22.259098681471468,0.16878563724199602,-42.834946638068516,-72.6479801332861,0.4034820747486096,0.2700449941763364,0.16878563724199602,-42.834946638068516,-72.6479801332861,0.4034820747486096,0.2700449941763364,19.674452324528847,-42.70068929356349,-72.80701485106864,19.48377348343193,19.728415827464485
Villarrica,VIIRS375,2026-05-17 05:48:01+00:00,ALERTA_TERMICA,CONS,0.21,0.84,data/tif/Villarrica/20260517_054801_VIIRS375.tif,19.043365082293814,-39.51880654799519,-72.11671579303304,18.72371734156568,19.43162089019565,0.8466318172969713,-39.41851736818925,-71.9428214795072,0.3164757711327218,1.1136412566709832,22.723624789808472,-39.62601222296017,-71.92498616529943,22.917917083707973,22.911581998163214,19.837745914659617,-39.553389023790345,-72.08996282172137,19.6250049083458,20.209904488704268
Chaiten,VIIRS375,2026-05-17 05:48:01+00:00,ALERTA_TERMICA,CONS,0.24,0.38,data/tif/Chaiten/20260517_054801_VIIRS375.tif,21.865350267434618,-42.95887649453469,-72.85846725976299,21.720264075454804,22.259098681471468,0.16878563724199602,-42.834946638068516,-72.6479801332861,0.4034820747486096,0.2700449941763364,0.16878563724199602,-42.834946638068516,-72.6479801332861,0.4034820747486096,0.2700449941763364,19.674452324528847,-42.70068929356349,-72.80701485106864,19.48377348343193,19.728415827464485
PuyehueCordonCaulle,VIIRS375,2026-05-17 05:48:01+00:00,ALERTA_TERMICA,CONS,0.41,7.83,data/tif/PuyehueCordonCaulle/20260517_054801_VIIRS375.tif,20.42651780296226,-40.44328038430215,-71.97381965613422,17.20365586024685,20.313898057625572,7.749924310341174,-40.52282656228641,-72.14168481641858,0.47949521928574423,7.7550169987254085,7.749924310341174,-40.52282656228641,-72.14168481641858,0.47949521928574423,7.7550169987254085,7.749924310341174,-40.52282656228641,-72.14168481641858,0.47949521928574423,7.7550169987254085
PuyehueCordonCaulle,VIIRS750,2026-05-17 05:48:01+00:00,ALERTA_TERMICA,CONS,0.51,7.65,data/tif/PuyehueCordonCaulle/20260517_054801_VIIRS750.tif,19.971324108898266,-40.447851829259434,-71.97479719477379,16.86750052740334,19.857580477102026,22.000871575071415,-40.41352728496243,-72.00181404088688,17.437554870086835,21.906804880458896,22.000871575071415,-40.41352728496243,-72.00181404088688,17.437554870086835,21.906804880458896,22.000871575071415,-40.41352728496243,-72.00181404088688,17.437554870086835,21.906804880458896
PuyehueCordonCaulle,VIIRS375,2026-05-17 06:36:02+00:00,ALERTA_TERMICA,CONS,0.62,8.02,data/tif/PuyehueCordonCaulle/20260517_063602_VIIRS375.tif,10.474403193581406,-40.529743621241565,-72.02372551459715,10.356804091281635,10.34318279038676,10.474403193581406,-40.529743621241565,-72.02372551459715,10.356804091281635,10.34318279038676,11.072525778224556,-40.529743621241565,-72.01465172214934,11.1229660683723,10.938419685809457,10.770797628411538,-40.529743621241565,-72.01918861837325,10.73987184617166,10.638060628415591
Chaiten,VIIRS375,2026-05-17 06:36:02+00:00,ALERTA_TERMICA,CONS,0.1,0.0,data/tif/Chaiten/20260517_063602_VIIRS375.tif,0.7959909435994429,-42.82806164604261,-72.65265762498558,0.7141022535903974,0.7721937600327495,24.568623435999594,-42.79707918192607,-72.35329815621843,24.78778215123853,24.206697122235198,0.7075063856100052,-42.831504142055564,-72.65733511668506,0.49105880865663576,0.939164262129734,0.7959909435994429,-42.82806164604261,-72.65265762498558,0.7141022535903974,0.7721937600327495
Isluga,VIIRS375,2026-05-18 05:18:01+00:00,ALERTA_TERMICA_OCR,OCR,0.27,0.0,data/tif/Isluga/20260518_051801_VIIRS375.tif,6.021731706115492,-19.202617779708117,-68.85340215213861,6.3461134632743255,6.3461134632743255,0.4879699554836969,-19.15547840009368,-68.83568030860302,0.8526975321948925,0.8526975321948925,0.4879699554836969,-19.15547840009368,-68.83568030860302,0.8526975321948925,0.8526975321948925,5.658836074154485,-19.10160482339147,-68.83922467731013,5.467873609784262,5.467873609784262
Isluga,VIIRS375,2026-05-18 05:18:01+00:00,ALERTA_TERMICA,CONS,0.27,0.75,data/tif/Isluga/20260518_051801_VIIRS375.tif,6.021731706115492,-19.202617779708117,-68.85340215213861,6.3461134632743255,6.3461134632743255,0.4879699554836969,-19.15547840009368,-68.83568030860302,0.8526975321948925,0.8526975321948925,0.4879699554836969,-19.15547840009368,-68.83568030860302,0.8526975321948925,0.8526975321948925,5.658836074154485,-19.10160482339147,-68.83922467731013,5.467873609784262,5.467873609784262
PlanchonPeteroa,VIIRS375,2026-05-18 05:24:01+00:00,ALERTA_TERMICA,CONS,0.16,1.91,data/tif/PlanchonPeteroa/20260518_052401_VIIRS375.tif,22.59932607570152,-35.04095745831131,-70.67950897771912,24.258204749480818,24.3445488607545,6.5783306785531135,-35.16704877727541,-70.5922942607537,8.412093123336494,8.406778813268451,23.310319178795606,-35.16704877727541,-70.32234394633693,24.24637313727481,23.748293524879468,3.974207283759124,-35.190903891674026,-70.55076344315113,5.946500272895196,5.679372866298499
Tupungatito,VIIRS375,2026-05-18 05:24:01+00:00,ALERTA_TERMICA,CONS,0.14,4.89,data/tif/Tupungatito/20260518_052401_VIIRS375.tif,24.864493922439976,-33.4980137735536,-70.05453011463113,24.717341770586728,24.675581466350625,4.893781162445382,-33.38977215297708,-69.82862424104835,0.224058461485282,2.8905101655587826,4.893781162445382,-33.38977215297708,-69.82862424104835,0.224058461485282,2.8905101655587826,4.893781162445382,-33.38977215297708,-69.82862424104835,0.224058461485282,2.8905101655587826
Lascar,VIIRS375,2026-05-18 05:24:01+00:00,ALERTA_TERMICA,CONS,0.52,1.19,data/tif/Lascar/20260518_052401_VIIRS375.tif,22.99163678670493,-23.378883253656237,-67.95608590228346,23.00105864941487,22.89880360685106,0.7408718618787686,-23.365320094158427,-67.73570369471577,0.5120478260633222,0.557099561550311,0.9486378224998266,-23.361929304283976,-67.73203065792298,0.12774311401739927,0.7862328055662656,21.69925578054699,-23.521296428383234,-67.59612829658957,22.373718101424647,21.883939682366947
PuyehueCordonCaulle,VIIRS375,2026-05-18 05:24:01+00:00,ALERTA_TERMICA,CONS,0.2,7.65,data/tif/PuyehueCordonCaulle/20260518_052401_VIIRS375.tif,17.436792804628794,-40.52282656228641,-72.30501308047903,13.431959152807728,17.552356686418065,7.662878119479106,-40.52282656228641,-72.13714792019468,0.8158284788190344,7.660846012879498,8.122812093185368,-40.519368032808835,-72.14168481641858,0.7787028797328429,8.126094419777225,8.122812093185368,-40.519368032808835,-72.14168481641858,0.7787028797328429,8.126094419777225
Lascar,VIIRS750,2026-05-18 05:24:01+00:00,ALERTA_TERMICA,CONS,0.26,0.75,data/tif/Lascar/20260518_052401_VIIRS750.tif,23.179152061743483,-23.365386445702853,-67.95803474752648,23.134263723742816,23.076008466676765,23.952921845542043,-23.35865593106936,-67.96532559865943,23.882217130603564,23.845085509423786,23.2319590740815,-23.385577989603338,-67.95803474752648,23.267576605714865,23.14428075889712,23.179152061743483,-23.365386445702853,-67.95803474752648,23.134263723742816,23.076008466676765
Chaiten,VIIRS375,2026-05-18 05:30:01+00:00,ALERTA_TERMICA,CONS,0.22,0.75,data/tif/Chaiten/20260518_053001_VIIRS375.tif,22.07646944289565,-42.81429166199082,-72.91927465185631,21.84087942079972,22.38404321342136,0.2126336607887295,-42.834946638068516,-72.65265762498558,0.055012890740113896,0.5844401726076948,0.2126336607887295,-42.834946638068516,-72.65265762498558,0.055012890740113896,0.5844401726076948,0.2126336607887295,-42.834946638068516,-72.65265762498558,0.055012890740113896,0.5844401726076948
Isluga,VIIRS375,2026-05-18 06:12:02+00:00,ALERTA_TERMICA,CONS,0.06,0.53,data/tif/Isluga/20260518_061202_VIIRS375.tif,6.522766674219775,-19.209351976795894,-68.84631341472438,6.818408217975911,6.818408217975911,24.560517901963966,-19.13864290737424,-69.06606427456593,24.829621730515804,24.829621730515804,24.560517901963966,-19.13864290737424,-69.06606427456593,24.829621730515804,24.829621730515804,5.715971890567381,-19.10160482339147,-68.84276904601725,5.545991430629552,5.545991430629552
Lastarria,VIIRS375,2026-05-18 06:12:02+00:00,ALERTA_TERMICA,CONS,0.08,1.19,data/tif/Lastarria/20260518_061202_VIIRS375.tif,9.940461121374623,-25.078977519456565,-68.50901685655964,9.900944132096773,9.900944132096773,9.951039654903898,-25.078977519456565,-68.51272376107889,9.915620063299496,9.915620063299496,9.951039654903898,-25.078977519456565,-68.51272376107889,9.915620063299496,9.915620063299496,9.940461121374623,-25.078977519456565,-68.50901685655964,9.900944132096773,9.900944132096773
Lascar,VIIRS375,2026-05-18 06:12:02+00:00,ALERTA_TERMICA,CONS,0.24,1.5,data/tif/Lascar/20260518_061202_VIIRS375.tif,23.730095879460595,-23.365320094158427,-67.96343197586904,23.685083089106342,23.626981703191525,23.54667455059228,-23.31106745616719,-67.95241286549066,23.288703051137034,23.40712873473521,23.54667455059228,-23.31106745616719,-67.95241286549066,23.288703051137034,23.40712873473521,23.54667455059228,-23.31106745616719,-67.95241286549066,23.288703051137034,23.40712873473521
PuyehueCordonCaulle,VIIRS375,2026-05-18 06:18:02+00:00,ALERTA_TERMICA,CONS,0.51,7.73,data/tif/PuyehueCordonCaulle/20260518_061802_VIIRS375.tif,18.15001529651539,-40.540119209674295,-72.32316066537463,15.04869654827799,18.27660103091367,7.749924310341174,-40.52282656228641,-72.14168481641858,0.47949521928574423,7.7550169987254085,7.749924310341174,-40.52282656228641,-72.14168481641858,0.47949521928574423,7.7550169987254085,7.749924310341174,-40.52282656228641,-72.14168481641858,0.47949521928574423,7.7550169987254085
Tupungatito,VIIRS375,2026-05-18 06:48:00+00:00,ALERTA_TERMICA,CONS,0.05,4.8,data/tif/Tupungatito/20260518_064800_VIIRS375.tif,24.509974771480906,-33.4980137735536,-70.0504960811743,24.06766865297644,24.33488806008952,19.948494499089094,-33.34918154526088,-69.9940196127786,16.186939568140197,18.88168025313062,19.470052545665133,-33.43036276069328,-70.01015574660595,17.666612137938944,19.79558368493721,19.470052545665133,-33.43036276069328,-70.01015574660595,17.666612137938944,19.79558368493721
Lascar,MODIS,2026-05-18 07:30:00+00:00,ALERTA_TERMICA,CONS,0.34,1.0,data/tif/Lascar/20260518_073000_MODIS.tif,24.582657690377864,-23.30731556901921,-67.96178382031825,24.319867339250486,24.44244094616176,9.003257753932326,-23.289452576309106,-67.7295860655014,8.172464274206083,8.848715467181107,9.073243426162936,-23.289452576309106,-67.7199111590507,8.254345965041495,8.930989172886681,23.464292033904922,-23.16441162733837,-67.68121153324789,22.662213096696007,23.3333229240742
Isluga,VIIRS375,2026-05-19 05:00:01+00:00,ALERTA_TERMICA,CONS,0.23,0.84,data/tif/Isluga/20260519_050001_VIIRS375.tif,5.542196616399197,-19.19925068116423,-68.8498577834315,5.860119240523716,5.860119240523716,0.48945606468720343,-19.148744203005904,-68.83568030860302,0.6127944465977165,0.6127944465977165,0.31410509330839986,-19.152111301549795,-68.83568030860302,0.6411911643011252,0.6411911643011252,0.31410509330839986,-19.152111301549795,-68.83568030860302,0.6411911643011252,0.6411911643011252
PuyehueCordonCaulle,VIIRS375,2026-05-19 05:06:01+00:00,ALERTA_TERMICA,CONS,0.37,8.1,data/tif/PuyehueCordonCaulle/20260519_050601_VIIRS375.tif,17.13486239235652,-40.71304568355312,-72.2414965333444,18.541215031865466,17.248410422820463,7.286755880077899,-40.52628509176399,-72.13714792019468,0.7647754817353727,7.2863780517809476,6.7064096475364,-40.54357773915187,-72.16890619376198,2.7827684338213876,6.772672184015627,7.749924310341174,-40.52282656228641,-72.14168481641858,22.263278132362874,7.7550169987254085
Chaiten,VIIRS375,2026-05-19 05:06:01+00:00,ALERTA_TERMICA,CONS,0.07,0.38,data/tif/Chaiten/20260519_050601_VIIRS375.tif,15.376469938283375,-42.71790177362824,-72.54975280759687,15.45637018786892,15.016959460644324,23.57649823937411,-42.89346907028865,-72.37200812301639,23.81355258703912,23.32164758376577,23.57649823937411,-42.89346907028865,-72.37200812301639,23.81355258703912,23.32164758376577,24.04937179620666,-42.896911566301604,-72.36733063131689,24.286269788573296,23.79783238658426
Tupungatito,VIIRS375,2026-05-19 05:06:01+00:00,ALERTA_TERMICA,CONS,0.18,5.41,data/tif/Tupungatito/20260519_050601_VIIRS375.tif,24.636603927853347,-33.491248672267574,-70.05453011463113,24.864829743294084,24.867475364856677,5.215340217492626,-33.38638960233406,-69.82862424104835,0.3616148148584133,3.0581548926732847,5.215340217492626,-33.38638960233406,-69.82862424104835,0.3616148148584133,3.0581548926732847,5.215340217492626,-33.38638960233406,-69.82862424104835,0.3616148148584133,3.0581548926732847
Lascar,VIIRS375,2026-05-19 05:54:02+00:00,ALERTA_TERMICA,CONS,0.64,1.55,data/tif/Lascar/20260519_055402_VIIRS375.tif,22.9931382257601,-23.361929304283976,-67.95608590228346,22.934286988276842,22.887387835391046,0.9486378224998266,-23.361929304283976,-67.73203065792298,0.12774311401739927,0.7862328055662656,0.9486378224998266,-23.361929304283976,-67.73203065792298,0.12774311401739927,0.7862328055662656,0.9486378224998266,-23.361929304283976,-67.73203065792298,0.12774311401739927,0.7862328055662656
Lascar,VIIRS750,2026-05-19 05:54:02+00:00,ALERTA_TERMICA,CONS,0.66,1.5,data/tif/Lascar/20260519_055402_VIIRS750.tif,23.190230224311318,-23.378847474969845,-67.95803474752648,23.199093363204085,23.097308852972176,24.037851188233795,-23.392308504236833,-67.96532559865943,24.94776549426255,24.868410634565553,23.589393601641536,-23.304811814001404,-67.95074389639353,24.94776549426255,23.446171758997533,23.190230224311318,-23.378847474969845,-67.95803474752648,23.199093363204085,23.097308852972176
Lascar,VIIRS375,2026-05-19 06:24:00+00:00,ALERTA_TERMICA,CONS,0.03,0.84,data/tif/Lascar/20260519_062400_VIIRS375.tif,23.367756088862063,-23.361929304283976,-67.95975893907625,23.309221479542632,23.262100370014906,18.427400343796894,-23.42635431189857,-67.90099035039154,18.687576460694462,18.387169191770273,23.44353090235995,-23.314458246041642,-67.95241286549066,23.19793508594901,23.305906502201395,23.54667455059228,-23.31106745616719,-67.95241286549066,23.288703051137034,23.40712873473521
Lastarria,VIIRS375,2026-05-19 06:24:00+00:00,ALERTA_TERMICA,CONS,0.17,2.4,data/tif/Lastarria/20260519_062400_VIIRS375.tif,9.619955378814282,-25.224035359859073,-68.43487876617479,9.564552786685866,9.564552786685866,9.619955378814282,-25.224035359859073,-68.43487876617479,9.564552786685866,9.564552786685866,9.619955378814282,-25.224035359859073,-68.43487876617479,9.564552786685866,9.564552786685866,9.666437542004713,-25.082350957605463,-68.49418923848268,9.61068206462217,9.61068206462217
PuyehueCordonCaulle,VIIRS375,2026-05-19 06:48:01+00:00,ALERTA_TERMICA_OCR,OCR,0.28,0.0,data/tif/PuyehueCordonCaulle/20260519_064801_VIIRS375.tif,9.356887265119694,-40.53320215071914,-72.03733620326885,9.235258411498526,9.229061724530263,6.696523631451312,-40.5539533275846,-72.05548378816445,8.28818291936947,6.5621880641192645,9.356887265119694,-40.53320215071914,-72.03733620326885,9.235258411498526,9.229061724530263,9.641922011229198,-40.53320215071914,-72.03279930704495,9.6171134312302,9.512142093928993
Chaiten,VIIRS375,2026-05-19 06:48:01+00:00,ALERTA_TERMICA,CONS,0.05,0.0,data/tif/Chaiten/20260519_064801_VIIRS375.tif,0.7075063856100052,-42.831504142055564,-72.65733511668506,0.49105880865663576,0.939164262129734,11.534076851562334,-42.927894030418145,-72.58717274119276,11.685891246184273,11.58944140557647,0.7854140543184609,-42.82806164604261,-72.6479801332861,0.8183710616447933,0.5723698612838097,0.7075063856100052,-42.831504142055564,-72.65733511668506,0.49105880865663576,0.939164262129734
PuyehueCordonCaulle,VIIRS375,2026-05-19 06:48:01+00:00,ALERTA_TERMICA,CONS,0.28,7.73,data/tif/PuyehueCordonCaulle/20260519_064801_VIIRS375.tif,9.356887265119694,-40.53320215071914,-72.03733620326885,9.235258411498526,9.229061724530263,6.696523631451312,-40.5539533275846,-72.05548378816445,8.28818291936947,6.5621880641192645,9.356887265119694,-40.53320215071914,-72.03733620326885,9.235258411498526,9.229061724530263,9.641922011229198,-40.53320215071914,-72.03279930704495,9.6171134312302,9.512142093928993
Lascar,MODIS,2026-05-20 01:25:00+00:00,ALERTA_TERMICA,CONS,0.39,1.0,data/tif/Lascar/20260520_012500_MODIS.tif,22.56725543215195,-23.369836043504577,-67.95210891386753,22.540464379367158,22.467445646937318,21.772021026626348,-23.512739985185416,-67.58446246874088,22.411201150610598,21.954730435360638,21.772021026626348,-23.512739985185416,-67.58446246874088,22.411201150610598,21.954730435360638,22.244571019654764,-23.334110058084367,-67.51673812358597,22.149394902970585,22.31528614958763
Isluga,VIIRS375,2026-05-20 05:30:02+00:00,ALERTA_TERMICA,CONS,0.36,0.84,data/tif/Isluga/20260520_053002_VIIRS375.tif,14.574989795668909,-19.027528655425925,-68.78960351541043,14.264459155870975,14.264459155870975,0.4879699554836969,-19.15547840009368,-68.83568030860302,0.8526975321948925,0.8526975321948925,0.4879699554836969,-19.15547840009368,-68.83568030860302,0.8526975321948925,0.8526975321948925,0.4879699554836969,-19.15547840009368,-68.83568030860302,0.8526975321948925,0.8526975321948925
PlanchonPeteroa,VIIRS375,2026-05-20 05:36:02+00:00,ALERTA_TERMICA,CONS,0.31,2.02,data/tif/PlanchonPeteroa/20260520_053602_VIIRS375.tif,24.209972243159477,-35.03754958482579,-70.70858055004092,24.41093839087258,24.50423734447501,2.16692073410277,-35.24202199395677,-70.57568193371267,0.23574428461735927,0.7329819259820453,2.16692073410277,-35.24202199395677,-70.57568193371267,0.23574428461735927,0.7329819259820453,2.16692073410277,-35.24202199395677,-70.57568193371267,0.23574428461735927,0.7329819259820453
Tupungatito,VIIRS375,2026-05-20 05:36:02+00:00,ALERTA_TERMICA,CONS,0.3,5.21,data/tif/Tupungatito/20260520_053602_VIIRS375.tif,24.864493922439976,-33.4980137735536,-70.05453011463113,24.717341770586728,24.675581466350625,4.893781162445382,-33.38977215297708,-69.82862424104835,0.224058461485282,2.8905101655587826,4.893781162445382,-33.38977215297708,-69.82862424104835,0.224058461485282,2.8905101655587826,4.893781162445382,-33.38977215297708,-69.82862424104835,0.224058461485282,2.8905101655587826
