34411354187	2026-09-09T22:16:11Z	2026-09-09T22:16:11Z	2026-09-09T23:38:14Z	success	schedule
34392914929	2026-09-09T19:04:57Z	2026-09-09T19:04:57Z	2026-09-09T20:33:54Z	success	schedule
34361820210	2026-09-09T14:10:05Z	2026-09-09T14:10:05Z	2026-09-09T15:32:36Z	success	schedule
34330272741	2026-09-09T08:38:59Z	2026-09-09T08:38:59Z	2026-09-09T10:19:23Z	success	schedule
34306308796	2026-09-09T03:13:50Z	2026-09-09T03:13:50Z	2026-09-09T04:31:48Z	success	schedule
34285550372	2026-09-08T22:22:13Z	2026-09-08T22:22:13Z	2026-09-08T23:53:07Z	success	schedule
34267912684	2026-09-08T19:15:39Z	2026-09-08T19:15:39Z	2026-09-08T20:54:50Z	success	schedule
34236407989	2026-09-08T14:08:57Z	2026-09-08T14:08:57Z	2026-09-08T15:29:04Z	success	schedule
34205461552	2026-09-08T08:37:01Z	2026-09-08T08:37:01Z	2026-09-08T10:00:25Z	success	schedule
34182666375	2026-09-08T03:11:45Z	2026-09-08T03:11:45Z	2026-09-08T04:36:14Z	success	schedule
34166886832	2026-09-07T22:30:18Z	2026-09-07T22:30:18Z	2026-09-07T23:57:45Z	success	schedule
34156171930	2026-09-07T19:35:33Z	2026-09-07T19:35:33Z	2026-09-07T20:54:07Z	success	schedule
34138666266	2026-09-07T15:30:32Z	2026-09-07T15:30:32Z	2026-09-07T16:51:44Z	success	schedule
34103257673	2026-09-07T08:56:19Z	2026-09-07T08:56:19Z	2026-09-07T10:13:46Z	success	schedule
34078239436	2026-09-07T03:01:59Z	2026-09-07T03:01:59Z	2026-09-07T04:17:08Z	success	schedule
