timestamp,Fecha_Satelite_UTC,Fecha_Captura_Chile,Volcan,Sensor,VRP_MW,Distancia_km,Tipo_Registro,Clasificacion Mirova,Ruta Foto,Fecha_Proceso_GitHub,Ultima_Actualizacion,Editado,Color_Punto_Dist,Confianza_Validacion,Requiere_Verificacion,Metodo_Validacion,Nota_Validacion,Version_OCR,Zenith_Sat_deg,Azimut_Sat_deg,Nivel_Anomalia_MIROVA,Confianza_Geometria
1791438481,2026-10-08 05:48:01,2026-10-08 02:48:01,Chaiten,VIIRS375,0.15,0.41,ALERTA_TERMICA_OCR,Muy Bajo,imagenes_satelitales/Chaiten/2026-10-08/05-48-01_Chaiten_VIIRS375_VRP.png,2026-10-08 05:52:33,2026-10-08 05:52:33,NO,mixto,alta,False,roi_temporal_v26,"Estrella verde en Y=292 -> 0.41 km (límite 5.0 km, geometría medida)",30.0,6,-77,VERY_LOW,alta
1791438481,2026-10-08 05:48:01,2026-10-08 02:48:01,Nevados de Chillan,VIIRS375,0.82,0.41,ALERTA_TERMICA_OCR,Muy Bajo,imagenes_satelitales/Nevados_de_Chillan/2026-10-08/05-48-01_Nevados_de_Chillan_VIIRS375_VRP.png,2026-10-08 05:52:06,2026-10-08 05:52:06,NO,mixto,alta,False,roi_temporal_v26,"Estrella verde en Y=292 -> 0.41 km (límite 5.0 km, geometría medida)",30.0,2,-72,VERY_LOW,alta
1791438481,2026-10-08 05:48:01,2026-10-08 02:48:01,Tupungatito,VIIRS375,0.05,5.27,ALERTA_TERMICA_OCR,Muy Bajo,imagenes_satelitales/Tupungatito/2026-10-08/05-48-01_Tupungatito_VIIRS375_VRP.png,2026-10-08 05:51:53,2026-10-08 05:51:53,NO,mixto,media,False,roi_temporal_v26,"Estrella gris en Y=256 -> 5.27 km (límite 7.0 km, geometría medida) | detección débil sub-umbral MIROVA",30.0,5,-78,NONE,alta
1791438121,2026-10-08 05:42:01,2026-10-08 02:42:01,Lascar,VIIRS375,0.19,1.22,ALERTA_TERMICA_OCR,Muy Bajo,imagenes_satelitales/Lascar/2026-10-08/05-42-01_Lascar_VIIRS375_VRP.png,2026-10-08 05:31:42,2026-10-08 05:31:42,NO,mixto,alta,False,roi_temporal_v26,"Estrella verde en Y=286 -> 1.22 km (límite 5.0 km, geometría medida)",30.0,1.0,-54.0,VERY_LOW,alta
1791438121,2026-10-08 05:42:01,2026-10-08 02:42:01,Isluga,VIIRS375,0.23,0.95,ALERTA_TERMICA_OCR,Muy Bajo,imagenes_satelitales/Isluga/2026-10-08/05-42-01_Isluga_VIIRS375_VRP.png,2026-10-08 05:31:34,2026-10-08 05:31:34,NO,mixto,alta,False,roi_temporal_v26,"Estrella verde en Y=288 -> 0.95 km (límite 5.0 km, geometría medida)",30.0,15.0,99.0,VERY_LOW,alta
1791437040,2026-10-08 05:24:00,2026-10-08 02:24:00,Lascar,VIIRS375,0.54,1.22,ALERTA_TERMICA_OCR,Muy Bajo,imagenes_satelitales/Lascar/2026-10-08/05-24-00_Lascar_VIIRS375_VRP.png,2026-10-08 05:51:41,2026-10-08 05:51:41,NO,mixto,alta,False,roi_temporal_v26,"Estrella verde en Y=286 -> 1.22 km (límite 5.0 km, geometría medida)",30.0,42,102,,alta
1791437040,2026-10-08 05:24:00,2026-10-08 02:24:00,Isluga,VIIRS375,0.32,0.95,ALERTA_TERMICA_OCR,Muy Bajo,imagenes_satelitales/Isluga/2026-10-08/05-24-00_Isluga_VIIRS375_VRP.png,2026-10-08 05:51:33,2026-10-08 05:51:33,NO,mixto,alta,False,roi_temporal_v26,"Estrella verde en Y=288 -> 0.95 km (límite 5.0 km, geometría medida)",30.0,52,102,,alta
1791267841,2026-10-06 06:24:01,2026-10-06 03:24:01,Isluga,VIIRS375,0.06,0.54,ALERTA_TERMICA_OCR,Muy Bajo,imagenes_satelitales/Isluga/2026-10-06/06-24-01_Isluga_VIIRS375_VRP.png,2026-10-06 09:01:14,2026-10-06 09:01:14,NO,mixto,alta,False,roi_temporal_v26,"Estrella verde en Y=291 -> 0.54 km (límite 5.0 km, geometría medida)",30.0,48.0,-82.0,VERY_LOW,alta
1791266760,2026-10-06 06:06:00,2026-10-06 03:06:00,Chaiten,VIIRS375,0.08,0.68,ALERTA_TERMICA_OCR,Muy Bajo,imagenes_satelitales/Chaiten/2026-10-06/06-06-00_Chaiten_VIIRS375_VRP.png,2026-10-06 11:32:49,2026-10-06 11:32:49,NO,mixto,alta,False,roi_temporal_v26,"Grupo píxeles rojos Y=290 (área=20 px², dist≈0.68 km, geometría medida)",30.0,23.0,-80.0,,alta
1791266400,2026-10-06 06:00:00,2026-10-06 03:00:00,Isluga,VIIRS375,0.19,0.54,ALERTA_TERMICA_OCR,Muy Bajo,imagenes_satelitales/Isluga/2026-10-06/06-00-00_Isluga_VIIRS375_VRP.png,2026-10-06 11:01:43,2026-10-06 11:01:43,NO,mixto,alta,False,roi_temporal_v26,"Estrella verde en Y=291 -> 0.54 km (límite 5.0 km, geometría medida)",30.0,7.0,-80.0,,alta
1791264242,2026-10-06 05:24:02,2026-10-06 02:24:02,Isluga,VIIRS375,0.29,0.95,ALERTA_TERMICA_OCR,Muy Bajo,imagenes_satelitales/Isluga/2026-10-06/05-24-02_Isluga_VIIRS375_VRP.png,2026-10-06 06:31:13,2026-10-06 06:31:13,NO,mixto,alta,False,roi_temporal_v26,"Estrella verde en Y=288 -> 0.95 km (límite 5.0 km, geometría medida)",30.0,36.0,101.0,VERY_LOW,alta
1791182881,2026-10-05 06:48:01,2026-10-05 03:48:01,Nevados de Chillan,VIIRS375,4.71,0.95,ALERTA_TERMICA_OCR,Bajo,imagenes_satelitales/Nevados_de_Chillan/2026-10-05/06-48-01_Nevados_de_Chillan_VIIRS375_VRP.png,2026-10-05 08:01:46,2026-10-05 08:01:46,NO,mixto,alta,False,roi_temporal_v26,"Estrella verde en Y=288 -> 0.95 km (límite 5.0 km, geometría medida)",30.0,64.0,-87.0,LOW,alta
1791182881,2026-10-05 06:48:01,2026-10-05 03:48:01,Nevados de Chillan,VIIRS,2.0,0.54,ALERTA_TERMICA_OCR,Bajo,imagenes_satelitales/Nevados_de_Chillan/2026-10-05/06-48-01_Nevados_de_Chillan_VIIRS750_VRP.png,2026-10-05 07:32:28,2026-10-05 07:32:28,NO,mixto,alta,False,roi_temporal_v26,"Grupo píxeles rojos Y=291 (área=3 px², dist≈0.54 km, geometría medida) | ⚠️ VRP truncado por MIROVA en VIIRS: real ∈ [2, 3) MW (±1)",30.0,64.0,-87.0,LOW,alta
1791181440,2026-10-05 06:24:00,2026-10-05 03:24:00,Nevados de Chillan,VIIRS,7.0,1.76,ALERTA_TERMICA_OCR,Bajo,imagenes_satelitales/Nevados_de_Chillan/2026-10-05/06-24-00_Nevados_de_Chillan_VIIRS750_VRP.png,2026-10-05 09:33:31,2026-10-05 09:33:31,NO,mixto,alta,False,roi_temporal_v26,"Estrella verde en Y=282 -> 1.76 km (límite 5.0 km, geometría medida) | ⚠️ VRP truncado por MIROVA en VIIRS: real ∈ [7, 8) MW (±1)",30.0,44.0,-83.0,,alta
1791181440,2026-10-05 06:24:00,2026-10-05 03:24:00,Nevados de Chillan,VIIRS375,8.24,0.95,ALERTA_TERMICA_OCR,Bajo,imagenes_satelitales/Nevados_de_Chillan/2026-10-05/06-24-00_Nevados_de_Chillan_VIIRS375_VRP.png,2026-10-05 10:03:36,2026-10-05 10:03:36,NO,mixto,alta,False,roi_temporal_v26,"Estrella verde en Y=288 -> 0.95 km (límite 5.0 km, geometría medida)",30.0,44.0,-83.0,,alta
1791179282,2026-10-05 05:48:02,2026-10-05 02:48:02,Nevados de Chillan,VIIRS,7.0,0.81,ALERTA_TERMICA_OCR,Bajo,imagenes_satelitales/Nevados_de_Chillan/2026-10-05/05-48-02_Nevados_de_Chillan_VIIRS750_VRP.png,2026-10-05 05:33:11,2026-10-05 05:33:11,NO,mixto,alta,False,roi_temporal_v26,"Estrella verde en Y=289 -> 0.81 km (límite 5.0 km, geometría medida) | ⚠️ VRP truncado por MIROVA en VIIRS: real ∈ [7, 8) MW (±1)",30.0,12.0,-81.0,LOW,alta
1791176761,2026-10-05 05:06:01,2026-10-05 02:06:01,Nevados de Chillan,VIIRS,3.0,1.08,ALERTA_TERMICA_OCR,Bajo,imagenes_satelitales/Nevados_de_Chillan/2026-10-05/05-06-01_Nevados_de_Chillan_VIIRS750_VRP.png,2026-10-05 05:01:48,2026-10-05 05:01:48,NO,mixto,alta,False,roi_temporal_v26,"Estrella verde en Y=287 -> 1.08 km (límite 5.0 km, geometría medida) | ⚠️ VRP truncado por MIROVA en VIIRS: real ∈ [3, 4) MW (±1)",30.0,53.0,107.0,LOW,alta
1791175680,2026-10-05 04:48:00,2026-10-05 01:48:00,Nevados de Chillan,VIIRS375,0.04,0.95,ALERTA_TERMICA_OCR,Muy Bajo,imagenes_satelitales/Nevados_de_Chillan/2026-10-05/04-48-00_Nevados_de_Chillan_VIIRS375_VRP.png,2026-10-05 05:01:44,2026-10-05 05:01:44,NO,mixto,alta,False,roi_temporal_v26,"Estrella verde en Y=288 -> 0.95 km (límite 5.0 km, geometría medida)",30.0,68.0,111.0,,alta
1791093962,2026-10-04 06:06:02,2026-10-04 03:06:02,Nevados de Chillan,VIIRS,2.0,1.08,ALERTA_TERMICA_OCR,Bajo,imagenes_satelitales/Nevados_de_Chillan/2026-10-04/06-06-02_Nevados_de_Chillan_VIIRS750_VRP.png,2026-10-04 07:01:40,2026-10-04 07:01:40,NO,mixto,alta,False,roi_temporal_v26,"Estrella verde en Y=287 -> 1.08 km (límite 5.0 km, geometría medida) | ⚠️ VRP truncado por MIROVA en VIIRS: real ∈ [2, 3) MW (±1)",30.0,39.0,-83.0,LOW,alta
1791090360,2026-10-04 05:06:00,2026-10-04 02:06:00,Nevados de Chillan,VIIRS375,0.58,0.95,ALERTA_TERMICA_OCR,Muy Bajo,imagenes_satelitales/Nevados_de_Chillan/2026-10-04/05-06-00_Nevados_de_Chillan_VIIRS375_VRP.png,2026-10-04 09:31:32,2026-10-04 09:31:32,NO,mixto,alta,False,roi_temporal_v26,"Estrella verde en Y=288 -> 0.95 km (límite 5.0 km, geometría medida)",30.0,58.0,108.0,,alta
1791004680,2026-10-03 05:18:00,2026-10-03 02:18:00,Isluga,VIIRS375,1.62,0.95,ALERTA_TERMICA_OCR,Bajo,imagenes_satelitales/Isluga/2026-10-03/05-18-00_Isluga_VIIRS375_VRP.png,2026-10-03 05:31:17,2026-10-03 05:31:17,NO,mixto,alta,False,roi_temporal_v26,"Estrella verde en Y=288 -> 0.95 km (límite 5.0 km, geometría medida)",30.0,57.0,102.0,,alta
1790920801,2026-10-02 06:00:01,2026-10-02 03:00:01,Lastarria,VIIRS375,0.18,2.43,ALERTA_TERMICA_OCR,Muy Bajo,imagenes_satelitales/Lastarria/2026-10-02/06-00-01_Lastarria_VIIRS375_VRP.png,2026-10-02 09:01:29,2026-10-02 09:01:29,NO,mixto,alta,False,roi_temporal_v26,"Estrella verde en Y=277 -> 2.43 km (límite 3.0 km, geometría medida)",30.0,22.0,-81.0,VERY_LOW,alta
1790920801,2026-10-02 06:00:01,2026-10-02 03:00:01,Lascar,VIIRS375,0.58,25.99,FALSO_POSITIVO_OCR,Muy Bajo,imagenes_satelitales/Lascar/2026-10-02/06-00-01_Lascar_VIIRS375_VRP.png,2026-10-02 09:01:21,2026-10-02 09:01:21,AUTO,mixto,baja,False,roi_temporal_v26,"Grupo píxeles rojos Y=290 (área=31 px², dist≈0.68 km, geometría medida) | RECONCILIADO 2026-10-02: latest.php (MIROVA) = FALSO_POSITIVO @ 25.99 km (el OCR lo tenía como ALERTA por mala ubicación).",30.0,24.0,-81.0,VERY_LOW,alta
1790920441,2026-10-02 05:54:01,2026-10-02 02:54:01,Isluga,VIIRS375,0.26,0.54,ALERTA_TERMICA_OCR,Muy Bajo,imagenes_satelitales/Isluga/2026-10-02/05-54-01_Isluga_VIIRS375_VRP.png,2026-10-02 09:01:14,2026-10-02 09:01:14,NO,mixto,alta,False,roi_temporal_v26,"Estrella verde en Y=291 -> 0.54 km (límite 5.0 km, geometría medida)",30.0,9.0,-80.0,VERY_LOW,alta
1790834400,2026-10-01 06:00:00,2026-10-01 03:00:00,PlanchonPeteroa,VIIRS375,0.08,1.35,ALERTA_TERMICA_OCR,Muy Bajo,imagenes_satelitales/PlanchonPeteroa/2026-10-01/06-00-00_PlanchonPeteroa_VIIRS375_VRP.png,2026-10-01 12:31:41,2026-10-01 12:31:41,NO,mixto,alta,False,roi_temporal_v26,"Grupo píxeles rojos Y=285 (área=43 px², dist≈1.35 km, geometría medida)",30.0,13.0,-80.0,,alta
1790834400,2026-10-01 06:00:00,2026-10-01 03:00:00,Nevados de Chillan,VIIRS,10.0,1.76,ALERTA_TERMICA_OCR,Moderado,imagenes_satelitales/Nevados_de_Chillan/2026-10-01/06-00-00_Nevados_de_Chillan_VIIRS750_VRP.png,2026-10-01 11:32:10,2026-10-01 11:32:10,NO,mixto,alta,False,roi_temporal_v26,"Estrella verde en Y=282 -> 1.76 km (límite 5.0 km, geometría medida) | ⚠️ VRP truncado por MIROVA en VIIRS: real ∈ [10, 11) MW (±1)",30.0,11.0,-79.0,,alta
1790834400,2026-10-01 06:00:00,2026-10-01 03:00:00,Nevados de Chillan,VIIRS375,5.07,0.95,ALERTA_TERMICA_OCR,Bajo,imagenes_satelitales/Nevados_de_Chillan/2026-10-01/06-00-00_Nevados_de_Chillan_VIIRS375_VRP.png,2026-10-01 12:31:49,2026-10-01 12:31:49,NO,mixto,alta,False,roi_temporal_v26,"Estrella verde en Y=288 -> 0.95 km (límite 5.0 km, geometría medida)",30.0,11.0,-79.0,,alta
1790834040,2026-10-01 05:54:00,2026-10-01 02:54:00,Isluga,VIIRS375,0.14,0.54,ALERTA_TERMICA_OCR,Muy Bajo,imagenes_satelitales/Isluga/2026-10-01/05-54-00_Isluga_VIIRS375_VRP.png,2026-10-01 12:31:14,2026-10-01 12:31:14,NO,mixto,alta,False,roi_temporal_v26,"Grupo píxeles rojos Y=291 (área=31 px², dist≈0.54 km, geometría medida)",30.0,4.0,99.0,,alta
1790834040,2026-10-01 05:54:00,2026-10-01 02:54:00,Lascar,VIIRS375,0.29,1.22,ALERTA_TERMICA_OCR,Muy Bajo,imagenes_satelitales/Lascar/2026-10-01/05-54-00_Lascar_VIIRS375_VRP.png,2026-10-01 12:31:22,2026-10-01 12:31:22,NO,mixto,alta,False,roi_temporal_v26,"Estrella verde en Y=286 -> 1.22 km (límite 5.0 km, geometría medida)",30.0,11.0,-80.0,,alta
1790832242,2026-10-01 05:24:02,2026-10-01 02:24:02,Nevados de Chillan,VIIRS,9.0,1.76,ALERTA_TERMICA_OCR,Bajo,imagenes_satelitales/Nevados_de_Chillan/2026-10-01/05-24-02_Nevados_de_Chillan_VIIRS750_VRP.png,2026-10-01 10:04:36,2026-10-01 10:04:36,NO,mixto,alta,False,roi_temporal_v26,"Estrella verde en Y=282 -> 1.76 km (límite 5.0 km, geometría medida) | ⚠️ VRP truncado por MIROVA en VIIRS: real ∈ [9, 10) MW (±1)",30.0,27.0,103.0,,alta
1790832242,2026-10-01 05:24:02,2026-10-01 02:24:02,Nevados de Chillan,VIIRS375,6.28,0.95,ALERTA_TERMICA_OCR,Bajo,imagenes_satelitales/Nevados_de_Chillan/2026-10-01/05-24-02_Nevados_de_Chillan_VIIRS375_VRP.png,2026-10-01 11:01:46,2026-10-01 11:01:46,NO,mixto,alta,False,roi_temporal_v26,"Estrella verde en Y=288 -> 0.95 km (límite 5.0 km, geometría medida)",30.0,27.0,103.0,,alta
1790831882,2026-10-01 05:18:02,2026-10-01 02:18:02,Lascar,VIIRS375,1.2,1.22,ALERTA_TERMICA_OCR,Bajo,imagenes_satelitales/Lascar/2026-10-01/05-18-02_Lascar_VIIRS375_VRP.png,2026-10-01 11:01:23,2026-10-01 11:01:23,NO,mixto,alta,False,roi_temporal_v26,"Estrella verde en Y=286 -> 1.22 km (límite 5.0 km, geometría medida)",30.0,32.0,101.0,,alta
1790749080,2026-09-30 06:18:00,2026-09-30 03:18:00,Lastarria,VIIRS375,0.11,1.49,ALERTA_TERMICA_OCR,Muy Bajo,imagenes_satelitales/Lastarria/2026-09-30/06-18-00_Lastarria_VIIRS375_VRP.png,2026-09-30 07:01:27,2026-09-30 07:01:27,NO,mixto,alta,False,roi_temporal_v26,"Grupo píxeles rojos Y=284 (área=3 px², dist≈1.49 km, geometría medida)",30.0,39.0,-82.0,,alta
1790743320,2026-09-30 04:42:00,2026-09-30 01:42:00,Chaiten,VIIRS375,0.01,1.62,ALERTA_TERMICA_OCR,Muy Bajo,imagenes_satelitales/Chaiten/2026-09-30/04-42-00_Chaiten_VIIRS375_VRP.png,2026-09-30 05:02:06,2026-09-30 05:02:06,NO,mixto,alta,False,roi_temporal_v26,"Grupo píxeles rojos Y=283 (área=17 px², dist≈1.62 km, geometría medida)",30.0,66.0,114.0,,alta
1790663760,2026-09-29 06:36:00,2026-09-29 03:36:00,Nevados de Chillan,VIIRS,2.0,0.81,ALERTA_TERMICA_OCR,Bajo,imagenes_satelitales/Nevados_de_Chillan/2026-09-29/06-36-00_Nevados_de_Chillan_VIIRS750_VRP.png,2026-09-29 09:32:58,2026-09-29 09:32:58,NO,mixto,alta,False,roi_temporal_v26,"Estrella verde en Y=289 -> 0.81 km (límite 5.0 km, geometría medida) | ⚠️ VRP truncado por MIROVA en VIIRS: real ∈ [2, 3) MW (±1)",30.0,55.0,-85.0,LOW,alta
1790663760,2026-09-29 06:36:00,2026-09-29 03:36:00,Nevados de Chillan,VIIRS375,2.11,0.95,ALERTA_TERMICA_OCR,Bajo,imagenes_satelitales/Nevados_de_Chillan/2026-09-29/06-36-00_Nevados_de_Chillan_VIIRS375_VRP.png,2026-09-29 09:32:54,2026-09-29 09:32:54,NO,mixto,alta,False,roi_temporal_v26,"Estrella verde en Y=288 -> 0.95 km (límite 5.0 km, geometría medida)",30.0,55.0,-85.0,LOW,alta
1790658000,2026-09-29 05:00:00,2026-09-29 02:00:00,Nevados de Chillan,VIIRS375,1.41,0.95,ALERTA_TERMICA_OCR,Bajo,imagenes_satelitales/Nevados_de_Chillan/2026-09-29/05-00-00_Nevados_de_Chillan_VIIRS375_VRP.png,2026-09-29 07:31:47,2026-09-29 07:31:47,NO,mixto,alta,False,roi_temporal_v26,"Estrella verde en Y=288 -> 0.95 km (límite 5.0 km, geometría medida)",30.0,62.0,109.0,,alta
1790657640,2026-09-29 04:54:00,2026-09-29 01:54:00,Tupungatito,VIIRS375,1.86,5.68,ALERTA_TERMICA_OCR,Bajo,imagenes_satelitales/Tupungatito/2026-09-29/04-54-00_Tupungatito_VIIRS375_VRP.png,2026-09-29 10:01:32,2026-09-29 10:01:32,NO,mixto,alta,False,roi_temporal_v26,"Grupo píxeles rojos Y=253 (área=3 px², dist≈5.68 km, geometría medida)",30.0,62.0,108.0,,alta
1790576282,2026-09-28 06:18:02,2026-09-28 03:18:02,Nevados de Chillan,VIIRS375,0.6,0.54,ALERTA_TERMICA_OCR,Muy Bajo,imagenes_satelitales/Nevados_de_Chillan/2026-09-28/06-18-02_Nevados_de_Chillan_VIIRS375_VRP.png,2026-09-28 07:02:01,2026-09-28 07:02:01,NO,mixto,alta,False,roi_temporal_v26,"Estrella verde en Y=291 -> 0.54 km (límite 5.0 km, geometría medida)",30.0,51.0,-85.0,VERY_LOW,alta
1790573761,2026-09-28 05:36:01,2026-09-28 02:36:01,Tupungatito,VIIRS375,0.09,5.27,ALERTA_TERMICA_OCR,Muy Bajo,imagenes_satelitales/Tupungatito/2026-09-28/05-36-01_Tupungatito_VIIRS375_VRP.png,2026-09-28 05:31:32,2026-09-28 05:31:32,NO,mixto,alta,False,roi_temporal_v26,"Estrella verde en Y=256 -> 5.27 km (límite 7.0 km, geometría medida)",30.0,,,VERY_LOW,
1790572680,2026-09-28 05:18:00,2026-09-28 02:18:00,Nevados de Chillan,VIIRS375,0.05,1.49,ALERTA_TERMICA_OCR,Muy Bajo,imagenes_satelitales/Nevados_de_Chillan/2026-09-28/05-18-00_Nevados_de_Chillan_VIIRS375_VRP.png,2026-09-28 06:02:02,2026-09-28 06:02:02,NO,mixto,alta,False,roi_temporal_v26,"Grupo píxeles rojos Y=284 (área=5 px², dist≈1.49 km, geometría medida)",30.0,49.0,106.0,,alta
1790572680,2026-09-28 05:18:00,2026-09-28 02:18:00,Tupungatito,VIIRS375,2.51,5.27,ALERTA_TERMICA_OCR,Bajo,imagenes_satelitales/Tupungatito/2026-09-28/05-18-00_Tupungatito_VIIRS375_VRP.png,2026-09-28 06:01:47,2026-09-28 06:01:47,NO,mixto,alta,False,roi_temporal_v26,"Estrella verde en Y=256 -> 5.27 km (límite 7.0 km, geometría medida)",30.0,48.0,105.0,,alta
1790572320,2026-09-28 05:12:00,2026-09-28 02:12:00,Isluga,VIIRS375,1.63,0.95,ALERTA_TERMICA_OCR,Bajo,imagenes_satelitales/Isluga/2026-09-28/05-12-00_Isluga_VIIRS375_VRP.png,2026-09-28 06:01:25,2026-09-28 06:01:25,NO,mixto,alta,False,roi_temporal_v26,"Estrella verde en Y=288 -> 0.95 km (límite 5.0 km, geometría medida)",30.0,62.0,103.0,,alta
1790570522,2026-09-28 04:42:02,2026-09-28 01:42:02,Puyehue-Cordon Caulle,VIIRS375,0.11,7.84,ALERTA_TERMICA_OCR,Muy Bajo,imagenes_satelitales/Puyehue_Cordon_Caulle/2026-09-28/04-42-02_Puyehue_Cordon_Caulle_VIIRS375_VRP.png,2026-09-28 04:02:04,2026-09-28 04:02:04,NO,mixto,alta,False,roi_temporal_v26,"Estrella verde en Y=237 -> 7.84 km (límite 20.0 km, geometría medida)",30.0,62.0,111.0,VERY_LOW,alta
1790570522,2026-09-28 04:42:02,2026-09-28 01:42:02,Nevados de Chillan,VIIRS375,2.58,2.3,ALERTA_TERMICA_OCR,Bajo,imagenes_satelitales/Nevados_de_Chillan/2026-09-28/04-42-02_Nevados_de_Chillan_VIIRS375_VRP.png,2026-09-28 04:01:41,2026-09-28 04:01:41,NO,mixto,alta,False,roi_temporal_v26,"Estrella verde en Y=278 -> 2.30 km (límite 5.0 km, geometría medida)",30.0,65.0,110.0,LOW,alta
1790488081,2026-09-27 05:48:01,2026-09-27 02:48:01,Isluga,VIIRS375,0.12,0.54,ALERTA_TERMICA_OCR,Muy Bajo,imagenes_satelitales/Isluga/2026-09-27/05-48-01_Isluga_VIIRS375_VRP.png,2026-09-27 05:31:26,2026-09-27 05:31:26,NO,mixto,alta,False,roi_temporal_v26,"Estrella verde en Y=291 -> 0.54 km (límite 5.0 km, geometría medida)",30.0,2.0,97.0,VERY_LOW,alta
1790487360,2026-09-27 05:36:00,2026-09-27 02:36:00,PlanchonPeteroa,VIIRS375,0.2,2.03,ALERTA_TERMICA_OCR,Muy Bajo,imagenes_satelitales/PlanchonPeteroa/2026-09-27/05-36-00_PlanchonPeteroa_VIIRS375_VRP.png,2026-09-27 06:01:40,2026-09-27 06:01:40,NO,mixto,alta,False,roi_temporal_v26,"Estrella verde en Y=280 -> 2.03 km (límite 3.0 km, geometría medida)",30.0,27.0,103.0,,alta
1790487000,2026-09-27 05:30:00,2026-09-27 02:30:00,Isluga,VIIRS375,0.18,0.54,ALERTA_TERMICA_OCR,Muy Bajo,imagenes_satelitales/Isluga/2026-09-27/05-30-00_Isluga_VIIRS375_VRP.png,2026-09-27 06:01:16,2026-09-27 06:01:16,NO,mixto,alta,False,roi_temporal_v26,"Estrella verde en Y=291 -> 0.54 km (límite 5.0 km, geometría medida)",30.0,45.0,101.0,,alta
1790399522,2026-09-26 05:12:02,2026-09-26 02:12:02,Isluga,VIIRS375,0.27,0.82,ALERTA_TERMICA_OCR,Muy Bajo,imagenes_satelitales/Isluga/2026-09-26/05-12-02_Isluga_VIIRS375_VRP.png,2026-09-26 04:35:23,2026-09-26 04:35:23,NO,mixto,alta,False,roi_temporal_v26,"Estrella verde en Y=288 -> 0.82 km (límite 5.0 km, geometría medida)",30.0,51.0,102.0,VERY_LOW,alta
1790399522,2026-09-26 05:12:02,2026-09-26 02:12:02,Lascar,VIIRS375,0.13,1.22,ALERTA_TERMICA_OCR,Muy Bajo,imagenes_satelitales/Lascar/2026-09-26/05-12-02_Lascar_VIIRS375_VRP.png,2026-09-26 04:35:31,2026-09-26 04:35:31,NO,mixto,alta,False,roi_temporal_v26,"Estrella verde en Y=286 -> 1.22 km (límite 5.0 km, geometría medida)",30.0,40.0,102.0,VERY_LOW,alta
1790316720,2026-09-25 06:12:00,2026-09-25 03:12:00,Lascar,VIIRS375,0.32,0.81,ALERTA_TERMICA_OCR,Muy Bajo,imagenes_satelitales/Lascar/2026-09-25/06-12-00_Lascar_VIIRS375_VRP.png,2026-09-25 10:01:25,2026-09-25 10:01:25,NO,mixto,alta,False,roi_temporal_v26,"Grupo píxeles rojos Y=289 (área=31 px², dist≈0.81 km, geometría medida)",30.0,33.0,-82.0,,alta
1790146080,2026-09-23 06:48:00,2026-09-23 03:48:00,Lastarria,VIIRS375,0.03,2.3,ALERTA_TERMICA_OCR,Muy Bajo,imagenes_satelitales/Lastarria/2026-09-23/06-48-00_Lastarria_VIIRS375_VRP.png,2026-09-23 07:01:35,2026-09-23 07:01:35,NO,mixto,media,False,roi_temporal_v26,"Estrella gris en Y=278 -> 2.30 km (límite 3.0 km, geometría medida) | detección débil sub-umbral MIROVA",30.0,66.0,-85.0,NONE,alta
1790143922,2026-09-23 06:12:02,2026-09-23 03:12:02,Lascar,VIIRS375,0.27,1.22,ALERTA_TERMICA_OCR,Muy Bajo,imagenes_satelitales/Lascar/2026-09-23/06-12-02_Lascar_VIIRS375_VRP.png,2026-09-23 06:01:42,2026-09-23 06:01:42,NO,mixto,alta,False,roi_temporal_v26,"Estrella verde en Y=286 -> 1.22 km (límite 5.0 km, geometría medida)",30.0,49.0,-83.0,VERY_LOW,alta
1790141041,2026-09-23 05:24:01,2026-09-23 02:24:01,Lascar,VIIRS375,0.2,1.22,ALERTA_TERMICA_OCR,Muy Bajo,imagenes_satelitales/Lascar/2026-09-23/05-24-01_Lascar_VIIRS375_VRP.png,2026-09-23 05:01:28,2026-09-23 05:01:28,NO,mixto,alta,False,roi_temporal_v26,"Estrella verde en Y=286 -> 1.22 km (límite 5.0 km, geometría medida)",30.0,32.0,101.0,VERY_LOW,alta
1790056081,2026-09-22 05:48:01,2026-09-22 02:48:01,Villarrica,VIIRS375,0.04,1.08,ALERTA_TERMICA_OCR,Muy Bajo,imagenes_satelitales/Villarrica/2026-09-22/05-48-01_Villarrica_VIIRS375_VRP.png,2026-09-22 06:53:42,2026-09-22 06:53:42,NO,mixto,media,False,roi_temporal_v26,"Estrella gris en Y=287 -> 1.08 km (límite 5.0 km, geometría medida) | detección débil sub-umbral MIROVA",30.0,3.0,-77.0,NONE,alta
1789970761,2026-09-21 06:06:01,2026-09-21 03:06:01,Lascar,VIIRS375,0.27,1.22,ALERTA_TERMICA_OCR,Muy Bajo,imagenes_satelitales/Lascar/2026-09-21/06-06-01_Lascar_VIIRS375_VRP.png,2026-09-21 05:31:13,2026-09-21 05:31:13,NO,mixto,alta,False,roi_temporal_v26,"Estrella verde en Y=286 -> 1.22 km (límite 5.0 km, geometría medida)",30.0,34.0,-82.0,VERY_LOW,alta
1789970761,2026-09-21 06:06:01,2026-09-21 03:06:01,Lastarria,VIIRS375,0.05,1.35,ALERTA_TERMICA_OCR,Muy Bajo,imagenes_satelitales/Lastarria/2026-09-21/06-06-01_Lastarria_VIIRS375_VRP.png,2026-09-21 05:31:20,2026-09-21 05:31:20,NO,mixto,alta,False,roi_temporal_v26,"Estrella verde en Y=285 -> 1.35 km (límite 3.0 km, geometría medida)",30.0,32.0,-82.0,VERY_LOW,alta
1789969320,2026-09-21 05:42:00,2026-09-21 02:42:00,Lascar,VIIRS375,0.25,1.22,ALERTA_TERMICA_OCR,Muy Bajo,imagenes_satelitales/Lascar/2026-09-21/05-42-00_Lascar_VIIRS375_VRP.png,2026-09-21 06:01:38,2026-09-21 06:01:38,NO,mixto,alta,False,roi_temporal_v26,"Estrella verde en Y=286 -> 1.22 km (límite 5.0 km, geometría medida)",30.0,,,,
1789969320,2026-09-21 05:42:00,2026-09-21 02:42:00,Lastarria,VIIRS375,0.21,1.35,ALERTA_TERMICA_OCR,Muy Bajo,imagenes_satelitales/Lastarria/2026-09-21/05-42-00_Lastarria_VIIRS375_VRP.png,2026-09-21 06:01:46,2026-09-21 06:01:46,NO,mixto,alta,False,roi_temporal_v26,"Estrella verde en Y=285 -> 1.35 km (límite 3.0 km, geometría medida)",30.0,14.0,100.0,,alta
1789884000,2026-09-20 06:00:00,2026-09-20 03:00:00,Isluga,VIIRS375,0.49,0.68,ALERTA_TERMICA_OCR,Muy Bajo,imagenes_satelitales/Isluga/2026-09-20/06-00-00_Isluga_VIIRS375_VRP.png,2026-09-20 08:01:25,2026-09-20 08:01:25,NO,mixto,alta,False,roi_temporal_v26,"Grupo píxeles rojos Y=290 (área=4 px², dist≈0.68 km, geometría medida)",30.0,8.0,-80.0,,alta
1789884000,2026-09-20 06:00:00,2026-09-20 03:00:00,Lascar,VIIRS375,0.18,0.81,ALERTA_TERMICA_OCR,Muy Bajo,imagenes_satelitales/Lascar/2026-09-20/06-00-00_Lascar_VIIRS375_VRP.png,2026-09-20 08:01:31,2026-09-20 08:01:31,NO,mixto,alta,False,roi_temporal_v26,"Grupo píxeles rojos Y=289 (área=39 px², dist≈0.81 km, geometría medida)",30.0,23.0,-81.0,,alta
1789839001,2026-09-19 17:30:01,2026-09-19 14:30:01,Lascar,VIIRS375,1.86,1.22,ALERTA_TERMICA_OCR,Bajo,imagenes_satelitales/Lascar/2026-09-19/17-30-01_Lascar_VIIRS375_VRP.png,2026-09-20 05:31:11,2026-09-20 05:31:11,NO,mixto,alta,False,roi_temporal_v26,"Estrella verde en Y=286 -> 1.22 km (límite 5.0 km, geometría medida)",30.0,61.0,84.0,,alta
1789799040,2026-09-19 06:24:00,2026-09-19 03:24:00,Puyehue-Cordon Caulle,VIIRS375,0.79,4.32,ALERTA_TERMICA_OCR,Muy Bajo,imagenes_satelitales/Puyehue_Cordon_Caulle/2026-09-19/06-24-00_Puyehue_Cordon_Caulle_VIIRS375_VRP.png,2026-09-19 09:02:20,2026-09-19 09:02:20,NO,mixto,alta,False,roi_temporal_v26,"Grupo píxeles rojos Y=263 (área=94 px², dist≈4.32 km, geometría medida)",30.0,45.0,-83.0,,alta
1789799040,2026-09-19 06:24:00,2026-09-19 03:24:00,Tupungatito,VIIRS375,0.06,2.7,ALERTA_TERMICA_OCR,Muy Bajo,imagenes_satelitales/Tupungatito/2026-09-19/06-24-00_Tupungatito_VIIRS375_VRP.png,2026-09-19 09:01:52,2026-09-19 09:01:52,NO,mixto,alta,False,roi_temporal_v26,"Grupo píxeles rojos Y=275 (área=65 px², dist≈2.70 km, geometría medida)",30.0,48.0,-84.0,,alta
1789758360,2026-09-18 19:06:00,2026-09-18 16:06:00,Villarrica,VIIRS375,1.38,0.54,ALERTA_TERMICA_OCR,Bajo,imagenes_satelitales/Villarrica/2026-09-18/19-06-00_Villarrica_VIIRS375_VRP.png,2026-09-19 06:31:42,2026-09-19 06:31:42,NO,mixto,alta,False,roi_temporal_v26,"Grupo píxeles rojos Y=291 (área=30 px², dist≈0.54 km, geometría medida)",30.0,20.0,-103.0,,alta
1789707960,2026-09-18 05:06:00,2026-09-18 02:06:00,Puyehue-Cordon Caulle,VIIRS375,0.79,8.24,ALERTA_TERMICA_OCR,Muy Bajo,imagenes_satelitales/Puyehue_Cordon_Caulle/2026-09-18/05-06-00_Puyehue_Cordon_Caulle_VIIRS375_VRP.png,2026-09-18 05:32:02,2026-09-18 05:32:02,NO,mixto,alta,False,roi_temporal_v26,"Estrella verde en Y=234 -> 8.24 km (límite 20.0 km, geometría medida)",30.0,55.0,109.0,,alta
1789623721,2026-09-17 05:42:01,2026-09-17 02:42:01,Tupungatito,VIIRS375,0.87,2.84,ALERTA_TERMICA_OCR,Muy Bajo,imagenes_satelitales/Tupungatito/2026-09-17/05-42-01_Tupungatito_VIIRS375_VRP.png,2026-09-17 08:01:40,2026-09-17 08:01:40,NO,mixto,alta,False,roi_temporal_v26,"Grupo píxeles rojos Y=274 (área=31 px², dist≈2.84 km, geometría medida)",30.0,5.0,99.0,,alta
1789623721,2026-09-17 05:42:01,2026-09-17 02:42:01,Puyehue-Cordon Caulle,VIIRS375,0.81,3.78,ALERTA_TERMICA_OCR,Muy Bajo,imagenes_satelitales/Puyehue_Cordon_Caulle/2026-09-17/05-42-01_Puyehue_Cordon_Caulle_VIIRS375_VRP.png,2026-09-17 07:02:19,2026-09-17 07:02:19,NO,mixto,alta,False,roi_temporal_v26,"Grupo píxeles rojos Y=267 (área=54 px², dist≈3.78 km, geometría medida)",30.0,4.0,100.0,VERY_LOW,alta
1789623721,2026-09-17 05:42:01,2026-09-17 02:42:01,Chaiten,VIIRS375,0.06,0.81,ALERTA_TERMICA_OCR,Muy Bajo,imagenes_satelitales/Chaiten/2026-09-17/05-42-01_Chaiten_VIIRS375_VRP.png,2026-09-17 07:02:27,2026-09-17 07:02:27,NO,mixto,alta,False,roi_temporal_v26,"Estrella verde en Y=289 -> 0.81 km (límite 5.0 km, geometría medida)",30.0,3.0,100.0,VERY_LOW,alta
1789623721,2026-09-17 05:42:01,2026-09-17 02:42:01,Villarrica,VIIRS375,0.68,1.35,ALERTA_TERMICA_OCR,Muy Bajo,imagenes_satelitales/Villarrica/2026-09-17/05-42-01_Villarrica_VIIRS375_VRP.png,2026-09-17 07:02:10,2026-09-17 07:02:10,NO,mixto,alta,False,roi_temporal_v26,"Estrella verde en Y=285 -> 1.35 km (límite 5.0 km, geometría medida)",30.0,6.0,101.0,VERY_LOW,alta
1789622640,2026-09-17 05:24:00,2026-09-17 02:24:00,Puyehue-Cordon Caulle,VIIRS375,0.68,7.7,ALERTA_TERMICA_OCR,Muy Bajo,imagenes_satelitales/Puyehue_Cordon_Caulle/2026-09-17/05-24-00_Puyehue_Cordon_Caulle_VIIRS375_VRP.png,2026-09-17 08:31:53,2026-09-17 08:31:53,NO,mixto,alta,False,roi_temporal_v26,"Estrella verde en Y=238 -> 7.70 km (límite 20.0 km, geometría medida)",30.0,39.0,106.0,,alta
1789620482,2026-09-17 04:48:02,2026-09-17 01:48:02,Tupungatito,VIIRS375,0.05,5.41,ALERTA_TERMICA_OCR,Muy Bajo,imagenes_satelitales/Tupungatito/2026-09-17/04-48-02_Tupungatito_VIIRS375_VRP.png,2026-09-17 05:31:30,2026-09-17 05:31:30,NO,mixto,media,False,roi_temporal_v26,"Estrella gris en Y=255 -> 5.41 km (límite 7.0 km, geometría medida) | detección débil sub-umbral MIROVA",30.0,62.0,108.0,NONE,alta
1789537320,2026-09-16 05:42:00,2026-09-16 02:42:00,Tupungatito,VIIRS375,0.16,2.84,ALERTA_TERMICA_OCR,Muy Bajo,imagenes_satelitales/Tupungatito/2026-09-16/05-42-00_Tupungatito_VIIRS375_VRP.png,2026-09-16 06:31:46,2026-09-16 06:31:46,NO,mixto,alta,False,roi_temporal_v26,"Grupo píxeles rojos Y=274 (área=31 px², dist≈2.84 km, geometría medida)",30.0,16.0,101.0,,alta
1789536960,2026-09-16 05:36:00,2026-09-16 02:36:00,Isluga,VIIRS375,0.34,0.54,ALERTA_TERMICA_OCR,Muy Bajo,imagenes_satelitales/Isluga/2026-09-16/05-36-00_Isluga_VIIRS375_VRP.png,2026-09-16 06:31:26,2026-09-16 06:31:26,NO,mixto,alta,False,roi_temporal_v26,"Estrella verde en Y=291 -> 0.54 km (límite 5.0 km, geometría medida)",30.0,37.0,101.0,,alta
1789534802,2026-09-16 05:00:02,2026-09-16 02:00:02,Lascar,VIIRS375,0.07,1.22,ALERTA_TERMICA_OCR,Muy Bajo,imagenes_satelitales/Lascar/2026-09-16/05-00-02_Lascar_VIIRS375_VRP.png,2026-09-16 04:38:01,2026-09-16 04:38:01,NO,mixto,alta,False,roi_temporal_v26,"Estrella verde en Y=286 -> 1.22 km (límite 5.0 km, geometría medida)",30.0,54.0,103.0,VERY_LOW,alta
1789534802,2026-09-16 05:00:02,2026-09-16 02:00:02,Isluga,VIIRS375,0.12,1.22,ALERTA_TERMICA_OCR,Muy Bajo,imagenes_satelitales/Isluga/2026-09-16/05-00-02_Isluga_VIIRS375_VRP.png,2026-09-16 04:37:55,2026-09-16 04:37:55,NO,mixto,alta,False,roi_temporal_v26,"Estrella verde en Y=286 -> 1.22 km (límite 5.0 km, geometría medida)",30.0,61.0,103.0,VERY_LOW,alta
1789453081,2026-09-15 06:18:01,2026-09-15 03:18:01,Nevados de Chillan,VIIRS375,0.05,0.41,ALERTA_TERMICA_OCR,Muy Bajo,imagenes_satelitales/Nevados_de_Chillan/2026-09-15/06-18-01_Nevados_de_Chillan_VIIRS375_VRP.png,2026-09-15 06:31:47,2026-09-15 06:31:47,NO,mixto,alta,False,roi_temporal_v26,"Estrella verde en Y=292 -> 0.41 km (límite 5.0 km, geometría medida)",30.0,45.0,-83.0,VERY_LOW,alta
1789452000,2026-09-15 06:00:00,2026-09-15 03:00:00,PlanchonPeteroa,VIIRS375,0.51,2.03,ALERTA_TERMICA_OCR,Muy Bajo,imagenes_satelitales/PlanchonPeteroa/2026-09-15/06-00-00_PlanchonPeteroa_VIIRS375_VRP.png,2026-09-15 08:01:59,2026-09-15 08:01:59,NO,mixto,media,False,roi_temporal_v26,"Estrella gris en Y=280 -> 2.03 km (límite 3.0 km, geometría medida) | detección débil sub-umbral MIROVA",30.0,13.0,-80.0,,alta
1789452000,2026-09-15 06:00:00,2026-09-15 03:00:00,Tupungatito,VIIRS375,0.07,2.84,ALERTA_TERMICA_OCR,Muy Bajo,imagenes_satelitales/Tupungatito/2026-09-15/06-00-00_Tupungatito_VIIRS375_VRP.png,2026-09-15 08:31:29,2026-09-15 08:31:29,NO,mixto,alta,False,roi_temporal_v26,"Grupo píxeles rojos Y=274 (área=20 px², dist≈2.84 km, geometría medida)",30.0,15.0,-80.0,,alta
1789452000,2026-09-15 06:00:00,2026-09-15 03:00:00,Villarrica,VIIRS375,0.16,0.81,ALERTA_TERMICA_OCR,Muy Bajo,imagenes_satelitales/Villarrica/2026-09-15/06-00-00_Villarrica_VIIRS375_VRP.png,2026-09-15 08:31:58,2026-09-15 08:31:58,NO,mixto,alta,False,roi_temporal_v26,"Grupo píxeles rojos Y=289 (área=31 px², dist≈0.81 km, geometría medida)",30.0,12.0,-79.0,,alta
1789451640,2026-09-15 05:54:00,2026-09-15 02:54:00,Lascar,VIIRS375,0.29,1.22,ALERTA_TERMICA_OCR,Muy Bajo,imagenes_satelitales/Lascar/2026-09-15/05-54-00_Lascar_VIIRS375_VRP.png,2026-09-15 08:01:38,2026-09-15 08:01:38,NO,mixto,alta,False,roi_temporal_v26,"Estrella verde en Y=286 -> 1.22 km (límite 5.0 km, geometría medida)",30.0,12.0,-80.0,,alta
1789451640,2026-09-15 05:54:00,2026-09-15 02:54:00,Isluga,VIIRS375,0.18,0.81,ALERTA_TERMICA_OCR,Muy Bajo,imagenes_satelitales/Isluga/2026-09-15/05-54-00_Isluga_VIIRS375_VRP.png,2026-09-15 08:01:29,2026-09-15 08:01:29,NO,mixto,alta,False,roi_temporal_v26,"Grupo píxeles rojos Y=289 (área=5 px², dist≈0.81 km, geometría medida)",30.0,4.0,98.0,,alta
1789411320,2026-09-14 18:42:00,2026-09-14 15:42:00,Isluga,VIIRS375,4.0,1.08,ALERTA_TERMICA_OCR,Bajo,imagenes_satelitales/Isluga/2026-09-14/18-42-00_Isluga_VIIRS375_VRP.png,2026-09-15 05:31:10,2026-09-15 05:31:10,NO,mixto,alta,False,roi_temporal_v26,"Estrella verde en Y=287 -> 1.08 km (límite 5.0 km, geometría medida)",30.0,39.0,-101.0,,alta
1789368121,2026-09-14 06:42:01,2026-09-14 03:42:01,Puyehue-Cordon Caulle,VIIRS375,0.07,3.78,ALERTA_TERMICA_OCR,Muy Bajo,imagenes_satelitales/Puyehue_Cordon_Caulle/2026-09-14/06-42-01_Puyehue_Cordon_Caulle_VIIRS375_VRP.png,2026-09-14 08:02:04,2026-09-14 08:02:04,NO,mixto,alta,False,roi_temporal_v26,"Grupo píxeles rojos Y=267 (área=54 px², dist≈3.78 km, geometría medida)",30.0,60.0,-86.0,VERY_LOW,alta
1789366680,2026-09-14 06:18:00,2026-09-14 03:18:00,PlanchonPeteroa,VIIRS375,0.1,1.35,ALERTA_TERMICA_OCR,Muy Bajo,imagenes_satelitales/PlanchonPeteroa/2026-09-14/06-18-00_PlanchonPeteroa_VIIRS375_VRP.png,2026-09-14 09:01:46,2026-09-14 09:01:46,NO,mixto,alta,False,roi_temporal_v26,"Grupo píxeles rojos Y=285 (área=15 px², dist≈1.35 km, geometría medida)",30.0,40.0,-82.0,,alta
1789366680,2026-09-14 06:18:00,2026-09-14 03:18:00,Puyehue-Cordon Caulle,VIIRS375,0.29,8.24,ALERTA_TERMICA_OCR,Muy Bajo,imagenes_satelitales/Puyehue_Cordon_Caulle/2026-09-14/06-18-00_Puyehue_Cordon_Caulle_VIIRS375_VRP.png,2026-09-14 09:02:11,2026-09-14 09:02:11,NO,mixto,alta,False,roi_temporal_v26,"Estrella verde en Y=234 -> 8.24 km (límite 20.0 km, geometría medida)",30.0,38.0,-82.0,,alta
1789366680,2026-09-14 06:18:00,2026-09-14 03:18:00,Tupungatito,VIIRS375,2.22,2.97,ALERTA_TERMICA_OCR,Bajo,imagenes_satelitales/Tupungatito/2026-09-14/06-18-00_Tupungatito_VIIRS375_VRP.png,2026-09-14 09:01:40,2026-09-14 09:01:40,NO,mixto,alta,False,roi_temporal_v26,"Grupo píxeles rojos Y=273 (área=73 px², dist≈2.97 km, geometría medida)",30.0,42.0,-83.0,,alta
1789366680,2026-09-14 06:18:00,2026-09-14 03:18:00,Lascar,VIIRS375,0.31,0.95,ALERTA_TERMICA_OCR,Muy Bajo,imagenes_satelitales/Lascar/2026-09-14/06-18-00_Lascar_VIIRS375_VRP.png,2026-09-14 09:01:28,2026-09-14 09:01:28,NO,mixto,alta,False,roi_temporal_v26,"Grupo píxeles rojos Y=288 (área=37 px², dist≈0.95 km, geometría medida)",30.0,42.0,-82.0,,alta
1789366320,2026-09-14 06:12:00,2026-09-14 03:12:00,Isluga,VIIRS375,0.06,0.54,ALERTA_TERMICA_OCR,Muy Bajo,imagenes_satelitales/Isluga/2026-09-14/06-12-00_Isluga_VIIRS375_VRP.png,2026-09-14 09:01:21,2026-09-14 09:01:21,NO,mixto,alta,False,roi_temporal_v26,"Grupo píxeles rojos Y=291 (área=6 px², dist≈0.54 km, geometría medida)",30.0,31.0,-81.0,,alta
1789364522,2026-09-14 05:42:02,2026-09-14 02:42:02,PlanchonPeteroa,VIIRS375,0.08,2.3,ALERTA_TERMICA_OCR,Muy Bajo,imagenes_satelitales/PlanchonPeteroa/2026-09-14/05-42-02_PlanchonPeteroa_VIIRS375_VRP.png,2026-09-14 06:01:47,2026-09-14 06:01:47,NO,mixto,alta,False,roi_temporal_v26,"Estrella verde en Y=278 -> 2.30 km (límite 3.0 km, geometría medida)",30.0,3.0,-83.0,VERY_LOW,alta
1789364522,2026-09-14 05:42:02,2026-09-14 02:42:02,Tupungatito,VIIRS375,0.13,5.27,ALERTA_TERMICA_OCR,Muy Bajo,imagenes_satelitales/Tupungatito/2026-09-14/05-42-02_Tupungatito_VIIRS375_VRP.png,2026-09-14 06:01:39,2026-09-14 06:01:39,NO,mixto,alta,False,roi_temporal_v26,"Estrella verde en Y=256 -> 5.27 km (límite 7.0 km, geometría medida)",30.0,5.0,-82.0,VERY_LOW,alta
1789364522,2026-09-14 05:42:02,2026-09-14 02:42:02,Puyehue-Cordon Caulle,VIIRS375,0.62,8.11,ALERTA_TERMICA_OCR,Muy Bajo,imagenes_satelitales/Puyehue_Cordon_Caulle/2026-09-14/05-42-02_Puyehue_Cordon_Caulle_VIIRS375_VRP.png,2026-09-14 06:02:21,2026-09-14 06:02:21,NO,mixto,alta,False,roi_temporal_v26,"Estrella verde en Y=235 -> 8.11 km (límite 20.0 km, geometría medida)",30.0,4.0,-81.0,VERY_LOW,alta
1789364522,2026-09-14 05:42:02,2026-09-14 02:42:02,Nevados de Chillan,VIIRS375,0.09,0.0,ALERTA_TERMICA_OCR,Muy Bajo,imagenes_satelitales/Nevados_de_Chillan/2026-09-14/05-42-02_Nevados_de_Chillan_VIIRS375_VRP.png,2026-09-14 06:01:55,2026-09-14 06:01:55,NO,mixto,alta,False,roi_temporal_v26,"Estrella verde en Y=295 -> 0.00 km (límite 5.0 km, geometría medida)",30.0,1.0,-76.0,VERY_LOW,alta
1789364522,2026-09-14 05:42:02,2026-09-14 02:42:02,Chaiten,VIIRS375,0.18,0.41,ALERTA_TERMICA_OCR,Muy Bajo,imagenes_satelitales/Chaiten/2026-09-14/05-42-02_Chaiten_VIIRS375_VRP.png,2026-09-14 06:02:29,2026-09-14 06:02:29,NO,mixto,alta,False,roi_temporal_v26,"Estrella verde en Y=292 -> 0.41 km (límite 5.0 km, geometría medida)",30.0,5.0,-80.0,VERY_LOW,alta
1789364522,2026-09-14 05:42:02,2026-09-14 02:42:02,Villarrica,VIIRS375,0.17,0.95,ALERTA_TERMICA_OCR,Muy Bajo,imagenes_satelitales/Villarrica/2026-09-14/05-42-02_Villarrica_VIIRS375_VRP.png,2026-09-14 06:02:13,2026-09-14 06:02:13,NO,mixto,alta,False,roi_temporal_v26,"Estrella verde en Y=288 -> 0.95 km (límite 5.0 km, geometría medida)",30.0,3.0,-83.0,VERY_LOW,alta
1789364162,2026-09-14 05:36:02,2026-09-14 02:36:02,Isluga,VIIRS375,0.16,0.54,ALERTA_TERMICA_OCR,Muy Bajo,imagenes_satelitales/Isluga/2026-09-14/05-36-02_Isluga_VIIRS375_VRP.png,2026-09-14 06:01:17,2026-09-14 06:01:17,NO,mixto,alta,False,roi_temporal_v26,"Estrella verde en Y=291 -> 0.54 km (límite 5.0 km, geometría medida)",30.0,15.0,100.0,VERY_LOW,alta
1789364162,2026-09-14 05:36:02,2026-09-14 02:36:02,Lascar,VIIRS375,0.22,1.22,ALERTA_TERMICA_OCR,Muy Bajo,imagenes_satelitales/Lascar/2026-09-14/05-36-02_Lascar_VIIRS375_VRP.png,2026-09-14 06:01:25,2026-09-14 06:01:25,NO,mixto,alta,False,roi_temporal_v26,"Estrella verde en Y=286 -> 1.22 km (límite 5.0 km, geometría medida)",30.0,1.0,-53.0,VERY_LOW,alta
1789362001,2026-09-14 05:00:01,2026-09-14 02:00:01,Tupungatito,VIIRS375,0.1,5.41,ALERTA_TERMICA_OCR,Muy Bajo,imagenes_satelitales/Tupungatito/2026-09-14/05-00-01_Tupungatito_VIIRS375_VRP.png,2026-09-14 05:31:27,2026-09-14 05:31:27,NO,mixto,alta,False,roi_temporal_v26,"Estrella verde en Y=255 -> 5.41 km (límite 7.0 km, geometría medida)",30.0,58.0,107.0,VERY_LOW,alta
1789279202,2026-09-13 06:00:02,2026-09-13 03:00:02,Puyehue-Cordon Caulle,VIIRS375,0.62,3.65,ALERTA_TERMICA_OCR,Muy Bajo,imagenes_satelitales/Puyehue_Cordon_Caulle/2026-09-13/06-00-02_Puyehue_Cordon_Caulle_VIIRS375_VRP.png,2026-09-13 05:32:11,2026-09-13 05:32:11,NO,mixto,alta,False,roi_temporal_v26,"Grupo píxeles rojos Y=268 (área=53 px², dist≈3.65 km, geometría medida)",30.0,31.0,-82.0,VERY_LOW,alta
1789279202,2026-09-13 06:00:02,2026-09-13 03:00:02,PlanchonPeteroa,VIIRS375,0.09,2.03,ALERTA_TERMICA_OCR,Muy Bajo,imagenes_satelitales/PlanchonPeteroa/2026-09-13/06-00-02_PlanchonPeteroa_VIIRS375_VRP.png,2026-09-13 05:31:39,2026-09-13 05:31:39,NO,mixto,alta,False,roi_temporal_v26,"Estrella verde en Y=280 -> 2.03 km (límite 3.0 km, geometría medida)",30.0,33.0,-82.0,VERY_LOW,alta
