volcano,dt_utc,sensor_raw,vrp_mw_raw,vrp_mw_meq,final_hotspot_dist_km,final_hotspot_source,distance_class,n_anomalous_pixels,granule,category,vrptir_aveni_mw,discarded_reason
PuyehueCordonCaulle,2026-04-16 08:30:00+00:00,MODIS_AQUA,1659.595,1659.595,12.66,eruption,summit,197,MYD021KM.A2026106.0830.061.2026107144127.hdf,vrp_mw_gt_100,,
PuyehueCordonCaulle,2026-01-31 08:15:00+00:00,MODIS_AQUA,1609.549,1609.549,15.78,eruption,summit,107,MYD021KM.A2026031.0815.061.2026031193107.hdf,vrp_mw_gt_100,,
PuyehueCordonCaulle,2026-05-04 06:50:00+00:00,MODIS_AQUA,1362.619,1362.619,13.52,eruption,summit,268,MYD021KM.A2026124.0650.061.2026124191450.hdf,vrp_mw_gt_100,,
NevadosDeChillan,2026-03-13 01:15:00+00:00,MODIS_TERRA,1325.037,0.0,23.66,eruption,far,50,MOD021KM.A2026072.0115.061.2026072131505.hdf,vrp_mw_gt_100,,
Villarrica,2026-01-31 06:35:00+00:00,MODIS_AQUA,1288.686,0.0,16.36,eruption,far,47,MYD021KM.A2026031.0635.061.2026031193106.hdf,vrp_mw_gt_100,,
PuyehueCordonCaulle,2026-05-04 08:30:00+00:00,MODIS_AQUA,1261.263,0.0,23.21,eruption,far,232,MYD021KM.A2026124.0830.061.2026124211318.hdf,vrp_mw_gt_100,,
Chaiten,2026-05-04 08:30:00+00:00,MODIS_AQUA,1215.667,0.0,17.35,eruption,far,258,MYD021KM.A2026124.0830.061.2026124211318.hdf,vrp_mw_gt_100,,
PuyehueCordonCaulle,2026-04-05 03:05:00+00:00,MODIS_TERRA,1097.637,0.0,29.62,eruption,far,102,MOD021KM.A2026095.0305.061.2026095131952.hdf,vrp_mw_gt_100,,
Lascar,2026-02-08 06:45:00+00:00,MODIS_AQUA,1058.565,0.0,13.21,eruption,far,43,MYD021KM.A2026039.0645.061.2026039192119.hdf,vrp_mw_gt_100,,
Villarrica,2026-04-16 08:30:00+00:00,MODIS_AQUA,1056.295,0.0,8.27,eruption,far,102,MYD021KM.A2026106.0830.061.2026107144127.hdf,vrp_mw_gt_100,,
PuyehueCordonCaulle,2026-04-03 08:25:00+00:00,MODIS_AQUA,1029.676,1029.676,17.97,eruption,summit,167,MYD021KM.A2026093.0825.061.2026093191343.hdf,vrp_mw_gt_100,,
Llaima,2026-04-16 08:30:00+00:00,MODIS_AQUA,931.289,0.0,19.1,eruption,far,97,MYD021KM.A2026106.0830.061.2026107144127.hdf,vrp_mw_gt_100,,
Lascar,2026-01-29 01:00:00+00:00,MODIS_TERRA,924.575,0.0,16.29,eruption,far,45,MOD021KM.A2026029.0100.061.2026029131608.hdf,vrp_mw_gt_100,,
Copahue,2026-02-21 01:15:00+00:00,MODIS_TERRA,911.894,0.0,16.51,eruption,far,51,MOD021KM.A2026052.0115.061.2026052131453.hdf,vrp_mw_gt_100,,
PuyehueCordonCaulle,2026-03-09 01:50:00+00:00,MODIS_TERRA,907.566,907.566,17.93,eruption,summit,256,MOD021KM.A2026068.0150.061.2026068131739.hdf,vrp_mw_gt_100,,
Chaiten,2026-05-04 06:50:00+00:00,MODIS_AQUA,899.512,0.0,21.84,eruption,far,269,MYD021KM.A2026124.0650.061.2026124191450.hdf,vrp_mw_gt_100,,
PuyehueCordonCaulle,2026-04-18 08:10:00+00:00,MODIS_AQUA,890.816,890.816,18.73,eruption,summit,513,MYD021KM.A2026108.0810.061.2026108192257.hdf,vrp_mw_gt_100,,
PuyehueCordonCaulle,2026-04-05 01:30:00+00:00,MODIS_TERRA,884.099,884.099,9.89,eruption,summit,141,MOD021KM.A2026095.0130.061.2026095131950.hdf,vrp_mw_gt_100,,
Chaiten,2026-03-31 01:30:00+00:00,MODIS_TERRA,872.555,0.0,18.16,eruption,far,59,MOD021KM.A2026090.0130.061.2026090131140.hdf,vrp_mw_gt_100,,
PuyehueCordonCaulle,2026-04-16 06:55:00+00:00,MODIS_AQUA,872.472,872.472,10.01,eruption,summit,216,MYD021KM.A2026106.0655.061.2026107144353.hdf,vrp_mw_gt_100,,
NevadosDeChillan,2026-02-21 02:55:00+00:00,MODIS_TERRA,868.751,0.0,24.42,eruption,far,71,MOD021KM.A2026052.0255.061.2026052131536.hdf,vrp_mw_gt_100,,
Villarrica,2026-01-31 08:15:00+00:00,MODIS_AQUA,864.947,0.0,19.47,eruption,far,53,MYD021KM.A2026031.0815.061.2026031193107.hdf,vrp_mw_gt_100,,
Tupungatito,2026-03-08 08:15:00+00:00,MODIS_AQUA,853.544,0.0,26.36,eruption,far,133,MYD021KM.A2026067.0815.061.2026067190740.hdf,vrp_mw_gt_100,,
PuyehueCordonCaulle,2026-04-30 03:00:00+00:00,MODIS_TERRA,846.23,0.0,29.94,eruption,far,146,MOD021KM.A2026120.0300.061.2026120131926.hdf,vrp_mw_gt_100,,
PuyehueCordonCaulle,2026-05-05 03:00:00+00:00,MODIS_TERRA,845.69,845.69,18.38,eruption,summit,233,MOD021KM.A2026125.0300.061.2026126004000.hdf,vrp_mw_gt_100,,
Villarrica,2026-05-04 08:30:00+00:00,MODIS_AQUA,822.28,0.0,21.57,eruption,far,129,MYD021KM.A2026124.0830.061.2026124211318.hdf,vrp_mw_gt_100,,
PuyehueCordonCaulle,2026-03-03 08:20:00+00:00,MODIS_AQUA,820.752,0.0,24.02,eruption,far,82,MYD021KM.A2026062.0820.061.2026062191228.hdf,vrp_mw_gt_100,,
Lascar,2026-02-18 01:00:00+00:00,MODIS_TERRA,820.053,0.0,22.71,eruption,far,64,MOD021KM.A2026049.0100.061.2026049131020.hdf,vrp_mw_gt_100,,
Villarrica,2026-03-03 06:45:00+00:00,MODIS_AQUA,806.186,0.0,20.76,eruption,far,39,MYD021KM.A2026062.0645.061.2026062191228.hdf,vrp_mw_gt_100,,
Villarrica,2026-05-04 06:50:00+00:00,MODIS_AQUA,784.176,0.0,6.1,eruption,far,123,MYD021KM.A2026124.0650.061.2026124191450.hdf,vrp_mw_gt_100,,
PuyehueCordonCaulle,2026-04-29 06:55:00+00:00,MODIS_AQUA,771.876,0.0,22.3,eruption,far,215,MYD021KM.A2026119.0655.061.2026120112825.hdf,vrp_mw_gt_100,,
PuyehueCordonCaulle,2026-05-10 01:20:00+00:00,MODIS_TERRA,765.363,765.363,7.07,eruption,summit,188,MOD021KM.A2026130.0120.061.2026130131746.hdf,vrp_mw_gt_100,,
Llaima,2026-05-04 08:30:00+00:00,MODIS_AQUA,751.597,0.0,24.27,eruption,far,119,MYD021KM.A2026124.0830.061.2026124211318.hdf,vrp_mw_gt_100,,
Lastarria,2026-05-22 08:20:00+00:00,MODIS_AQUA,748.213,0.0,23.88,eruption,far,107,MYD021KM.A2026142.0820.061.2026142191650.hdf,vrp_mw_gt_100,,
PlanchonPeteroa,2026-02-01 02:55:00+00:00,MODIS_TERRA,746.631,0.0,22.35,eruption,far,34,MOD021KM.A2026032.0255.061.2026032131637.hdf,vrp_mw_gt_100,,
PlanchonPeteroa,2026-04-18 08:05:00+00:00,MODIS_AQUA,740.104,0.0,26.95,eruption,far,412,MYD021KM.A2026108.0805.061.2026108192232.hdf,vrp_mw_gt_100,,
PuyehueCordonCaulle,2026-02-11 02:55:00+00:00,MODIS_TERRA,731.292,0.0,23.18,eruption,far,120,MOD021KM.A2026042.0255.061.2026042131214.hdf,vrp_mw_gt_100,,
PuyehueCordonCaulle,2026-05-09 06:45:00+00:00,MODIS_AQUA,717.33,0.0,26.46,eruption,far,103,MYD021KM.A2026129.0645.061.2026129192449.hdf,vrp_mw_gt_100,,
PuyehueCordonCaulle,2026-03-21 06:45:00+00:00,MODIS_AQUA,708.624,708.624,18.99,eruption,summit,78,MYD021KM.A2026080.0645.061.2026081005207.hdf,vrp_mw_gt_100,,
PuyehueCordonCaulle,2026-03-18 08:05:00+00:00,MODIS_AQUA,697.629,697.629,19.87,eruption,summit,154,MYD021KM.A2026077.0805.061.2026078200542.hdf,vrp_mw_gt_100,,
PuyehueCordonCaulle,2026-04-14 07:15:00+00:00,MODIS_AQUA,692.887,692.887,9.18,eruption,summit,767,MYD021KM.A2026104.0715.061.2026104190730.hdf,vrp_mw_gt_100,,
Copahue,2026-03-08 01:15:00+00:00,MODIS_TERRA,689.282,0.0,10.88,eruption,far,34,MOD021KM.A2026067.0115.061.2026067131051.hdf,vrp_mw_gt_100,,
PuyehueCordonCaulle,2026-04-26 08:20:00+00:00,MODIS_AQUA,688.503,688.503,15.03,eruption,summit,185,MYD021KM.A2026116.0820.061.2026117113754.hdf,vrp_mw_gt_100,,
Tupungatito,2026-02-13 06:40:00+00:00,MODIS_AQUA,679.551,0.0,23.42,eruption,far,43,MYD021KM.A2026044.0640.061.2026044191554.hdf,vrp_mw_gt_100,,
Chaiten,2026-03-16 08:25:00+00:00,MODIS_AQUA,679.023,0.0,23.2,eruption,far,128,MYD021KM.A2026075.0825.061.2026075192100.hdf,vrp_mw_gt_100,,
PlanchonPeteroa,2026-04-19 07:05:00+00:00,MODIS_AQUA,678.927,0.0,14.68,eruption,far,454,MYD021KM.A2026109.0705.061.2026110155751.hdf,vrp_mw_gt_100,,
PuyehueCordonCaulle,2026-05-22 06:50:00+00:00,MODIS_AQUA,675.077,675.077,6.54,eruption,summit,96,MYD021KM.A2026142.0650.061.2026142191651.hdf,vrp_mw_gt_100,,
PuyehueCordonCaulle,2026-05-05 01:25:00+00:00,MODIS_TERRA,671.446,671.446,14.53,eruption,summit,215,MOD021KM.A2026125.0125.061.2026126003315.hdf,vrp_mw_gt_100,,
PuyehueCordonCaulle,2026-05-17 08:30:00+00:00,MODIS_AQUA,658.125,0.0,21.35,eruption,far,92,MYD021KM.A2026137.0830.061.2026137215151.hdf,vrp_mw_gt_100,,
PuyehueCordonCaulle,2026-05-15 03:00:00+00:00,MODIS_TERRA,657.675,0.0,22.88,eruption,far,105,MOD021KM.A2026135.0300.061.2026135131215.hdf,vrp_mw_gt_100,,
