volcano,datetime_utc,sensor,primary_lat,primary_lon,vrp_mw,n_anom_pixels,primary_n_pixels,distance_class,lake_name,dist_to_lake_center_km,lake_radius_km,in_exclude_zone,in_buffer_15x
Villarrica,2026-01-29 02:35,MODIS_TERRA,-39.56562,-72.07069,27.665,8,1,far,Lago Calafquen,5.97,5.0,False,True
Villarrica,2026-01-29 05:18,VIIRS_NOAA21_750,-39.21079,-72.18218,0.0,1,1,far,Lago Villarrica,10.31,7.0,False,True
Villarrica,2026-01-29 06:55,MODIS_AQUA,-39.28036,-72.07066,256.954,49,4,far,Lago Villarrica,2.02,7.0,True,False
Villarrica,2026-01-30 01:35,MODIS_TERRA,-39.51858,-72.10738,51.018,6,2,far,Lago Calafquen,5.39,5.0,False,True
Villarrica,2026-01-30 07:35,MODIS_AQUA,-39.50756,-72.16079,322.79,259,7,far,Lago Calafquen,6.1,5.0,False,True
Villarrica,2026-01-31 05:12,VIIRS_SNPP_750,-39.22879,-71.9979,5.459,4,1,far,Lago Villarrica,9.16,7.0,False,True
Villarrica,2026-01-31 06:24,VIIRS_NOAA21_750,-39.26198,-72.04145,17.972,10,1,far,Lago Villarrica,4.27,7.0,True,False
Villarrica,2026-02-01 06:00,VIIRS_NOAA21_750,-39.20836,-72.07533,0.0,9,2,far,Lago Villarrica,6.97,7.0,True,False
Villarrica,2026-02-01 07:15,MODIS_AQUA,-39.24666,-72.11873,182.346,60,7,far,Lago Villarrica,3.59,7.0,True,False
Villarrica,2026-02-02 06:12,VIIRS_SNPP_750,-39.55869,-72.13808,11.85,4,1,far,Lago Calafquen,0.22,5.0,True,False
Villarrica,2026-02-02 07:50,MODIS_AQUA,-39.21399,-72.00298,0.0,42,3,far,Lago Villarrica,9.74,7.0,False,True
Villarrica,2026-02-03 02:35,MODIS_TERRA,-39.27085,-72.19154,0.0,45,4,far,Lago Villarrica,8.74,7.0,False,True
Villarrica,2026-02-03 06:18,VIIRS_NOAA20_750,-39.26646,-72.03252,15.594,7,1,far,Lago Villarrica,4.96,7.0,True,False
Villarrica,2026-02-05 02:15,MODIS_TERRA,-39.56879,-72.15031,90.099,35,5,far,Lago Calafquen,1.32,5.0,True,False
Villarrica,2026-02-05 05:18,VIIRS_SNPP_750,-39.55896,-72.14005,18.148,5,1,far,Lago Calafquen,0.12,5.0,True,False
Villarrica,2026-02-05 08:10,MODIS_AQUA,-39.51203,-72.14579,0.0,24,4,far,Lago Calafquen,5.36,5.0,False,True
Villarrica,2026-02-06 02:55,MODIS_TERRA,-39.57471,-72.13208,258.793,16,3,far,Lago Calafquen,1.77,5.0,True,False
Villarrica,2026-02-06 05:00,VIIRS_SNPP_750,-39.5655,-72.15601,0.0,5,2,far,Lago Calafquen,1.5,5.0,True,False
Villarrica,2026-02-06 05:18,VIIRS_NOAA20_750,-39.21441,-72.06102,67.918,21,4,far,Lago Villarrica,6.67,7.0,True,False
Villarrica,2026-02-06 06:06,VIIRS_NOAA21_750,-39.29972,-72.06099,0.0,21,7,far,Lago Villarrica,4.14,7.0,True,False
Villarrica,2026-02-06 06:12,VIIRS_NOAA21_750,-39.56515,-72.14906,73.685,17,5,far,Lago Calafquen,0.96,5.0,True,False
Villarrica,2026-02-06 07:10,MODIS_AQUA,-39.56424,-72.13398,442.385,74,6,far,Lago Calafquen,0.7,5.0,True,False
Villarrica,2026-02-07 01:55,MODIS_TERRA,-39.28571,-72.19508,86.623,19,2,far,Lago Villarrica,9.21,7.0,False,True
Villarrica,2026-02-07 05:48,VIIRS_NOAA21_750,-39.55676,-72.13556,36.792,10,2,far,Lago Calafquen,0.52,5.0,True,False
Villarrica,2026-02-07 07:45,MODIS_AQUA,-39.28059,-72.0658,222.772,57,6,far,Lago Villarrica,2.39,7.0,True,False
Villarrica,2026-02-08 02:35,MODIS_TERRA,-39.56562,-72.16351,36.446,10,2,far,Lago Calafquen,2.11,5.0,True,False
Villarrica,2026-02-08 06:00,VIIRS_SNPP_750,-39.57032,-72.15318,0.0,4,1,far,Lago Calafquen,1.61,5.0,True,False
Villarrica,2026-02-08 06:45,MODIS_AQUA,-39.51909,-72.15523,399.579,37,3,far,Lago Calafquen,4.73,5.0,True,False
Villarrica,2026-02-09 06:00,VIIRS_NOAA20,-39.21553,-72.08118,0.0,3,1,far,Lago Villarrica,6.1,7.0,True,False
Villarrica,2026-02-10 04:54,VIIRS_NOAA21,-39.52107,-72.14363,23.42,44,4,far,Lago Calafquen,4.34,5.0,True,False
Villarrica,2026-02-10 04:54,VIIRS_NOAA21_750,-39.54421,-72.19651,0.0,26,2,far,Lago Calafquen,5.15,5.0,False,True
Villarrica,2026-02-10 06:36,VIIRS_NOAA21_750,-39.24489,-71.98121,29.864,17,2,far,Lago Villarrica,9.77,7.0,False,True
Villarrica,2026-02-10 08:05,MODIS_AQUA,-39.24889,-72.13824,0.0,53,9,far,Lago Villarrica,4.77,7.0,True,False
Villarrica,2026-02-11 02:55,MODIS_TERRA,-39.54339,-72.16714,0.0,59,3,far,Lago Calafquen,2.97,5.0,True,False
Villarrica,2026-02-11 04:36,VIIRS_NOAA21,-39.22903,-72.05804,10.973,24,3,far,Lago Villarrica,5.32,7.0,True,False
Villarrica,2026-02-11 04:36,VIIRS_NOAA21_750,-39.50417,-72.1344,33.562,17,3,far,Lago Calafquen,6.23,5.0,False,True
Villarrica,2026-02-11 05:06,VIIRS_SNPP_750,-39.51295,-72.16398,33.389,11,1,far,Lago Calafquen,5.62,5.0,False,True
Villarrica,2026-02-11 05:24,VIIRS_NOAA20_750,-39.55115,-72.06059,84.42,27,5,far,Lago Calafquen,6.88,5.0,False,True
Villarrica,2026-02-11 06:18,VIIRS_NOAA21_750,-39.51388,-72.14371,0.0,27,4,far,Lago Calafquen,5.14,5.0,False,True
Villarrica,2026-02-11 07:05,MODIS_AQUA,-39.22331,-72.09616,524.864,76,8,far,Lago Villarrica,5.22,7.0,True,False
Villarrica,2026-02-12 01:55,MODIS_TERRA,-39.52446,-72.12915,0.0,72,3,far,Lago Calafquen,4.06,5.0,True,False
Villarrica,2026-02-12 04:48,VIIRS_SNPP_750,-39.28572,-72.02696,8.159,7,1,far,Lago Villarrica,5.7,7.0,True,False
Villarrica,2026-02-12 05:06,VIIRS_NOAA20_750,-39.54363,-72.17361,18.849,8,2,far,Lago Calafquen,3.41,5.0,True,False
Villarrica,2026-02-12 06:48,VIIRS_NOAA20_750,-39.21684,-72.06014,0.0,3,1,far,Lago Villarrica,6.45,7.0,True,False
Villarrica,2026-02-13 02:35,MODIS_TERRA,-39.57503,-72.17361,86.824,17,3,far,Lago Calafquen,3.33,5.0,True,False
Villarrica,2026-02-13 06:06,VIIRS_SNPP_750,-39.21335,-72.08122,0.0,2,2,far,Lago Villarrica,6.34,7.0,True,False
Villarrica,2026-02-13 08:20,MODIS_AQUA,-39.56483,-72.0794,0.0,18,2,far,Lago Calafquen,5.22,5.0,False,True
Villarrica,2026-02-14 04:30,VIIRS_NOAA20_750,-39.35564,-72.06305,3.793,3,1,far,Lago Villarrica,9.8,7.0,False,True
Villarrica,2026-02-14 05:18,VIIRS_NOAA21_750,-39.29446,-72.0616,0.0,42,4,far,Lago Villarrica,3.66,7.0,True,False
Villarrica,2026-02-14 07:20,MODIS_AQUA,-39.27901,-72.13486,135.394,76,2,far,Lago Villarrica,3.99,7.0,True,False
Villarrica,2026-02-15 02:15,MODIS_TERRA,-39.29063,-72.13883,69.479,28,3,far,Lago Villarrica,4.79,7.0,True,False
Villarrica,2026-02-15 05:30,VIIRS_SNPP_750,-39.55849,-72.13554,9.418,4,1,far,Lago Calafquen,0.42,5.0,True,False
Villarrica,2026-02-15 05:48,VIIRS_NOAA20_750,-39.5703,-72.16958,0.0,1,1,far,Lago Calafquen,2.78,5.0,True,False
Villarrica,2026-02-15 06:42,VIIRS_NOAA21_750,-39.56724,-72.15521,12.334,5,2,far,Lago Calafquen,1.53,5.0,True,False
Villarrica,2026-02-15 08:00,MODIS_AQUA,-39.53775,-72.18109,0.0,24,2,far,Lago Calafquen,4.31,5.0,True,False
Villarrica,2026-02-16 02:55,MODIS_TERRA,-39.31663,-72.19366,194.163,18,2,far,Lago Villarrica,10.32,7.0,False,True
Villarrica,2026-02-16 04:42,VIIRS_NOAA21_750,-39.55167,-72.21784,0.0,1,1,far,Lago Calafquen,6.74,5.0,False,True
Villarrica,2026-02-16 06:24,VIIRS_NOAA21_750,-39.56778,-72.15095,20.772,6,2,far,Lago Calafquen,1.28,5.0,True,False
Villarrica,2026-02-16 07:00,MODIS_AQUA,-39.52197,-72.0694,0.0,60,6,far,Lago Calafquen,7.38,5.0,False,True
Villarrica,2026-02-17 01:55,MODIS_TERRA,-39.25072,-72.17805,0.0,24,2,far,Lago Villarrica,7.88,7.0,False,True
Villarrica,2026-02-17 06:00,VIIRS_NOAA21_750,-39.22078,-72.17033,0.0,24,2,far,Lago Villarrica,8.82,7.0,False,True
Villarrica,2026-02-18 04:54,VIIRS_NOAA20_750,-39.5652,-72.16346,0.0,1,1,far,Lago Calafquen,2.09,5.0,True,False
Villarrica,2026-02-18 05:42,VIIRS_NOAA21_750,-39.56033,-72.13503,23.17,6,1,far,Lago Calafquen,0.43,5.0,True,False
Villarrica,2026-02-18 06:35,MODIS_AQUA,-39.27502,-72.02274,469.017,22,2,far,Lago Villarrica,5.82,7.0,True,False
Villarrica,2026-02-18 08:15,MODIS_AQUA,-39.20045,-72.06339,494.562,35,5,far,Lago Villarrica,8.07,7.0,False,True
Villarrica,2026-02-19 01:35,MODIS_TERRA,-39.52654,-72.08194,114.531,10,2,far,Lago Calafquen,6.22,5.0,False,True
Villarrica,2026-02-19 05:24,VIIRS_NOAA21_750,-39.56239,-72.14122,41.163,12,2,far,Lago Calafquen,0.29,5.0,True,False
Villarrica,2026-02-19 06:18,VIIRS_NOAA20_750,-39.55997,-72.14212,8.597,3,1,far,Lago Calafquen,0.18,5.0,True,False
Villarrica,2026-02-19 07:15,MODIS_AQUA,-39.2858,-72.01109,0.0,76,5,far,Lago Villarrica,7.02,7.0,False,True
Villarrica,2026-02-21 06:55,MODIS_AQUA,-39.28276,-72.08736,226.733,32,3,far,Lago Villarrica,1.44,7.0,True,False
Villarrica,2026-02-22 05:18,VIIRS_NOAA20_750,-39.56897,-72.16586,0.0,1,1,far,Lago Calafquen,2.43,5.0,True,False
Villarrica,2026-02-22 06:12,VIIRS_NOAA21_750,-39.29694,-72.09393,1.806,1,1,far,Lago Villarrica,3.01,7.0,True,False
Villarrica,2026-02-22 07:30,MODIS_AQUA,-39.25572,-71.98162,154.075,81,5,far,Lago Villarrica,9.46,7.0,False,True
Villarrica,2026-02-23 02:35,MODIS_TERRA,-39.55573,-72.18321,15.154,4,2,far,Lago Calafquen,3.73,5.0,True,False
Villarrica,2026-02-23 05:48,VIIRS_NOAA21_750,-39.55573,-72.13776,6.487,2,1,far,Lago Calafquen,0.51,5.0,True,False
Villarrica,2026-02-24 05:30,VIIRS_NOAA21_750,-39.56585,-72.1634,0.0,4,1,far,Lago Calafquen,2.11,5.0,True,False
Villarrica,2026-02-24 06:24,VIIRS_NOAA20_750,-39.56849,-72.16418,0.0,1,1,far,Lago Calafquen,2.28,5.0,True,False
Villarrica,2026-02-24 07:10,MODIS_AQUA,-39.26518,-72.04977,0.0,87,9,far,Lago Villarrica,3.5,7.0,True,False
Villarrica,2026-02-25 02:15,MODIS_TERRA,-39.52583,-72.16423,41.235,17,2,far,Lago Calafquen,4.33,5.0,True,False
Villarrica,2026-02-25 05:12,VIIRS_NOAA21_750,-39.56069,-72.13877,17.587,6,2,far,Lago Calafquen,0.13,5.0,True,False
Villarrica,2026-02-25 05:42,VIIRS_SNPP_750,-39.55553,-72.13766,8.16,3,1,far,Lago Calafquen,0.54,5.0,True,False
Villarrica,2026-02-25 06:06,VIIRS_NOAA20_750,-39.56751,-72.15413,0.0,3,2,far,Lago Calafquen,1.47,5.0,True,False
Villarrica,2026-02-25 07:50,MODIS_AQUA,-39.25332,-72.0103,259.875,83,5,far,Lago Villarrica,7.11,7.0,False,True
Villarrica,2026-02-26 02:50,MODIS_TERRA,-39.27108,-72.18356,0.0,10,1,far,Lago Villarrica,8.05,7.0,False,True
Villarrica,2026-02-26 05:24,VIIRS_SNPP_750,-39.21269,-72.15267,23.381,9,5,far,Lago Villarrica,8.35,7.0,False,True
Villarrica,2026-02-26 05:42,VIIRS_NOAA20_750,-39.55784,-72.13659,16.181,6,1,far,Lago Calafquen,0.38,5.0,True,False
Villarrica,2026-02-27 01:55,MODIS_TERRA,-39.24989,-72.0651,337.679,157,3,far,Lago Villarrica,3.1,7.0,True,False
Villarrica,2026-02-27 06:18,VIIRS_NOAA21_750,-39.26384,-72.16193,24.118,6,2,far,Lago Villarrica,6.23,7.0,True,False
Villarrica,2026-02-27 07:25,MODIS_AQUA,-39.51322,-72.09396,242.792,95,5,far,Lago Calafquen,6.53,5.0,False,True
Villarrica,2026-02-28 05:06,VIIRS_NOAA20_750,-39.20908,-72.07101,0.0,5,2,far,Lago Villarrica,6.97,7.0,True,False
Villarrica,2026-02-28 05:54,VIIRS_NOAA21_750,-39.52948,-72.08917,15.598,7,2,far,Lago Calafquen,5.52,5.0,False,True
Villarrica,2026-02-28 08:05,MODIS_AQUA,-39.20396,-72.13808,0.0,66,5,far,Lago Villarrica,8.43,7.0,False,True
Villarrica,2026-03-01 01:35,MODIS_TERRA,-39.52689,-72.1656,0.0,30,2,far,Lago Calafquen,4.29,5.0,True,False
Villarrica,2026-03-02 02:15,MODIS_TERRA,-39.50954,-72.15311,109.477,53,2,far,Lago Calafquen,5.72,5.0,False,True
Villarrica,2026-03-02 07:40,MODIS_AQUA,-39.21515,-72.07402,30.292,42,4,far,Lago Villarrica,6.25,7.0,True,False
Villarrica,2026-03-03 02:50,MODIS_TERRA,-39.21336,-72.16663,276.578,21,3,far,Lago Villarrica,9.12,7.0,False,True
Villarrica,2026-03-03 05:00,VIIRS_NOAA21_750,-39.5616,-72.14363,28.105,9,2,far,Lago Calafquen,0.36,5.0,True,False
Villarrica,2026-03-03 05:48,VIIRS_NOAA20_750,-39.5382,-72.08829,30.247,13,2,far,Lago Calafquen,5.05,5.0,False,True
Villarrica,2026-03-03 06:42,VIIRS_NOAA21_750,-39.5001,-72.13591,18.405,6,2,far,Lago Calafquen,6.67,5.0,False,True
Villarrica,2026-03-03 08:20,MODIS_AQUA,-39.2471,-72.06853,0.0,35,3,far,Lago Villarrica,3.15,7.0,True,False
Villarrica,2026-03-04 04:42,VIIRS_NOAA21_750,-39.55993,-72.05756,45.016,16,6,far,Lago Calafquen,7.07,5.0,False,True
Villarrica,2026-03-04 06:24,VIIRS_NOAA21_750,-39.56644,-72.14938,20.747,7,3,far,Lago Calafquen,1.08,5.0,True,False
Villarrica,2026-03-04 07:20,MODIS_AQUA,-39.50201,-72.1603,238.066,87,6,far,Lago Calafquen,6.68,5.0,False,True
Villarrica,2026-03-05 02:30,MODIS_TERRA,-39.58444,-72.0628,88.836,23,3,far,Lago Calafquen,7.15,5.0,False,True
Villarrica,2026-03-05 05:12,VIIRS_NOAA20_750,-39.5564,-72.13995,7.645,3,1,far,Lago Calafquen,0.4,5.0,True,False
Villarrica,2026-03-05 06:00,VIIRS_NOAA21_750,-39.56479,-72.14706,47.256,16,4,far,Lago Calafquen,0.81,5.0,True,False
Villarrica,2026-03-05 06:30,VIIRS_SNPP_750,-39.56469,-72.15826,0.0,1,1,far,Lago Calafquen,1.65,5.0,True,False
Villarrica,2026-03-05 08:00,MODIS_AQUA,-39.21265,-72.08784,320.93,59,5,far,Lago Villarrica,6.38,7.0,True,False
Villarrica,2026-03-06 01:35,MODIS_TERRA,-39.2421,-72.07803,113.393,13,1,far,Lago Villarrica,3.27,7.0,True,False
Villarrica,2026-03-06 05:42,VIIRS_NOAA21_750,-39.56606,-72.1636,0.0,3,1,far,Lago Calafquen,2.13,5.0,True,False
Villarrica,2026-03-06 06:12,VIIRS_SNPP_750,-39.56528,-72.14108,5.352,2,1,far,Lago Calafquen,0.59,5.0,True,False
Villarrica,2026-03-07 05:24,VIIRS_NOAA21_750,-39.24857,-72.04047,213.718,102,10,far,Lago Villarrica,4.89,7.0,True,False
Villarrica,2026-03-08 02:50,MODIS_TERRA,-39.5457,-72.1615,65.993,6,1,far,Lago Calafquen,2.43,5.0,True,False
Villarrica,2026-03-08 06:40,MODIS_AQUA,-39.33345,-72.0784,307.825,16,2,far,Lago Villarrica,7.13,7.0,False,True
Villarrica,2026-03-08 08:15,MODIS_AQUA,-39.20502,-72.06772,0.0,48,3,far,Lago Villarrica,7.48,7.0,False,True
Villarrica,2026-03-09 01:50,MODIS_TERRA,-39.23003,-72.16396,47.012,16,2,far,Lago Villarrica,7.77,7.0,False,True
Villarrica,2026-03-09 05:36,VIIRS_NOAA20_750,-39.55923,-72.14163,47.55,21,2,far,Lago Calafquen,0.16,5.0,True,False
Villarrica,2026-03-09 06:30,VIIRS_NOAA21_750,-39.2399,-71.98863,90.385,42,2,far,Lago Villarrica,9.35,7.0,False,True
Villarrica,2026-03-09 07:15,MODIS_AQUA,-39.24332,-72.0244,0.0,94,4,far,Lago Villarrica,6.38,7.0,True,False
Villarrica,2026-03-10 02:30,MODIS_TERRA,-39.55692,-72.10126,33.866,8,1,far,Lago Calafquen,3.34,5.0,True,False
Villarrica,2026-03-10 06:12,VIIRS_NOAA21_750,-39.55776,-72.13282,4.13,2,1,far,Lago Calafquen,0.66,5.0,True,False
Villarrica,2026-03-10 07:55,MODIS_AQUA,-39.24969,-72.06062,217.015,49,13,far,Lago Villarrica,3.39,7.0,True,False
Villarrica,2026-03-11 01:30,MODIS_TERRA,-39.52949,-72.10783,56.747,5,1,far,Lago Calafquen,4.37,5.0,True,False
Villarrica,2026-03-11 01:35,MODIS_TERRA,-39.29146,-72.02084,38.182,4,1,far,Lago Villarrica,6.41,7.0,True,False
Villarrica,2026-03-13 02:50,MODIS_TERRA,-39.53065,-72.17754,283.73,32,2,far,Lago Calafquen,4.58,5.0,True,False
Villarrica,2026-03-13 06:06,VIIRS_NOAA20_750,-39.28829,-72.1104,7.948,3,1,far,Lago Villarrica,2.69,7.0,True,False
Villarrica,2026-03-13 08:10,MODIS_AQUA,-39.28302,-72.05905,0.0,12,2,far,Lago Villarrica,3.03,7.0,True,False
Villarrica,2026-03-14 04:54,VIIRS_NOAA21_750,-39.49751,-72.11774,11.655,9,2,far,Lago Calafquen,7.21,5.0,False,True
Villarrica,2026-03-14 05:24,VIIRS_SNPP_750,-39.22505,-72.14181,0.0,7,3,far,Lago Villarrica,6.7,7.0,True,False
Villarrica,2026-03-14 07:10,MODIS_AQUA,-39.22219,-72.11312,0.0,159,6,far,Lago Villarrica,5.68,7.0,True,False
Villarrica,2026-03-16 08:25,MODIS_AQUA,-39.50125,-72.09933,0.0,80,4,far,Lago Calafquen,7.41,5.0,False,True
Villarrica,2026-03-17 02:10,MODIS_TERRA,-39.5679,-72.15159,0.0,131,4,far,Lago Calafquen,1.33,5.0,True,False
Villarrica,2026-03-17 04:48,VIIRS_NOAA20_750,-39.2307,-72.01234,21.148,11,4,far,Lago Villarrica,7.99,7.0,False,True
Villarrica,2026-03-17 06:06,VIIRS_SNPP_750,-39.569,-72.16264,51.167,19,2,far,Lago Calafquen,2.18,5.0,True,False
Villarrica,2026-03-17 06:30,VIIRS_NOAA20_750,-39.29752,-72.0688,17.291,5,5,far,Lago Villarrica,3.56,7.0,True,False
Villarrica,2026-03-17 07:25,MODIS_AQUA,-39.26573,-72.01711,337.038,153,5,far,Lago Villarrica,6.29,7.0,True,False
Villarrica,2026-03-18 05:48,VIIRS_SNPP_750,-39.52542,-72.07663,8.458,3,1,far,Lago Calafquen,6.66,5.0,False,True
Villarrica,2026-03-20 02:30,MODIS_TERRA,-39.28767,-72.09431,289.404,98,5,far,Lago Villarrica,2.0,7.0,True,False
Villarrica,2026-03-20 05:30,VIIRS_NOAA20_750,-39.28925,-72.08581,0.0,21,3,far,Lago Villarrica,2.17,7.0,True,False
Villarrica,2026-03-20 06:24,VIIRS_NOAA21_750,-39.2784,-72.01344,0.0,7,2,far,Lago Villarrica,6.66,7.0,True,False
Villarrica,2026-03-20 06:54,VIIRS_SNPP,-39.22138,-72.10339,0.0,4,1,far,Lago Villarrica,5.53,7.0,True,False
Villarrica,2026-03-21 01:30,MODIS_TERRA,-39.25179,-72.049,439.973,49,4,far,Lago Villarrica,4.07,7.0,True,False
Villarrica,2026-03-21 04:54,VIIRS_SNPP,-39.24931,-71.98083,4.74,11,2,far,Lago Villarrica,9.68,7.0,False,True
Villarrica,2026-03-21 05:12,VIIRS_NOAA20_750,-39.28526,-72.01363,18.268,7,2,far,Lago Villarrica,6.79,7.0,True,False
Villarrica,2026-03-21 06:00,VIIRS_NOAA21_750,-39.56651,-72.15864,0.0,28,2,far,Lago Calafquen,1.75,5.0,True,False
Villarrica,2026-03-21 06:45,MODIS_AQUA,-39.21633,-72.14709,0.0,30,4,far,Lago Villarrica,7.73,7.0,False,True
Villarrica,2026-03-21 06:54,VIIRS_NOAA20,-39.26791,-72.02726,1.11,2,1,far,Lago Villarrica,5.41,7.0,True,False
Villarrica,2026-03-22 07:20,MODIS_AQUA,-39.53134,-72.20958,0.0,108,2,far,Lago Calafquen,6.76,5.0,False,True
Villarrica,2026-03-23 04:36,VIIRS_NOAA20,-39.24287,-72.05025,2.051,6,1,far,Lago Villarrica,4.56,7.0,True,False
Villarrica,2026-03-23 04:36,VIIRS_NOAA20_750,-39.24087,-72.04497,5.315,2,1,far,Lago Villarrica,5.05,7.0,True,False
Villarrica,2026-03-23 06:18,VIIRS_NOAA20_750,-39.26453,-71.99128,2.778,1,1,far,Lago Villarrica,8.52,7.0,False,True
Villarrica,2026-03-24 07:00,MODIS_AQUA,-39.26917,-72.16512,0.0,114,4,far,Lago Villarrica,6.47,7.0,True,False
Villarrica,2026-03-25 02:30,MODIS_TERRA,-39.50401,-72.17405,155.822,47,3,far,Lago Calafquen,6.88,5.0,False,True
Villarrica,2026-03-25 07:00,VIIRS_SNPP,-39.55371,-72.08001,0.402,1,1,far,Lago Calafquen,5.19,5.0,False,True
Villarrica,2026-03-25 07:35,MODIS_AQUA,-39.26322,-72.19658,176.342,68,7,far,Lago Villarrica,9.21,7.0,False,True
Villarrica,2026-03-26 05:18,VIIRS_NOAA20_750,-39.56566,-72.14674,0.0,4,2,far,Lago Calafquen,0.85,5.0,True,False
Villarrica,2026-03-26 06:06,VIIRS_NOAA21_750,-39.57019,-72.15658,0.0,9,3,far,Lago Calafquen,1.82,5.0,True,False
Villarrica,2026-03-26 08:15,MODIS_AQUA,-39.51492,-72.12505,228.671,20,2,far,Lago Calafquen,5.17,5.0,False,True
Villarrica,2026-03-27 05:00,VIIRS_NOAA20_750,-39.56057,-72.14339,5.16,2,1,far,Lago Calafquen,0.3,5.0,True,False
Villarrica,2026-03-27 06:18,VIIRS_SNPP_750,-39.23611,-71.97694,2.932,1,1,far,Lago Villarrica,10.44,7.0,False,True
Villarrica,2026-03-27 07:15,MODIS_AQUA,-39.5217,-72.08772,0.0,59,6,far,Lago Calafquen,6.18,5.0,False,True
Villarrica,2026-03-28 02:50,MODIS_TERRA,-39.53379,-72.16864,64.214,6,1,far,Lago Calafquen,3.81,5.0,True,False
Villarrica,2026-03-28 07:55,MODIS_AQUA,-39.56258,-72.06261,231.38,68,5,far,Lago Calafquen,6.64,5.0,False,True
Villarrica,2026-03-29 01:50,MODIS_TERRA,-39.52727,-72.08202,0.0,40,2,far,Lago Calafquen,6.16,5.0,False,True
Villarrica,2026-03-29 05:12,VIIRS_NOAA21_750,-39.51129,-72.19853,0.0,3,1,far,Lago Calafquen,7.38,5.0,False,True
Villarrica,2026-03-29 06:54,VIIRS_NOAA21_750,-39.53926,-72.17191,2.032,1,1,far,Lago Calafquen,3.58,5.0,True,False
Villarrica,2026-03-29 06:55,MODIS_AQUA,-39.57016,-72.09358,395.016,42,6,far,Lago Calafquen,4.14,5.0,True,False
Villarrica,2026-03-30 02:30,MODIS_TERRA,-39.27739,-72.0794,16.181,6,1,far,Lago Villarrica,1.23,7.0,True,False
Villarrica,2026-03-30 07:30,MODIS_AQUA,-39.27839,-72.07352,81.71,51,4,far,Lago Villarrica,1.7,7.0,True,False
Villarrica,2026-03-31 06:18,VIIRS_NOAA21_750,-39.30834,-72.12237,0.0,8,2,far,Lago Villarrica,5.09,7.0,True,False
Villarrica,2026-04-01 05:54,VIIRS_NOAA21_750,-39.56683,-72.14323,12.957,4,1,far,Lago Calafquen,0.81,5.0,True,False
Villarrica,2026-04-02 05:36,VIIRS_NOAA21_750,-39.56715,-72.13918,15.395,5,1,far,Lago Calafquen,0.8,5.0,True,False
Villarrica,2026-04-02 06:06,VIIRS_SNPP_750,-39.56987,-72.15802,0.0,2,2,far,Lago Calafquen,1.89,5.0,True,False
Villarrica,2026-04-03 05:18,VIIRS_NOAA21_750,-39.56807,-72.15478,25.771,9,3,far,Lago Calafquen,1.55,5.0,True,False
Villarrica,2026-04-04 05:00,VIIRS_NOAA21_750,-39.53236,-72.09571,0.0,5,3,far,Lago Calafquen,4.89,5.0,True,False
Villarrica,2026-04-04 05:30,VIIRS_SNPP_750,-39.56831,-72.15707,0.0,2,1,far,Lago Calafquen,1.73,5.0,True,False
Villarrica,2026-04-04 05:54,VIIRS_NOAA20_750,-39.55714,-72.13117,2.412,1,1,far,Lago Calafquen,0.82,5.0,True,False
Villarrica,2026-04-05 06:54,VIIRS_SNPP_750,-39.55375,-72.14408,2.827,2,1,far,Lago Calafquen,0.78,5.0,True,False
Villarrica,2026-04-06 06:00,VIIRS_NOAA21_750,-39.56595,-72.14369,5.277,2,1,far,Lago Calafquen,0.73,5.0,True,False
Villarrica,2026-04-20 05:00,VIIRS_NOAA21_750,-39.21326,-72.15016,12.012,4,4,far,Lago Villarrica,8.16,7.0,False,True
Villarrica,2026-04-20 05:30,VIIRS_SNPP_750,-39.2105,-72.1781,5.488,2,2,far,Lago Villarrica,10.07,7.0,False,True
Villarrica,2026-04-20 06:42,VIIRS_NOAA21_750,-39.56195,-72.14887,5.25,2,1,far,Lago Calafquen,0.79,5.0,True,False
Villarrica,2026-04-24 05:54,VIIRS_SNPP_750,-39.21518,-72.15975,2.112,1,1,far,Lago Villarrica,8.56,7.0,False,True
Villarrica,2026-04-24 06:18,VIIRS_NOAA20,-39.23133,-72.01118,0.286,1,1,far,Lago Villarrica,8.03,7.0,False,True
Villarrica,2026-04-25 05:06,VIIRS_NOAA21_750,-39.30071,-72.043,28.189,11,1,far,Lago Villarrica,5.29,7.0,True,False
Villarrica,2026-04-25 05:36,VIIRS_SNPP_750,-39.49786,-72.12212,10.834,4,1,far,Lago Calafquen,7.08,5.0,False,True
Villarrica,2026-04-25 06:00,VIIRS_NOAA20_750,-39.56776,-72.16647,2.68,1,1,far,Lago Calafquen,2.43,5.0,True,False
Villarrica,2026-04-26 04:48,VIIRS_NOAA21_750,-39.23541,-72.00269,19.761,6,2,far,Lago Villarrica,8.44,7.0,False,True
Villarrica,2026-04-29 06:24,VIIRS_NOAA20_750,-39.2964,-72.02142,6.779,3,1,far,Lago Villarrica,6.59,7.0,True,False
Villarrica,2026-05-01 06:36,VIIRS_NOAA21_750,-39.28613,-72.00607,4.379,2,2,far,Lago Villarrica,7.44,7.0,False,True
Villarrica,2026-05-02 05:24,VIIRS_NOAA20_750,-39.55758,-72.13149,5.701,2,1,far,Lago Calafquen,0.78,5.0,True,False
Villarrica,2026-05-04 05:36,VIIRS_NOAA21,-39.57684,-72.08244,0.345,2,1,far,Lago Calafquen,5.28,5.0,False,True
Villarrica,2026-05-10 05:24,VIIRS_NOAA21_750,-39.29985,-72.03779,6.537,3,1,far,Lago Villarrica,5.59,7.0,True,False
Villarrica,2026-05-22 02:40,MODIS_TERRA,-39.57949,-72.06754,78.972,17,1,far,Lago Calafquen,6.58,5.0,False,True
Villarrica,2026-05-22 05:54,VIIRS_NOAA20,-39.52114,-72.18921,61.894,278,154,summit,Lago Calafquen,6.04,5.0,False,True
Villarrica,2026-05-24 06:00,VIIRS_NOAA21,-39.62384,-72.13815,0.0,181,70,far,Lago Calafquen,7.1,5.0,False,True
Villarrica,2026-05-24 06:00,VIIRS_NOAA21_750,-39.62065,-72.14216,0.0,2,1,far,Lago Calafquen,6.75,5.0,False,True
Villarrica,2026-05-24 06:36,VIIRS_SNPP_750,-39.56039,-72.05556,10.313,4,4,far,Lago Calafquen,7.24,5.0,False,True
Lascar,2026-01-29 01:00,MODIS_TERRA,-23.40475,-67.85732,924.575,45,5,far,Salar de Atacama,36.53,25.0,False,True
Lascar,2026-01-29 06:55,MODIS_AQUA,-23.5013,-67.84349,0.0,52,2,far,Salar de Atacama,36.35,25.0,False,True
Lascar,2026-01-30 01:40,MODIS_TERRA,-23.46852,-67.9557,0.0,25,1,far,Salar de Atacama,25.16,25.0,False,True
Lascar,2026-01-30 05:24,VIIRS_SNPP,-23.43232,-67.90276,1.918,5,1,far,Salar de Atacama,31.24,25.0,False,True
Lascar,2026-01-30 06:36,VIIRS_NOAA21_750,-23.49803,-67.96929,0.0,1,1,far,Salar de Atacama,23.53,25.0,True,False
Lascar,2026-01-31 02:20,MODIS_TERRA,-23.56787,-67.93674,0.0,11,1,far,Salar de Atacama,27.88,25.0,False,True
Lascar,2026-01-31 08:10,MODIS_AQUA,-23.44198,-67.97205,0.0,2,1,far,Salar de Atacama,24.13,25.0,True,False
Lascar,2026-02-01 01:20,MODIS_TERRA,-23.43746,-67.93127,95.652,19,2,far,Salar de Atacama,28.28,25.0,False,True
Lascar,2026-02-01 07:10,MODIS_AQUA,-23.39175,-67.94964,0.0,55,2,far,Salar de Atacama,28.23,25.0,False,True
Lascar,2026-02-02 04:48,VIIRS_NOAA20,-23.56055,-67.9632,0.0,7,1,far,Salar de Atacama,25.06,25.0,False,True
Lascar,2026-02-02 04:48,VIIRS_NOAA20_750,-23.52933,-67.94404,0.0,6,2,far,Salar de Atacama,26.3,25.0,False,True
Lascar,2026-02-02 07:45,MODIS_AQUA,-23.27221,-67.95943,0.0,31,2,far,Salar de Atacama,35.28,25.0,False,True
Lascar,2026-02-03 01:00,MODIS_TERRA,-23.40778,-67.95982,581.99,35,4,far,Salar de Atacama,26.56,25.0,False,True
Lascar,2026-02-03 06:50,MODIS_AQUA,-23.42544,-67.8625,272.41,21,4,far,Salar de Atacama,35.41,25.0,False,True
Lascar,2026-02-04 01:40,MODIS_TERRA,-23.31135,-67.96423,0.0,55,3,far,Salar de Atacama,31.92,25.0,False,True
Lascar,2026-02-04 07:25,MODIS_AQUA,-23.25625,-67.9611,61.429,40,2,far,Salar de Atacama,36.46,25.0,False,True
Lascar,2026-02-05 02:20,MODIS_TERRA,-23.54524,-67.96172,0.0,10,1,far,Salar de Atacama,24.81,25.0,True,False
Lascar,2026-02-05 08:05,MODIS_AQUA,-23.36186,-67.96936,140.875,15,1,far,Salar de Atacama,28.1,25.0,False,True
Lascar,2026-02-06 01:20,MODIS_TERRA,-23.42151,-67.95628,34.467,8,1,far,Salar de Atacama,26.35,25.0,False,True
Lascar,2026-02-06 07:05,MODIS_AQUA,-23.5122,-67.95803,0.0,28,2,far,Salar de Atacama,24.71,25.0,True,False
Lascar,2026-02-07 02:00,MODIS_TERRA,-23.36345,-67.97554,37.366,11,1,far,Salar de Atacama,27.48,25.0,False,True
Lascar,2026-02-07 07:40,MODIS_AQUA,-23.34397,-67.95297,0.0,69,2,far,Salar de Atacama,30.6,25.0,False,True
Lascar,2026-02-08 01:00,MODIS_TERRA,-23.54241,-67.93067,0.0,12,1,far,Salar de Atacama,27.86,25.0,False,True
Lascar,2026-02-08 06:18,VIIRS_NOAA20_750,-23.57516,-67.92528,0.0,11,1,far,Salar de Atacama,29.23,25.0,False,True
Lascar,2026-02-09 01:40,MODIS_TERRA,-23.49907,-67.95625,0.0,14,1,far,Salar de Atacama,24.86,25.0,True,False
Lascar,2026-02-09 07:20,MODIS_AQUA,-23.41992,-67.90381,0.0,52,4,far,Salar de Atacama,31.5,25.0,False,True
Lascar,2026-02-10 02:20,MODIS_TERRA,-23.37263,-67.96011,94.635,10,1,far,Salar de Atacama,28.28,25.0,False,True
Lascar,2026-02-10 08:00,MODIS_AQUA,-23.25145,-67.96432,176.513,17,2,far,Salar de Atacama,36.64,25.0,False,True
Lascar,2026-02-11 01:20,MODIS_TERRA,-23.41519,-67.9418,20.351,3,1,far,Salar de Atacama,27.98,25.0,False,True
Lascar,2026-02-11 07:00,MODIS_AQUA,-23.42167,-67.96159,141.271,22,2,far,Salar de Atacama,25.83,25.0,False,True
Lascar,2026-02-12 02:00,MODIS_TERRA,-23.48091,-67.97558,0.0,15,1,far,Salar de Atacama,22.98,25.0,True,False
Lascar,2026-02-12 07:35,MODIS_AQUA,-23.39312,-67.94293,0.0,34,2,far,Salar de Atacama,28.79,25.0,False,True
Lascar,2026-02-13 01:00,MODIS_TERRA,-23.55727,-67.93764,344.681,13,2,far,Salar de Atacama,27.5,25.0,False,True
Lascar,2026-02-15 02:20,MODIS_TERRA,-23.43385,-67.89041,45.335,7,1,far,Salar de Atacama,32.42,25.0,False,True
Lascar,2026-02-15 07:55,MODIS_AQUA,-23.57699,-67.93803,122.122,20,3,far,Salar de Atacama,28.04,25.0,False,True
Lascar,2026-02-16 06:55,MODIS_AQUA,-23.46452,-67.91663,0.0,28,3,far,Salar de Atacama,29.17,25.0,False,True
Lascar,2026-02-17 02:00,MODIS_TERRA,-23.58824,-67.97501,0.0,69,1,far,Salar de Atacama,24.95,25.0,True,False
Lascar,2026-02-17 07:30,MODIS_AQUA,-23.56473,-67.85058,92.575,62,7,far,Salar de Atacama,36.34,25.0,False,True
Lascar,2026-02-19 07:10,MODIS_AQUA,-23.5302,-67.92643,0.0,38,3,far,Salar de Atacama,28.09,25.0,False,True
Lascar,2026-02-20 05:54,VIIRS_NOAA20_750,-23.44052,-67.97058,12.511,7,2,summit,Salar de Atacama,24.32,25.0,True,False
Lascar,2026-02-21 01:20,MODIS_TERRA,-23.5246,-67.85645,213.238,243,15,far,Salar de Atacama,35.14,25.0,False,True
Lascar,2026-02-21 06:24,VIIRS_NOAA21_750,-23.47529,-67.84676,2.773,1,1,far,Salar de Atacama,36.13,25.0,False,True
Lascar,2026-02-21 06:50,MODIS_AQUA,-23.39584,-67.93523,330.899,20,3,far,Salar de Atacama,29.39,25.0,False,True
Lascar,2026-02-22 07:25,MODIS_AQUA,-23.43285,-67.97064,0.0,54,2,far,Salar de Atacama,24.56,25.0,True,False
Lascar,2026-02-23 01:00,MODIS_TERRA,-23.55175,-67.94646,0.0,33,2,far,Salar de Atacama,26.48,25.0,False,True
Lascar,2026-02-23 04:54,VIIRS_NOAA20_750,-23.57664,-67.9511,0.0,5,2,far,Salar de Atacama,26.77,25.0,False,True
Lascar,2026-02-23 05:48,VIIRS_NOAA21_750,-23.52187,-67.83556,0.0,18,4,far,Salar de Atacama,37.24,25.0,False,True
Lascar,2026-02-23 08:05,MODIS_AQUA,-23.53218,-67.967,0.0,20,1,far,Salar de Atacama,24.02,25.0,True,False
Lascar,2026-02-24 01:40,MODIS_TERRA,-23.47211,-67.9529,218.052,130,4,far,Salar de Atacama,25.39,25.0,False,True
Lascar,2026-02-24 05:54,VIIRS_SNPP_750,-23.31527,-67.92605,9.462,5,1,far,Salar de Atacama,34.69,25.0,False,True
Lascar,2026-02-24 06:18,VIIRS_NOAA20_750,-23.34121,-67.91702,16.599,8,5,far,Salar de Atacama,33.84,25.0,False,True
Lascar,2026-02-24 07:05,MODIS_AQUA,-23.51091,-67.95871,0.0,38,3,far,Salar de Atacama,24.63,25.0,True,False
Lascar,2026-02-25 02:20,MODIS_TERRA,-23.27802,-67.96556,0.0,51,4,far,Salar de Atacama,34.38,25.0,False,True
Lascar,2026-02-25 07:45,MODIS_AQUA,-23.38095,-67.94841,110.804,46,1,far,Salar de Atacama,28.88,25.0,False,True
Lascar,2026-02-26 01:20,MODIS_TERRA,-23.26795,-67.94616,184.31,39,3,far,Salar de Atacama,36.56,25.0,False,True
Lascar,2026-02-26 04:48,VIIRS_NOAA21_750,-23.39178,-67.9584,9.804,5,1,far,Salar de Atacama,27.43,25.0,False,True
Lascar,2026-02-27 02:00,MODIS_TERRA,-23.5152,-67.93304,0.0,23,1,far,Salar de Atacama,27.27,25.0,False,True
Lascar,2026-02-27 07:20,MODIS_AQUA,-23.50895,-67.91702,0.0,74,3,far,Salar de Atacama,28.87,25.0,False,True
Lascar,2026-02-28 01:00,MODIS_TERRA,-23.54151,-67.862,301.629,11,2,far,Salar de Atacama,34.77,25.0,False,True
Lascar,2026-03-01 07:00,MODIS_AQUA,-23.31104,-67.93903,0.0,37,2,far,Salar de Atacama,33.92,25.0,False,True
Lascar,2026-03-02 07:40,MODIS_AQUA,-23.31796,-67.96329,120.935,60,2,far,Salar de Atacama,31.51,25.0,False,True
Lascar,2026-03-03 01:20,MODIS_TERRA,-23.34456,-67.94989,48.071,11,1,far,Salar de Atacama,30.82,25.0,False,True
Lascar,2026-03-04 01:55,MODIS_TERRA,-23.38083,-67.96384,41.052,19,1,far,Salar de Atacama,27.5,25.0,False,True
Lascar,2026-03-04 07:15,MODIS_AQUA,-23.43693,-67.94252,114.736,52,2,far,Salar de Atacama,27.18,25.0,False,True
Lascar,2026-03-05 01:00,MODIS_TERRA,-23.40321,-67.86948,175.142,11,1,far,Salar de Atacama,35.39,25.0,False,True
Lascar,2026-03-05 07:55,MODIS_AQUA,-23.39185,-67.96453,208.122,40,1,far,Salar de Atacama,26.86,25.0,False,True
Lascar,2026-03-06 01:35,MODIS_TERRA,-23.26097,-67.96767,0.0,24,1,far,Salar de Atacama,35.62,25.0,False,True
Lascar,2026-03-06 06:55,MODIS_AQUA,-23.46907,-67.91072,0.0,25,2,far,Salar de Atacama,29.7,25.0,False,True
Lascar,2026-03-07 07:35,MODIS_AQUA,-23.37696,-67.94489,121.512,80,2,far,Salar de Atacama,29.4,25.0,False,True
Lascar,2026-03-08 01:20,MODIS_TERRA,-23.44867,-67.9443,86.449,23,1,far,Salar de Atacama,26.7,25.0,False,True
Lascar,2026-03-08 08:10,MODIS_AQUA,-23.52134,-67.86779,0.0,23,2,far,Salar de Atacama,33.96,25.0,False,True
Lascar,2026-03-09 01:55,MODIS_TERRA,-23.58946,-67.91346,0.0,19,1,far,Salar de Atacama,30.86,25.0,False,True
Lascar,2026-03-09 07:10,MODIS_AQUA,-23.43889,-67.92889,0.0,51,3,far,Salar de Atacama,28.47,25.0,False,True
Lascar,2026-03-10 01:00,MODIS_TERRA,-23.43489,-67.8765,404.609,11,2,far,Salar de Atacama,33.78,25.0,False,True
Lascar,2026-03-10 07:50,MODIS_AQUA,-23.47929,-67.94781,114.582,32,3,far,Salar de Atacama,25.82,25.0,False,True
Lascar,2026-03-11 06:50,MODIS_AQUA,-23.57173,-67.91934,0.0,28,4,far,Salar de Atacama,29.7,25.0,False,True
Lascar,2026-03-12 02:15,MODIS_TERRA,-23.52147,-67.97729,0.0,16,1,far,Salar de Atacama,22.83,25.0,True,False
Lascar,2026-03-12 07:25,MODIS_AQUA,-23.36358,-67.94376,0.0,57,2,far,Salar de Atacama,30.23,25.0,False,True
Lascar,2026-03-13 01:15,MODIS_TERRA,-23.54673,-67.97093,0.0,16,1,far,Salar de Atacama,23.93,25.0,True,False
Lascar,2026-03-14 01:55,MODIS_TERRA,-23.56612,-67.94948,0.0,20,1,far,Salar de Atacama,26.58,25.0,False,True
Lascar,2026-03-14 07:05,MODIS_AQUA,-23.36638,-67.9097,135.874,34,1,far,Salar de Atacama,33.14,25.0,False,True
Lascar,2026-03-15 00:55,MODIS_TERRA,-23.51131,-67.92865,0.0,11,1,far,Salar de Atacama,27.7,25.0,False,True
Lascar,2026-03-15 07:45,MODIS_AQUA,-23.4066,-67.87453,114.92,59,2,far,Salar de Atacama,34.79,25.0,False,True
Lascar,2026-03-16 01:35,MODIS_TERRA,-23.37497,-67.96272,52.424,32,1,far,Salar de Atacama,27.92,25.0,False,True
Lascar,2026-03-17 05:36,VIIRS_NOAA21,-23.48251,-67.86482,1.21,1,1,far,Salar de Atacama,34.24,25.0,False,True
Lascar,2026-03-18 01:15,MODIS_TERRA,-23.39588,-67.95302,111.025,30,1,far,Salar de Atacama,27.73,25.0,False,True
Lascar,2026-03-20 00:55,MODIS_TERRA,-23.47309,-67.86964,374.974,24,3,far,Salar de Atacama,33.82,25.0,False,True
Lascar,2026-03-20 07:40,MODIS_AQUA,-23.31686,-67.96052,118.529,78,3,far,Salar de Atacama,31.81,25.0,False,True
Lascar,2026-03-21 01:35,MODIS_TERRA,-23.53162,-67.90474,0.0,32,1,far,Salar de Atacama,30.31,25.0,False,True
Lascar,2026-03-22 02:15,MODIS_TERRA,-23.39456,-67.92626,68.165,11,1,far,Salar de Atacama,30.29,25.0,False,True
Lascar,2026-03-23 01:15,MODIS_TERRA,-23.24633,-67.97498,0.0,27,1,far,Salar de Atacama,36.38,25.0,False,True
Lascar,2026-03-23 07:55,MODIS_AQUA,-23.35667,-67.96553,173.827,50,1,far,Salar de Atacama,28.75,25.0,False,True
Lascar,2026-03-24 01:55,MODIS_TERRA,-23.37872,-67.9716,61.598,31,1,far,Salar de Atacama,26.92,25.0,False,True
Lascar,2026-03-24 06:55,MODIS_AQUA,-23.5614,-67.91121,0.0,11,1,far,Salar de Atacama,30.22,25.0,False,True
Lascar,2026-03-25 00:55,MODIS_TERRA,-23.42733,-67.88914,432.142,23,1,far,Salar de Atacama,32.72,25.0,False,True
Lascar,2026-03-25 07:30,MODIS_AQUA,-23.35993,-67.94125,108.578,81,1,far,Salar de Atacama,30.65,25.0,False,True
Lascar,2026-03-26 08:10,MODIS_AQUA,-23.34706,-67.95538,308.084,28,2,far,Salar de Atacama,30.2,25.0,False,True
Lascar,2026-03-27 07:10,MODIS_AQUA,-23.48405,-67.86906,126.506,32,2,far,Salar de Atacama,33.8,25.0,False,True
Lascar,2026-03-28 07:50,MODIS_AQUA,-23.49628,-67.96335,100.901,35,2,far,Salar de Atacama,24.14,25.0,True,False
Lascar,2026-03-29 01:55,MODIS_TERRA,-23.2797,-67.95028,37.157,20,1,far,Salar de Atacama,35.35,25.0,False,True
Lascar,2026-03-29 06:50,MODIS_AQUA,-23.57323,-67.90402,0.0,15,2,far,Salar de Atacama,31.25,25.0,False,True
Lascar,2026-03-30 07:25,MODIS_AQUA,-23.37243,-67.93466,0.0,60,3,far,Salar de Atacama,30.56,25.0,False,True
Lascar,2026-03-31 08:05,MODIS_AQUA,-23.41255,-67.93526,0.0,18,2,far,Salar de Atacama,28.7,25.0,False,True
Lascar,2026-04-01 07:05,MODIS_AQUA,-23.42299,-67.91069,0.0,41,2,far,Salar de Atacama,30.73,25.0,False,True
Lascar,2026-04-02 01:15,MODIS_TERRA,-23.28168,-67.93092,88.923,21,1,far,Salar de Atacama,36.65,25.0,False,True
Lascar,2026-04-02 07:45,MODIS_AQUA,-23.4031,-67.95642,120.877,76,2,far,Salar de Atacama,27.08,25.0,False,True
Lascar,2026-04-03 01:55,MODIS_TERRA,-23.50939,-67.96387,0.0,37,1,far,Salar de Atacama,24.1,25.0,True,False
Lascar,2026-04-03 06:06,VIIRS_NOAA20_750,-23.47222,-67.89113,3.178,2,1,far,Salar de Atacama,31.65,25.0,False,True
Lascar,2026-04-04 07:20,MODIS_AQUA,-23.43587,-67.93876,0.0,28,2,far,Salar de Atacama,27.58,25.0,False,True
Lascar,2026-04-05 08:00,MODIS_AQUA,-23.43287,-67.95961,0.0,17,2,far,Salar de Atacama,25.63,25.0,False,True
Lascar,2026-04-06 07:00,MODIS_AQUA,-23.35263,-67.9105,0.0,25,3,far,Salar de Atacama,33.78,25.0,False,True
Lascar,2026-04-07 01:15,MODIS_TERRA,-23.42229,-67.93629,47.639,9,1,far,Salar de Atacama,28.25,25.0,False,True
Lascar,2026-04-07 07:35,MODIS_AQUA,-23.37645,-67.95119,82.824,68,2,far,Salar de Atacama,28.86,25.0,False,True
Lascar,2026-04-08 01:50,MODIS_TERRA,-23.49754,-67.96305,0.0,39,1,far,Salar de Atacama,24.16,25.0,True,False
Lascar,2026-04-09 07:15,MODIS_AQUA,-23.38424,-67.9294,0.0,47,2,far,Salar de Atacama,30.46,25.0,False,True
Lascar,2026-04-10 01:30,MODIS_TERRA,-23.35369,-67.96166,52.751,39,1,far,Salar de Atacama,29.26,25.0,False,True
Lascar,2026-04-11 05:18,VIIRS_NOAA20_750,-23.47118,-67.89598,2.812,2,1,far,Salar de Atacama,31.17,25.0,False,True
Lascar,2026-04-11 06:06,VIIRS_NOAA21_750,-23.56046,-67.96355,0.0,1,1,far,Salar de Atacama,25.03,25.0,False,True
Lascar,2026-04-11 06:55,MODIS_AQUA,-23.58704,-67.92029,0.0,25,2,far,Salar de Atacama,30.11,25.0,False,True
Lascar,2026-04-20 04:54,VIIRS_NOAA21_750,-23.45901,-67.93251,2.409,2,1,far,Salar de Atacama,27.66,25.0,False,True
Lascar,2026-05-06 04:54,VIIRS_NOAA21_750,-23.27489,-67.92641,1.815,1,1,far,Salar de Atacama,37.5,25.0,False,True
Lascar,2026-05-12 01:05,MODIS_TERRA,-23.3836,-67.93901,108.701,13,2,far,Salar de Atacama,29.6,25.0,False,True
Lascar,2026-05-12 06:55,MODIS_AQUA,-23.53537,-67.88126,0.0,19,2,far,Salar de Atacama,32.74,25.0,False,True
Copahue,2026-01-30 05:30,VIIRS_SNPP_750,-37.87276,-70.99474,6.186,8,2,summit,Lago Caviahue,2.68,4.0,True,False
Copahue,2026-01-31 05:12,VIIRS_SNPP_750,-37.8699,-71.02275,5.51,3,1,far,Lago Caviahue,0.71,4.0,True,False
Copahue,2026-01-31 05:30,VIIRS_NOAA20_750,-37.88876,-71.01588,17.74,8,3,far,Lago Caviahue,1.63,4.0,True,False
Copahue,2026-01-31 08:15,MODIS_AQUA,-37.89505,-71.05885,237.579,20,2,far,Lago Caviahue,3.65,4.0,True,False
Copahue,2026-02-01 06:00,VIIRS_NOAA21_750,-37.88957,-71.02356,5.829,3,3,far,Lago Caviahue,1.51,4.0,True,False
Copahue,2026-02-03 06:50,MODIS_AQUA,-37.87056,-70.99191,255.598,39,3,far,Lago Caviahue,2.97,4.0,True,False
Copahue,2026-02-04 06:48,VIIRS_NOAA21_750,-37.87088,-71.02188,20.171,8,4,far,Lago Caviahue,0.63,4.0,True,False
Copahue,2026-02-06 04:30,VIIRS_NOAA21,-37.86657,-71.02505,1.685,5,2,far,Lago Caviahue,1.05,4.0,True,False
Copahue,2026-02-06 04:30,VIIRS_NOAA21_750,-37.86876,-71.00632,1.073,1,1,far,Lago Caviahue,1.83,4.0,True,False
Copahue,2026-02-06 05:18,VIIRS_NOAA20_750,-37.88665,-71.02857,0.0,12,3,far,Lago Caviahue,1.22,4.0,True,False
Copahue,2026-02-06 06:06,VIIRS_NOAA21_750,-37.87233,-71.02148,0.0,16,5,far,Lago Caviahue,0.51,4.0,True,False
Copahue,2026-02-06 06:36,VIIRS_SNPP_750,-37.87012,-71.0269,3.134,2,1,far,Lago Caviahue,0.67,4.0,True,False
Copahue,2026-02-07 05:00,VIIRS_NOAA20_750,-37.86946,-71.01433,8.795,5,3,far,Lago Caviahue,1.19,4.0,True,False
Copahue,2026-02-08 05:30,VIIRS_NOAA21_750,-37.8709,-71.01345,0.0,15,4,far,Lago Caviahue,1.16,4.0,True,False
Copahue,2026-02-08 06:00,VIIRS_SNPP_750,-37.86976,-71.01998,15.899,8,5,far,Lago Caviahue,0.82,4.0,True,False
Copahue,2026-02-10 08:05,MODIS_AQUA,-37.89165,-71.03329,444.232,69,4,far,Lago Caviahue,1.89,4.0,True,False
Copahue,2026-02-11 05:24,VIIRS_NOAA20_750,-37.87136,-71.01212,33.115,13,3,far,Lago Caviahue,1.24,4.0,True,False
Copahue,2026-02-11 06:12,VIIRS_NOAA21_750,-37.87207,-71.0225,0.0,12,5,far,Lago Caviahue,0.49,4.0,True,False
Copahue,2026-02-11 06:42,VIIRS_SNPP,-37.86966,-71.02267,3.479,6,1,far,Lago Caviahue,0.73,4.0,True,False
Copahue,2026-02-12 01:55,MODIS_TERRA,-37.87521,-71.03014,0.0,56,2,far,Lago Caviahue,0.46,4.0,True,False
Copahue,2026-02-12 05:54,VIIRS_NOAA21_750,-37.88889,-71.02084,46.053,15,4,far,Lago Caviahue,1.48,4.0,True,False
Copahue,2026-02-13 02:35,MODIS_TERRA,-37.88017,-71.0755,34.938,8,1,far,Lago Caviahue,4.46,4.0,False,True
Copahue,2026-02-13 06:06,VIIRS_SNPP_750,-37.88813,-71.02207,13.502,7,3,far,Lago Caviahue,1.37,4.0,True,False
Copahue,2026-02-14 05:18,VIIRS_NOAA21_750,-37.87249,-71.00746,10.741,5,2,far,Lago Caviahue,1.59,4.0,True,False
Copahue,2026-02-14 06:06,VIIRS_NOAA20_750,-37.88775,-71.0331,4.652,3,1,far,Lago Caviahue,1.49,4.0,True,False
Copahue,2026-02-15 05:30,VIIRS_SNPP_750,-37.88892,-71.01617,13.095,6,2,far,Lago Caviahue,1.63,4.0,True,False
Copahue,2026-02-16 04:42,VIIRS_NOAA21,-37.88934,-71.0085,0.264,1,1,far,Lago Caviahue,2.07,4.0,True,False
Copahue,2026-02-16 05:12,VIIRS_SNPP_750,-37.88841,-71.0288,1.773,1,1,far,Lago Caviahue,1.42,4.0,True,False
Copahue,2026-02-16 05:30,VIIRS_NOAA20_750,-37.86996,-71.00989,0.0,9,4,far,Lago Caviahue,1.49,4.0,True,False
Copahue,2026-02-16 06:24,VIIRS_NOAA21_750,-37.86915,-71.0153,0.0,8,5,far,Lago Caviahue,1.14,4.0,True,False
Copahue,2026-02-17 05:12,VIIRS_NOAA20_750,-37.87111,-71.0042,0.0,3,2,far,Lago Caviahue,1.9,4.0,True,False
Copahue,2026-02-17 06:00,VIIRS_NOAA21_750,-37.88961,-71.01999,0.0,7,2,far,Lago Caviahue,1.58,4.0,True,False
Copahue,2026-02-22 05:18,VIIRS_NOAA20_750,-37.87155,-71.00192,1.121,1,1,far,Lago Caviahue,2.09,4.0,True,False
Copahue,2026-02-22 06:06,VIIRS_NOAA21_750,-37.8713,-71.03849,2.989,2,1,far,Lago Caviahue,1.29,4.0,True,False
Copahue,2026-02-23 05:48,VIIRS_NOAA21_750,-37.88679,-71.02338,14.423,8,4,far,Lago Caviahue,1.21,4.0,True,False
Copahue,2026-02-23 06:18,VIIRS_SNPP_750,-37.87164,-71.01184,2.627,2,2,far,Lago Caviahue,1.25,4.0,True,False
Copahue,2026-02-24 05:30,VIIRS_NOAA21_750,-37.8887,-71.02431,43.775,17,5,far,Lago Caviahue,1.41,4.0,True,False
Copahue,2026-02-24 06:24,VIIRS_NOAA20,-37.87328,-70.99932,1.688,5,1,far,Lago Caviahue,2.27,4.0,True,False
Copahue,2026-02-25 02:15,MODIS_TERRA,-37.88197,-71.04021,0.0,19,3,far,Lago Caviahue,1.49,4.0,True,False
Copahue,2026-02-25 05:12,VIIRS_NOAA21_750,-37.87073,-71.02303,14.136,7,4,far,Lago Caviahue,0.61,4.0,True,False
Copahue,2026-02-25 06:00,VIIRS_NOAA20_750,-37.87001,-71.02045,13.282,7,4,far,Lago Caviahue,0.78,4.0,True,False
Copahue,2026-02-26 04:54,VIIRS_NOAA21_750,-37.89048,-71.01238,1.182,1,1,far,Lago Caviahue,1.95,4.0,True,False
Copahue,2026-02-26 06:50,MODIS_AQUA,-37.89589,-70.9749,0.0,21,2,far,Lago Caviahue,4.92,4.0,False,True
Copahue,2026-03-03 01:15,MODIS_TERRA,-37.9002,-70.99722,566.308,37,3,far,Lago Caviahue,3.63,4.0,True,False
Copahue,2026-03-03 05:00,VIIRS_NOAA21_750,-37.87192,-71.03798,19.6,11,2,far,Lago Caviahue,1.23,4.0,True,False
Copahue,2026-03-03 08:20,MODIS_AQUA,-37.88114,-71.07445,245.927,23,1,far,Lago Caviahue,4.38,4.0,False,True
Copahue,2026-03-04 05:12,VIIRS_SNPP_750,-37.87157,-71.00114,3.511,2,1,far,Lago Caviahue,2.15,4.0,True,False
Copahue,2026-03-04 06:24,VIIRS_NOAA21_750,-37.86981,-71.01759,0.0,9,3,far,Lago Caviahue,0.95,4.0,True,False
Copahue,2026-03-05 06:00,VIIRS_NOAA21_750,-37.88959,-71.02525,0.0,7,3,far,Lago Caviahue,1.51,4.0,True,False
Copahue,2026-03-06 05:42,VIIRS_NOAA21_750,-37.88797,-71.0248,15.243,8,4,far,Lago Caviahue,1.33,4.0,True,False
Copahue,2026-03-07 05:24,VIIRS_NOAA21_750,-37.8724,-71.00852,4.354,3,2,far,Lago Caviahue,1.5,4.0,True,False
Copahue,2026-03-08 05:36,VIIRS_SNPP_750,-37.8725,-71.00512,11.847,3,2,far,Lago Caviahue,1.79,4.0,True,False
Copahue,2026-03-09 05:18,VIIRS_SNPP_750,-37.88764,-71.02489,18.617,11,4,far,Lago Caviahue,1.29,4.0,True,False
Copahue,2026-03-09 07:15,MODIS_AQUA,-37.87191,-71.00362,0.0,55,4,far,Lago Caviahue,1.93,4.0,True,False
Copahue,2026-03-10 05:18,VIIRS_NOAA20_750,-37.87079,-71.00883,3.804,2,2,far,Lago Caviahue,1.53,4.0,True,False
Copahue,2026-03-11 05:48,VIIRS_NOAA21_750,-37.87029,-71.01013,9.337,5,4,far,Lago Caviahue,1.45,4.0,True,False
Copahue,2026-03-12 04:42,VIIRS_NOAA20,-37.88552,-71.01117,0.255,1,1,far,Lago Caviahue,1.61,4.0,True,False
Copahue,2026-03-12 06:24,VIIRS_NOAA20_750,-37.88737,-71.02785,1.901,1,1,far,Lago Caviahue,1.29,4.0,True,False
Copahue,2026-03-12 07:30,MODIS_AQUA,-37.84661,-71.03999,0.0,102,4,far,Lago Caviahue,3.52,4.0,True,False
Copahue,2026-03-13 05:12,VIIRS_NOAA21_750,-37.88716,-71.02811,0.0,7,4,far,Lago Caviahue,1.27,4.0,True,False
Copahue,2026-03-13 05:42,VIIRS_SNPP_750,-37.8724,-71.00864,18.418,8,3,far,Lago Caviahue,1.49,4.0,True,False
Copahue,2026-03-15 07:50,MODIS_AQUA,-37.89402,-71.00057,213.323,225,7,far,Lago Caviahue,2.93,4.0,True,False
Copahue,2026-03-16 01:30,MODIS_TERRA,-37.89693,-70.99024,0.0,71,5,far,Lago Caviahue,3.84,4.0,True,False
Copahue,2026-03-16 04:48,VIIRS_SNPP_750,-37.86899,-71.04529,1.734,1,1,far,Lago Caviahue,1.94,4.0,True,False
Copahue,2026-03-16 05:06,VIIRS_NOAA20_750,-37.86795,-71.02898,10.231,6,1,far,Lago Caviahue,0.96,4.0,True,False
Copahue,2026-03-18 05:18,VIIRS_NOAA21_750,-37.88816,-71.03418,9.018,4,2,far,Lago Caviahue,1.57,4.0,True,False
Copahue,2026-03-18 08:05,MODIS_AQUA,-37.87708,-71.04424,59.29,15,2,far,Lago Caviahue,1.69,4.0,True,False
Copahue,2026-03-21 04:54,VIIRS_SNPP_750,-37.86855,-71.02625,7.886,5,2,far,Lago Caviahue,0.84,4.0,True,False
Copahue,2026-03-21 05:12,VIIRS_NOAA20_750,-37.87057,-71.01631,16.367,5,3,far,Lago Caviahue,0.97,4.0,True,False
Copahue,2026-03-21 06:00,VIIRS_NOAA21_750,-37.87038,-71.00674,20.706,8,2,far,Lago Caviahue,1.72,4.0,True,False
Copahue,2026-03-21 08:20,MODIS_AQUA,-37.87897,-71.07352,403.974,35,2,far,Lago Caviahue,4.27,4.0,False,True
Copahue,2026-03-22 07:20,MODIS_AQUA,-37.86882,-70.9754,0.0,406,6,far,Lago Caviahue,4.43,4.0,False,True
Copahue,2026-03-23 05:24,VIIRS_NOAA21_750,-37.87109,-71.02194,32.523,12,4,far,Lago Caviahue,0.61,4.0,True,False
Copahue,2026-03-23 08:00,MODIS_AQUA,-37.88524,-71.02403,133.505,55,2,far,Lago Caviahue,1.03,4.0,True,False
Copahue,2026-03-25 02:30,MODIS_TERRA,-37.89061,-71.05362,77.172,29,3,far,Lago Caviahue,2.99,4.0,True,False
Copahue,2026-03-25 04:48,VIIRS_NOAA21_750,-37.86861,-71.02444,8.549,4,2,far,Lago Caviahue,0.82,4.0,True,False
Copahue,2026-03-25 05:18,VIIRS_SNPP_750,-37.8689,-71.02625,21.827,9,5,far,Lago Caviahue,0.8,4.0,True,False
Copahue,2026-03-25 06:30,VIIRS_NOAA21_750,-37.87023,-71.02054,19.614,10,6,far,Lago Caviahue,0.75,4.0,True,False
Copahue,2026-03-26 04:30,VIIRS_NOAA21,-37.88659,-71.02968,0.729,3,1,far,Lago Caviahue,1.25,4.0,True,False
Copahue,2026-03-26 05:18,VIIRS_NOAA20_750,-37.87056,-71.01299,0.0,5,3,far,Lago Caviahue,1.22,4.0,True,False
Copahue,2026-03-26 06:06,VIIRS_NOAA21_750,-37.87047,-71.02302,0.0,17,6,far,Lago Caviahue,0.64,4.0,True,False
Copahue,2026-03-27 06:18,VIIRS_SNPP_750,-37.88768,-71.02707,8.994,6,3,far,Lago Caviahue,1.31,4.0,True,False
Copahue,2026-03-28 01:10,MODIS_TERRA,-37.88551,-71.00484,23.311,2,1,far,Lago Caviahue,2.06,4.0,True,False
Copahue,2026-03-29 01:50,MODIS_TERRA,-37.87247,-71.01495,29.413,21,2,far,Lago Caviahue,0.97,4.0,True,False
Copahue,2026-03-29 05:12,VIIRS_NOAA21_750,-37.87174,-71.00977,12.341,7,3,far,Lago Caviahue,1.42,4.0,True,False
Copahue,2026-03-29 05:42,VIIRS_SNPP_750,-37.87271,-71.0017,1.943,1,1,far,Lago Caviahue,2.08,4.0,True,False
Copahue,2026-03-30 04:54,VIIRS_NOAA21_750,-37.87003,-71.01604,1.145,1,1,far,Lago Caviahue,1.03,4.0,True,False
Copahue,2026-03-30 07:30,MODIS_AQUA,-37.86386,-71.0152,0.0,86,5,far,Lago Caviahue,1.6,4.0,True,False
Copahue,2026-04-01 02:10,MODIS_TERRA,-37.86216,-71.03695,21.398,17,2,far,Lago Caviahue,1.86,4.0,True,False
Copahue,2026-04-02 05:36,VIIRS_NOAA21_750,-37.88758,-71.0237,0.0,10,5,far,Lago Caviahue,1.29,4.0,True,False
Copahue,2026-04-02 07:45,MODIS_AQUA,-37.85151,-71.01875,41.091,30,2,far,Lago Caviahue,2.78,4.0,True,False
Copahue,2026-04-03 05:18,VIIRS_NOAA21_750,-37.88946,-71.01313,0.0,5,2,far,Lago Caviahue,1.82,4.0,True,False
Copahue,2026-04-03 05:48,VIIRS_SNPP_750,-37.87304,-70.99928,8.044,5,2,far,Lago Caviahue,2.28,4.0,True,False
Copahue,2026-04-04 02:30,MODIS_TERRA,-37.86707,-71.068,0.0,14,2,far,Lago Caviahue,3.9,4.0,True,False
Copahue,2026-04-04 05:00,VIIRS_NOAA21_750,-37.86948,-71.03994,1.108,1,1,far,Lago Caviahue,1.5,4.0,True,False
Copahue,2026-04-04 05:30,VIIRS_SNPP_750,-37.88853,-71.01356,1.398,1,1,far,Lago Caviahue,1.72,4.0,True,False
Copahue,2026-04-04 05:48,VIIRS_NOAA20_750,-37.86808,-71.04298,2.784,2,1,far,Lago Caviahue,1.81,4.0,True,False
Copahue,2026-04-06 02:10,MODIS_TERRA,-37.85617,-71.05633,36.147,31,1,far,Lago Caviahue,3.53,4.0,True,False
Copahue,2026-04-06 05:12,VIIRS_NOAA20_750,-37.87034,-71.00728,4.274,3,2,far,Lago Caviahue,1.68,4.0,True,False
Copahue,2026-04-06 06:00,VIIRS_NOAA21_750,-37.87153,-71.01986,19.183,10,5,far,Lago Caviahue,0.67,4.0,True,False
Copahue,2026-04-07 05:42,VIIRS_NOAA21_750,-37.87166,-71.01462,12.892,8,4,far,Lago Caviahue,1.03,4.0,True,False
Copahue,2026-04-07 06:12,VIIRS_SNPP_750,-37.8705,-71.01617,3.92,3,3,far,Lago Caviahue,0.99,4.0,True,False
Copahue,2026-04-08 05:24,VIIRS_NOAA21_750,-37.87082,-71.00997,8.83,5,3,far,Lago Caviahue,1.44,4.0,True,False
Copahue,2026-04-08 05:54,VIIRS_SNPP_750,-37.89041,-71.019,4.806,3,2,far,Lago Caviahue,1.69,4.0,True,False
Copahue,2026-04-08 06:18,VIIRS_NOAA20_750,-37.87004,-71.02513,4.31,3,3,far,Lago Caviahue,0.66,4.0,True,False
Copahue,2026-04-09 05:06,VIIRS_NOAA21_750,-37.87163,-70.99998,0.961,1,1,far,Lago Caviahue,2.25,4.0,True,False
Copahue,2026-04-09 05:36,VIIRS_SNPP_750,-37.88794,-71.01971,6.648,4,3,far,Lago Caviahue,1.41,4.0,True,False
Copahue,2026-04-10 05:36,VIIRS_NOAA20_750,-37.87125,-71.0144,6.247,4,3,far,Lago Caviahue,1.07,4.0,True,False
Copahue,2026-04-10 06:30,VIIRS_NOAA21_750,-37.87049,-71.04379,1.034,1,1,far,Lago Caviahue,1.76,4.0,True,False
Copahue,2026-04-11 06:06,VIIRS_NOAA21_750,-37.86929,-71.01731,3.362,2,2,far,Lago Caviahue,1.01,4.0,True,False
Copahue,2026-04-11 07:00,MODIS_AQUA,-37.88136,-70.99608,104.76,22,3,far,Lago Caviahue,2.61,4.0,True,False
Copahue,2026-04-12 05:00,VIIRS_NOAA20_750,-37.86824,-71.02023,1.832,1,1,far,Lago Caviahue,0.96,4.0,True,False
Copahue,2026-04-12 05:48,VIIRS_NOAA21_750,-37.86856,-71.04479,10.643,5,1,far,Lago Caviahue,1.92,4.0,True,False
Copahue,2026-04-13 05:30,VIIRS_NOAA21_750,-37.8717,-71.04285,20.508,11,1,far,Lago Caviahue,1.64,4.0,True,False
Copahue,2026-04-13 06:00,VIIRS_SNPP_750,-37.86876,-71.04484,8.35,5,1,far,Lago Caviahue,1.92,4.0,True,False
Copahue,2026-04-14 02:25,MODIS_TERRA,-37.86702,-71.06509,40.425,17,1,far,Lago Caviahue,3.66,4.0,True,False
Copahue,2026-04-14 05:12,VIIRS_NOAA21_750,-37.86959,-71.04079,1.958,1,1,far,Lago Caviahue,1.56,4.0,True,False
Copahue,2026-04-17 06:48,VIIRS_NOAA20,-37.87553,-71.00079,0.202,1,1,far,Lago Caviahue,2.13,4.0,True,False
Copahue,2026-04-18 08:05,MODIS_AQUA,-37.84138,-71.06477,131.26,28,1,far,Lago Caviahue,5.2,4.0,False,True
Copahue,2026-04-20 05:48,VIIRS_NOAA20_750,-37.88944,-71.02844,11.158,6,1,far,Lago Caviahue,1.52,4.0,True,False
Copahue,2026-04-21 05:12,VIIRS_SNPP_750,-37.87005,-71.01312,2.247,1,1,far,Lago Caviahue,1.23,4.0,True,False
Copahue,2026-04-21 05:30,VIIRS_NOAA20_750,-37.86857,-71.01917,5.324,2,2,far,Lago Caviahue,0.97,4.0,True,False
Copahue,2026-04-21 06:18,VIIRS_NOAA21_750,-37.87102,-71.03696,3.441,2,1,far,Lago Caviahue,1.19,4.0,True,False
Copahue,2026-04-22 05:12,VIIRS_NOAA20_750,-37.86732,-71.03988,5.251,2,1,far,Lago Caviahue,1.62,4.0,True,False
Copahue,2026-04-23 05:42,VIIRS_NOAA21_750,-37.87251,-71.04301,33.019,14,1,far,Lago Caviahue,1.63,4.0,True,False
Copahue,2026-04-24 04:36,VIIRS_NOAA20,-37.88643,-71.00891,0.196,1,1,far,Lago Caviahue,1.83,4.0,True,False
Copahue,2026-04-24 06:18,VIIRS_NOAA20_750,-37.86994,-71.01347,1.899,1,1,far,Lago Caviahue,1.22,4.0,True,False
Copahue,2026-04-25 05:06,VIIRS_NOAA21_750,-37.86859,-71.03077,18.142,10,3,far,Lago Caviahue,0.97,4.0,True,False
Copahue,2026-04-25 05:36,VIIRS_SNPP_750,-37.8882,-71.03561,19.578,8,2,far,Lago Caviahue,1.65,4.0,True,False
Copahue,2026-04-26 05:36,VIIRS_NOAA20_750,-37.88854,-71.01132,5.56,2,2,far,Lago Caviahue,1.84,4.0,True,False
Copahue,2026-04-27 05:18,VIIRS_NOAA20_750,-37.88952,-71.03533,7.663,4,1,far,Lago Caviahue,1.76,4.0,True,False
Copahue,2026-04-28 05:48,VIIRS_NOAA21_750,-37.87273,-71.00624,4.918,2,2,far,Lago Caviahue,1.69,4.0,True,False
Copahue,2026-04-30 01:25,MODIS_TERRA,-37.85764,-71.04183,63.08,14,1,far,Lago Caviahue,2.52,4.0,True,False
Copahue,2026-05-02 04:36,VIIRS_NOAA21,-37.86551,-71.04677,1.269,5,1,far,Lago Caviahue,2.24,4.0,True,False
Copahue,2026-05-02 05:06,VIIRS_SNPP_750,-37.87043,-71.01735,3.641,2,2,far,Lago Caviahue,0.91,4.0,True,False
Copahue,2026-05-02 06:12,VIIRS_NOAA21_750,-37.87207,-71.01955,20.739,11,5,far,Lago Caviahue,0.65,4.0,True,False
Copahue,2026-05-03 05:54,VIIRS_NOAA21_750,-37.87164,-71.04474,16.194,7,1,far,Lago Caviahue,1.8,4.0,True,False
Copahue,2026-05-04 06:50,MODIS_AQUA,-37.86637,-71.08501,396.409,25,2,far,Lago Caviahue,5.38,4.0,False,True
Copahue,2026-05-07 06:18,VIIRS_NOAA21_750,-37.86913,-71.02319,12.518,5,3,far,Lago Caviahue,0.78,4.0,True,False
Copahue,2026-05-08 06:00,VIIRS_NOAA21_750,-37.87257,-71.01034,6.003,2,1,far,Lago Caviahue,1.34,4.0,True,False
Copahue,2026-05-09 05:42,VIIRS_NOAA21_750,-37.88848,-71.03864,25.944,10,1,far,Lago Caviahue,1.83,4.0,True,False
Copahue,2026-05-09 06:18,VIIRS_SNPP_750,-37.86785,-71.02634,5.748,5,2,far,Lago Caviahue,0.91,4.0,True,False
Copahue,2026-05-10 05:24,VIIRS_NOAA21_750,-37.87148,-71.04181,13.76,8,1,far,Lago Caviahue,1.56,4.0,True,False
Copahue,2026-05-11 05:36,VIIRS_SNPP_750,-37.88964,-71.01319,1.124,1,1,far,Lago Caviahue,1.84,4.0,True,False
Copahue,2026-05-11 05:54,VIIRS_NOAA20_750,-37.87352,-71.00448,1.221,1,1,far,Lago Caviahue,1.82,4.0,True,False
Copahue,2026-05-13 05:18,VIIRS_NOAA20_750,-37.88859,-71.01718,1.085,1,1,far,Lago Caviahue,1.56,4.0,True,False
Copahue,2026-05-14 06:24,VIIRS_SNPP_750,-37.87022,-71.01733,2.723,2,1,far,Lago Caviahue,0.93,4.0,True,False
Copahue,2026-05-15 05:30,VIIRS_NOAA21_750,-37.87218,-71.00272,3.156,2,2,far,Lago Caviahue,2.0,4.0,True,False
Llaima,2026-01-29 05:18,VIIRS_NOAA21_750,-38.63767,-71.62451,1.4,1,1,far,Lago Conguillío,1.32,4.0,True,False
Llaima,2026-01-29 05:48,VIIRS_SNPP_750,-38.63795,-71.62955,3.349,2,2,far,Lago Conguillío,0.93,4.0,True,False
Llaima,2026-02-02 06:36,VIIRS_NOAA20_750,-38.6352,-71.65694,1.325,1,1,far,Lago Conguillío,1.56,4.0,True,False
Llaima,2026-02-02 07:50,MODIS_AQUA,-38.62566,-71.64724,39.081,14,3,far,Lago Conguillío,1.17,4.0,True,False
Llaima,2026-02-06 04:30,VIIRS_NOAA21,-38.62883,-71.65748,0.677,2,1,far,Lago Conguillío,1.71,4.0,True,False
Llaima,2026-02-06 05:00,VIIRS_SNPP,-38.64133,-71.61842,1.178,3,1,far,Lago Conguillío,1.96,4.0,True,False
Llaima,2026-02-06 05:00,VIIRS_SNPP_750,-38.63255,-71.64017,4.193,2,2,far,Lago Conguillío,0.19,4.0,True,False
Llaima,2026-02-06 05:18,VIIRS_NOAA20_750,-38.63306,-71.64771,12.123,5,2,far,Lago Conguillío,0.76,4.0,True,False
Llaima,2026-02-06 06:06,VIIRS_NOAA21_750,-38.63249,-71.65487,11.559,5,1,far,Lago Conguillío,1.39,4.0,True,False
Llaima,2026-02-06 06:36,VIIRS_SNPP_750,-38.62872,-71.66413,1.499,1,1,far,Lago Conguillío,2.26,4.0,True,False
Llaima,2026-02-07 01:55,MODIS_TERRA,-38.64376,-71.65021,6.809,3,1,far,Lago Conguillío,1.46,4.0,True,False
Llaima,2026-02-07 05:00,VIIRS_NOAA20,-38.63968,-71.62111,1.458,4,2,far,Lago Conguillío,1.68,4.0,True,False
Llaima,2026-02-07 05:48,VIIRS_NOAA21_750,-38.63299,-71.6553,7.451,3,1,far,Lago Conguillío,1.42,4.0,True,False
Llaima,2026-02-07 06:18,VIIRS_SNPP,-38.64267,-71.61861,0.796,2,1,far,Lago Conguillío,2.02,4.0,True,False
Llaima,2026-02-07 06:42,VIIRS_NOAA20,-38.63894,-71.62616,0.335,1,1,far,Lago Conguillío,1.24,4.0,True,False
Llaima,2026-02-08 05:30,VIIRS_NOAA21_750,-38.63662,-71.63197,8.111,3,3,far,Lago Conguillío,0.68,4.0,True,False
Llaima,2026-02-10 05:24,VIIRS_SNPP_750,-38.6377,-71.6552,6.575,4,1,far,Lago Conguillío,1.47,4.0,True,False
Llaima,2026-02-10 06:36,VIIRS_NOAA21_750,-38.63198,-71.65037,16.559,7,3,far,Lago Conguillío,1.01,4.0,True,False
Llaima,2026-02-10 08:05,MODIS_AQUA,-38.645,-71.65429,138.503,27,3,far,Lago Conguillío,1.81,4.0,True,False
Llaima,2026-02-11 06:18,VIIRS_NOAA21,-38.6306,-71.65954,0.884,3,1,far,Lago Conguillío,1.82,4.0,True,False
Llaima,2026-02-11 06:48,VIIRS_SNPP,-38.63914,-71.62521,3.425,6,2,far,Lago Conguillío,1.33,4.0,True,False
Llaima,2026-02-12 04:48,VIIRS_SNPP,-38.636,-71.65498,0.852,3,1,far,Lago Conguillío,1.41,4.0,True,False
Llaima,2026-02-12 05:06,VIIRS_NOAA20_750,-38.63604,-71.63084,8.787,3,2,far,Lago Conguillío,0.74,4.0,True,False
Llaima,2026-02-12 05:54,VIIRS_NOAA21_750,-38.64028,-71.62622,16.33,5,3,far,Lago Conguillío,1.31,4.0,True,False
Llaima,2026-02-12 07:40,MODIS_AQUA,-38.61671,-71.64592,57.0,36,1,far,Lago Conguillío,2.01,4.0,True,False
Llaima,2026-02-13 02:35,MODIS_TERRA,-38.64299,-71.67891,36.572,15,2,far,Lago Conguillío,3.61,4.0,True,False
Llaima,2026-02-13 04:48,VIIRS_NOAA20,-38.63828,-71.62416,0.577,2,2,far,Lago Conguillío,1.37,4.0,True,False
Llaima,2026-02-14 05:18,VIIRS_NOAA21_750,-38.6343,-71.63855,2.288,1,1,far,Lago Conguillío,0.05,4.0,True,False
Llaima,2026-02-16 07:00,MODIS_AQUA,-38.65093,-71.627,146.038,39,3,far,Lago Conguillío,2.15,4.0,True,False
Llaima,2026-02-18 06:12,VIIRS_SNPP_750,-38.64326,-71.61842,1.772,1,1,far,Lago Conguillío,2.06,4.0,True,False
Llaima,2026-02-19 05:24,VIIRS_NOAA21_750,-38.63489,-71.64954,4.502,2,2,far,Lago Conguillío,0.92,4.0,True,False
Llaima,2026-02-19 05:54,VIIRS_SNPP_750,-38.63678,-71.63468,2.15,1,1,far,Lago Conguillío,0.49,4.0,True,False
Llaima,2026-02-23 05:48,VIIRS_NOAA21_750,-38.63961,-71.65422,1.807,1,1,far,Lago Conguillío,1.46,4.0,True,False
Llaima,2026-02-24 05:30,VIIRS_NOAA21_750,-38.63749,-71.62886,9.702,4,2,far,Lago Conguillío,0.96,4.0,True,False
Llaima,2026-02-25 02:15,MODIS_TERRA,-38.62683,-71.64527,17.172,11,2,far,Lago Conguillío,0.97,4.0,True,False
Llaima,2026-02-25 05:12,VIIRS_NOAA21_750,-38.63398,-71.64726,4.684,2,2,far,Lago Conguillío,0.72,4.0,True,False
Llaima,2026-02-26 04:54,VIIRS_NOAA21_750,-38.63456,-71.63353,4.651,3,3,far,Lago Conguillío,0.48,4.0,True,False
Llaima,2026-02-26 05:24,VIIRS_SNPP_750,-38.63662,-71.62941,1.979,1,1,far,Lago Conguillío,0.88,4.0,True,False
Llaima,2026-03-03 06:42,VIIRS_NOAA21_750,-38.62779,-71.65492,2.552,2,2,far,Lago Conguillío,1.55,4.0,True,False
Llaima,2026-03-04 05:30,VIIRS_NOAA20_750,-38.63378,-71.65491,6.79,3,1,far,Lago Conguillío,1.38,4.0,True,False
Llaima,2026-03-04 06:24,VIIRS_NOAA21_750,-38.63211,-71.65132,13.455,6,2,far,Lago Conguillío,1.09,4.0,True,False
Llaima,2026-03-05 02:30,MODIS_TERRA,-38.6543,-71.66425,26.765,10,2,far,Lago Conguillío,3.15,4.0,True,False
Llaima,2026-03-06 05:42,VIIRS_NOAA21_750,-38.63704,-71.63345,5.054,3,3,far,Lago Conguillío,0.59,4.0,True,False
Llaima,2026-03-08 02:50,MODIS_TERRA,-38.64998,-71.70057,0.0,6,2,far,Lago Conguillío,5.63,4.0,False,True
Llaima,2026-03-08 05:36,VIIRS_SNPP_750,-38.6408,-71.63049,1.467,1,1,far,Lago Conguillío,1.06,4.0,True,False
Llaima,2026-03-08 05:54,VIIRS_NOAA20_750,-38.64074,-71.62662,3.194,2,2,far,Lago Conguillío,1.31,4.0,True,False
Llaima,2026-03-09 05:36,VIIRS_NOAA20_750,-38.63975,-71.62668,6.048,3,2,far,Lago Conguillío,1.25,4.0,True,False
Llaima,2026-03-09 06:30,VIIRS_NOAA21_750,-38.63959,-71.6311,8.43,5,1,far,Lago Conguillío,0.93,4.0,True,False
Llaima,2026-03-10 06:06,VIIRS_NOAA21_750,-38.63585,-71.63327,1.66,1,1,far,Lago Conguillío,0.54,4.0,True,False
Llaima,2026-03-11 05:48,VIIRS_NOAA21_750,-38.63768,-71.63022,4.242,2,2,far,Lago Conguillío,0.87,4.0,True,False
Llaima,2026-03-13 05:12,VIIRS_NOAA21_750,-38.63412,-71.64274,18.685,7,4,far,Lago Conguillío,0.33,4.0,True,False
Llaima,2026-03-13 05:42,VIIRS_SNPP_750,-38.63345,-71.66035,3.444,2,1,far,Lago Conguillío,1.86,4.0,True,False
Llaima,2026-03-13 06:06,VIIRS_NOAA20_750,-38.63818,-71.63261,1.969,1,1,far,Lago Conguillío,0.72,4.0,True,False
Llaima,2026-03-17 06:06,VIIRS_SNPP_750,-38.63836,-71.62967,10.263,5,1,far,Lago Conguillío,0.94,4.0,True,False
Llaima,2026-03-18 05:18,VIIRS_NOAA21_750,-38.64163,-71.63018,1.552,1,1,far,Lago Conguillío,1.14,4.0,True,False
Llaima,2026-03-18 05:48,VIIRS_SNPP_750,-38.63973,-71.62919,2.25,1,1,far,Lago Conguillío,1.06,4.0,True,False
Llaima,2026-03-18 06:12,VIIRS_NOAA20_750,-38.63916,-71.62729,1.629,1,1,far,Lago Conguillío,1.17,4.0,True,False
Llaima,2026-03-23 06:18,VIIRS_NOAA20_750,-38.63152,-71.65967,1.729,1,1,far,Lago Conguillío,1.82,4.0,True,False
Llaima,2026-03-25 05:18,VIIRS_SNPP_750,-38.63384,-71.63826,1.771,1,1,far,Lago Conguillío,0.07,4.0,True,False
Llaima,2026-03-27 05:48,VIIRS_NOAA21_750,-38.63959,-71.63348,1.736,1,1,far,Lago Conguillío,0.79,4.0,True,False
Llaima,2026-03-27 07:15,MODIS_AQUA,-38.62222,-71.64206,70.726,38,2,far,Lago Conguillío,1.34,4.0,True,False
Llaima,2026-03-31 04:36,VIIRS_NOAA21_750,-38.60692,-71.62126,2.365,2,1,far,Lago Conguillío,3.38,4.0,True,False
Llaima,2026-04-02 05:36,VIIRS_NOAA21_750,-38.64192,-71.62117,3.769,2,2,far,Lago Conguillío,1.78,4.0,True,False
Llaima,2026-04-02 07:45,MODIS_AQUA,-38.60789,-71.64317,48.181,40,3,far,Lago Conguillío,2.93,4.0,True,False
Llaima,2026-04-03 01:50,MODIS_TERRA,-38.63307,-71.64335,24.699,15,1,far,Lago Conguillío,0.39,4.0,True,False
Llaima,2026-04-11 06:06,VIIRS_NOAA21_750,-38.64013,-71.62933,2.032,1,1,far,Lago Conguillío,1.08,4.0,True,False
Llaima,2026-04-14 07:15,MODIS_AQUA,-38.66476,-71.64574,109.602,38,1,far,Lago Conguillío,3.47,4.0,True,False
Llaima,2026-04-16 06:12,VIIRS_NOAA21_750,-38.64536,-71.64718,38.422,22,2,far,Lago Conguillío,1.45,4.0,True,False
Llaima,2026-04-18 08:10,MODIS_AQUA,-38.67734,-71.67102,405.715,86,1,far,Lago Conguillío,5.56,4.0,False,True
Llaima,2026-04-20 07:45,MODIS_AQUA,-38.67214,-71.66784,76.677,67,1,far,Lago Conguillío,4.93,4.0,False,True
Llaima,2026-04-23 01:45,MODIS_TERRA,-38.6284,-71.65374,51.418,30,2,far,Lago Conguillío,1.42,4.0,True,False
Llaima,2026-04-25 01:25,MODIS_TERRA,-38.68671,-71.63709,133.602,27,1,far,Lago Conguillío,5.86,4.0,False,True
Llaima,2026-04-25 05:06,VIIRS_NOAA21_750,-38.63123,-71.65865,2.221,1,1,far,Lago Conguillío,1.73,4.0,True,False
Llaima,2026-04-26 07:00,VIIRS_SNPP,-38.66096,-71.69376,0.085,1,1,summit,Lago Conguillío,5.62,4.0,False,True
Llaima,2026-04-27 02:45,MODIS_TERRA,-38.66418,-71.69163,109.201,22,1,far,Lago Conguillío,5.67,4.0,False,True
Llaima,2026-04-30 06:06,VIIRS_NOAA20_750,-38.66999,-71.68427,22.812,18,1,far,Lago Conguillío,5.61,4.0,False,True
Llaima,2026-05-09 02:20,MODIS_TERRA,-38.65044,-71.67286,52.545,31,1,far,Lago Conguillío,3.46,4.0,True,False
Llaima,2026-05-13 01:40,MODIS_TERRA,-38.63635,-71.66648,56.334,24,1,far,Lago Conguillío,2.4,4.0,True,False
Llaima,2026-05-14 02:20,MODIS_TERRA,-38.65832,-71.69666,44.443,26,1,far,Lago Conguillío,5.69,4.0,False,True
Tupungatito,2026-02-01 04:48,VIIRS_SNPP_750,-33.61177,-70.04215,0.0,2,1,far,Embalse El Yeso,7.36,5.0,False,True
Tupungatito,2026-02-07 02:00,MODIS_TERRA,-33.62322,-70.0547,0.0,32,1,far,Embalse El Yeso,5.7,5.0,False,True
Tupungatito,2026-02-08 02:35,MODIS_TERRA,-33.61243,-70.04776,197.215,24,2,far,Embalse El Yeso,7.06,5.0,False,True
Tupungatito,2026-02-09 01:40,MODIS_TERRA,-33.62395,-70.0452,0.0,27,2,far,Embalse El Yeso,6.05,5.0,False,True
