Date,BT_center [K],BT_background [K]
01/03/21 00:24,282.9162151,285.0697433
01/03/21 01:12,283.6959384,285.7056608
01/03/21 02:00,280.7638168,281.8831958
02/03/21 00:54,283.3770508,286.7468662
02/03/21 01:42,281.7304137,284.2173438
02/03/21 23:42,279.2295952,283.0254699
03/03/21 00:36,282.7017293,285.5096424
03/03/21 01:24,282.4792721,285.5455996
04/03/21 00:18,281.6901965,285.7382216
04/03/21 01:06,283.0987772,286.0702485
04/03/21 01:54,280.5906109,282.8148612
04/03/21 23:54,279.7304637,284.1276405
05/03/21 00:48,284.4345823,286.5018275
05/03/21 01:36,282.1878882,284.0930262
06/03/21 00:30,281.9584889,285.1973194
06/03/21 01:18,273.8897477,274.5225879
07/03/21 00:12,281.8051105,284.1642989
07/03/21 01:00,283.9479133,286.2056505
07/03/21 01:48,282.0965099,282.9627757
07/03/21 23:48,279.6312921,280.3694109
08/03/21 00:42,283.5386828,286.0745797
08/03/21 01:30,282.9369742,284.5707217
09/03/21 00:24,284.0818401,285.2997583
09/03/21 01:12,283.6002842,285.6477243
09/03/21 02:00,280.7909868,281.2698128
10/03/21 00:00,273.1771495,266.9244386
10/03/21 00:54,280.5129523,286.5863684
10/03/21 01:42,265.8821415,268.990857
10/03/21 23:42,277.879939,274.6846275
11/03/21 00:36,273.3845872,280.6525971
11/03/21 01:24,282.4595137,285.2234882
12/03/21 00:18,280.8440002,284.7136039
12/03/21 01:06,282.815048,286.0001244
12/03/21 01:54,280.0627742,283.513394
12/03/21 23:54,279.906696,284.1574565
13/03/21 00:48,284.7206297,286.0266054
13/03/21 01:36,282.1721916,285.1512346
14/03/21 00:30,271.3602238,271.2279202
14/03/21 01:18,270.3612936,269.7942476
15/03/21 01:00,282.1346893,286.644748
15/03/21 01:48,258.1338938,258.3564837
15/03/21 23:48,NaN,NaN
16/03/21 00:42,264.6902662,263.1772955
16/03/21 01:30,NaN,NaN
17/03/21 00:24,278.4139842,279.6728706
17/03/21 01:12,NaN,NaN
17/03/21 02:00,277.7204557,277.674842
18/03/21 00:54,256.9454851,260.7129239
18/03/21 01:42,250.151733,249.4252264
18/03/21 23:42,277.3116039,281.2333295
19/03/21 00:36,280.532839,285.7912442
19/03/21 01:24,279.1731999,284.2691995
20/03/21 00:18,267.7778612,264.5971697
20/03/21 01:06,258.1266399,259.4182532
20/03/21 01:54,229.6493048,228.4852289
20/03/21 23:54,235.1525326,237.4712861
21/03/21 00:48,266.6205083,276.9711197
21/03/21 01:36,278.3390507,275.2093246
22/03/21 00:30,241.9608248,235.5940139
22/03/21 01:18,234.1944895,229.8852979
23/03/21 00:12,254.7270991,271.2563395
23/03/21 01:00,254.7040425,268.652165
23/03/21 01:48,278.6917139,265.0365256
23/03/21 23:48,274.36318,279.9027476
24/03/21 00:42,279.001948,285.4960846
24/03/21 01:30,274.3402907,283.6108502
25/03/21 00:24,281.1687103,285.0066476
25/03/21 01:12,281.7628495,285.4063018
25/03/21 02:00,278.8138893,281.2325168
26/03/21 00:00,279.9022817,284.5155318
26/03/21 00:54,282.4376927,286.0548441
26/03/21 01:42,278.639017,283.773601
26/03/21 23:42,279.2010601,283.0720135
27/03/21 00:36,281.9919902,285.8900477
27/03/21 01:24,282.4622774,285.2498223
28/03/21 00:18,282.2184225,284.3725982
28/03/21 01:06,283.6100051,285.8285849
28/03/21 01:54,280.7622517,282.3789857
28/03/21 23:54,280.4595053,283.9426698
29/03/21 00:48,283.9982112,286.6495942
29/03/21 01:36,283.0593598,285.506531
30/03/21 00:30,283.7206757,286.5833833
30/03/21 01:18,NaN,NaN
31/03/21 00:06,NaN,NaN
31/03/21 01:00,NaN,NaN
31/03/21 01:48,283.1039421,283.979013
31/03/21 23:48,279.6682731,278.6449249
01/04/21 00:42,285.1514502,286.7247264
01/04/21 01:30,271.2260875,277.5005823
02/04/21 00:24,283.2404144,286.0589075
02/04/21 01:12,285.4561513,286.5495665
02/04/21 02:00,282.1050041,282.9643465
03/04/21 00:06,284.2227328,285.7279791
03/04/21 00:54,286.0366239,285.5462356
03/04/21 01:42,278.5342958,276.446625
03/04/21 23:42,281.0181764,284.9546885
04/04/21 00:36,283.8612945,287.2908226
04/04/21 01:24,283.2519922,286.7117829
05/04/21 01:06,265.3169241,265.6341046
05/04/21 01:54,264.4499097,265.1523117
05/04/21 23:54,281.7820042,285.050383
06/04/21 00:48,284.6529572,287.5925388
06/04/21 01:36,282.7274538,285.5259057
07/04/21 00:30,278.7856657,285.9620305
07/04/21 01:18,285.0620885,287.1034853
08/04/21 00:12,279.5811913,284.3713064
08/04/21 01:00,282.8442347,286.6115474
08/04/21 01:48,279.3289898,283.5393387
08/04/21 23:48,276.7295183,282.760195
09/04/21 00:42,281.0592105,286.3934161
09/04/21 01:30,280.7416867,284.7754774
10/04/21 00:24,282.4530759,284.9007687
10/04/21 01:12,282.475045,286.3684794
10/04/21 02:00,277.4220989,280.5951883
11/04/21 00:00,280.9912298,284.2674557
11/04/21 00:54,284.5137004,286.5597596
11/04/21 01:42,281.4775464,282.5135342
11/04/21 23:42,278.4702094,282.9511253
12/04/21 00:36,286.5197977,287.0810405
12/04/21 01:24,284.5838555,285.5108464
13/04/21 00:18,259.166313,252.8541806
13/04/21 01:06,286.0918867,287.3032933
13/04/21 01:54,282.2974607,279.2773833
13/04/21 23:54,278.4985161,273.1345485
14/04/21 00:48,279.4796668,285.8964159
14/04/21 01:36,279.5237235,284.8548198
15/04/21 00:30,283.0801298,286.665681
15/04/21 01:18,277.0353383,269.7444349
16/04/21 00:06,260.0981541,258.0037763
16/04/21 01:00,242.5867529,250.7666581
16/04/21 01:48,238.3892849,237.9621945
16/04/21 23:48,280.3580001,283.722598
17/04/21 00:42,284.4594502,286.2620376
17/04/21 01:30,281.9858037,284.6264582
18/04/21 00:24,267.5616063,266.4760466
18/04/21 01:12,272.1072199,277.1014637
18/04/21 02:00,NaN,NaN
19/04/21 00:06,280.1253713,283.5329274
19/04/21 00:54,283.7083969,286.7749055
19/04/21 01:42,262.3497723,272.7304361
19/04/21 23:42,259.4154191,270.3782023
20/04/21 00:36,269.7575894,281.0540932
20/04/21 01:24,282.7515495,285.5881036
21/04/21 01:06,273.2911853,278.5336298
21/04/21 01:54,280.4867111,282.8135734
21/04/21 23:54,238.581836,237.2898793
22/04/21 00:48,242.2292738,242.3265349
22/04/21 01:36,236.9134492,238.1773579
23/04/21 00:30,250.672736,247.6835554
23/04/21 01:18,250.4580959,253.3938182
24/04/21 00:12,257.7509496,259.5010556
24/04/21 01:00,269.8077758,268.6924442
24/04/21 01:48,268.0817578,266.8671411
24/04/21 23:48,283.1569229,285.238646
25/04/21 00:42,285.3579494,287.7695416
25/04/21 01:30,284.3278401,286.3779117
26/04/21 00:24,284.2433003,286.9726958
26/04/21 01:12,284.4576064,287.0061791
26/04/21 02:00,281.9101787,283.3080812
27/04/21 00:00,247.8424061,246.3880624
27/04/21 00:54,272.7513072,274.5484428
27/04/21 01:42,259.7532209,264.5044642
27/04/21 23:42,271.4253577,271.8382002
28/04/21 00:36,280.6817397,279.1258183
28/04/21 01:24,279.7032654,277.1544774
29/04/21 00:18,287.1852429,288.3910784
29/04/21 01:06,288.7210529,288.7980667
29/04/21 01:54,286.5643021,285.7718401
30/04/21 00:48,292.1738721,289.3483175
30/04/21 01:36,289.6197681,287.744499
01/05/21 00:30,240.6205063,245.5736477
01/05/21 01:18,219.6360399,219.3400603
02/05/21 00:06,253.8733715,252.7869209
02/05/21 01:00,269.9394333,279.1288208
02/05/21 01:48,285.5056864,285.4291754
02/05/21 23:48,275.643958,272.5573557
03/05/21 00:42,269.001183,264.5314995
03/05/21 01:30,278.5697821,275.7161189
04/05/21 00:24,281.8890412,286.2220143
04/05/21 01:12,280.6690775,282.4456963
04/05/21 02:00,NaN,NaN
05/05/21 00:06,264.731207,270.0101333
05/05/21 00:54,289.3859969,288.8051346
05/05/21 01:42,252.8404519,257.4212128
05/05/21 23:42,263.8798531,262.3164232
06/05/21 00:36,246.7132763,255.4130481
06/05/21 01:24,236.2325858,242.5009346
07/05/21 01:06,273.5805684,270.7069876
07/05/21 01:54,258.4152951,261.2785731
07/05/21 23:54,286.2883874,287.6817209
08/05/21 00:48,289.9756017,289.6208768
08/05/21 01:36,287.3551996,288.7745454
09/05/21 00:30,287.4648917,289.1688297
09/05/21 01:18,287.3610415,289.2233831
10/05/21 00:12,288.6870833,289.7922253
10/05/21 01:00,291.435308,291.2513284
10/05/21 01:48,285.9290075,283.0800156
10/05/21 23:48,286.1898985,280.5046827
11/05/21 00:42,284.8362006,288.6342147
11/05/21 01:30,290.0302777,290.0017903
12/05/21 00:24,286.7927674,290.8399374
12/05/21 01:12,289.122783,290.8100155
12/05/21 02:00,281.3760684,286.1692263
13/05/21 00:00,285.4578303,288.4022636
13/05/21 00:54,288.3503289,290.33574
13/05/21 01:42,281.0384578,287.3842405
13/05/21 23:42,284.4735376,286.7719619
14/05/21 00:36,287.3584319,289.4429929
14/05/21 01:24,286.9946108,289.4773204
15/05/21 00:18,259.6937143,254.5469101
15/05/21 01:06,281.0839265,289.9117161
15/05/21 01:54,266.7392847,265.1857528
16/05/21 00:00,284.7802704,286.4392056
16/05/21 00:48,287.4013641,289.0309741
16/05/21 01:36,285.6180757,286.7207309
17/05/21 00:30,290.4630652,289.3446102
17/05/21 01:18,291.0489544,288.968191
18/05/21 00:06,NaN,NaN
18/05/21 01:00,290.0609258,289.6182967
18/05/21 01:48,287.9766395,287.740119
18/05/21 23:48,284.2659892,287.4793485
19/05/21 00:42,288.0390541,289.8531813
19/05/21 01:30,286.3740309,288.6712589
20/05/21 00:24,285.0945601,287.831075
20/05/21 01:12,264.2700452,282.2911836
20/05/21 02:00,NaN,NaN
21/05/21 00:06,285.5965025,288.1823615
21/05/21 00:54,288.1294202,290.4375705
21/05/21 01:42,286.8307156,273.0811941
21/05/21 23:42,284.8605535,287.1124128
22/05/21 00:36,287.7838663,290.4561666
22/05/21 01:24,287.6999387,289.558428
23/05/21 00:18,292.0815565,291.2883124
23/05/21 01:06,293.7834379,292.0265861
23/05/21 01:54,290.2961332,289.4391149
23/05/21 23:54,291.7373796,290.6154078
24/05/21 00:48,295.2699444,291.9856919
24/05/21 01:36,293.9745093,290.4485291
25/05/21 00:30,291.1470958,291.2990884
25/05/21 01:18,289.9382774,290.2737511
26/05/21 00:12,286.7749299,289.8034855
26/05/21 01:00,287.5238563,291.1751189
26/05/21 01:48,285.2247495,285.3084161
26/05/21 23:48,285.9902973,288.9497079
27/05/21 00:42,289.4511138,291.9796808
27/05/21 01:30,288.3689212,289.4706248
28/05/21 00:24,281.0637858,281.5594126
28/05/21 01:12,272.1678141,280.9082263
28/05/21 02:00,258.7747738,252.1107751
29/05/21 00:00,285.0563319,286.6144596
29/05/21 00:54,279.7933931,284.8155744
29/05/21 01:42,266.8913459,268.2996803
29/05/21 23:42,285.3708189,287.751373
30/05/21 00:36,289.8444064,291.3390924
30/05/21 01:24,288.5201491,290.6732219
31/05/21 00:18,288.0961887,289.4612602
31/05/21 01:06,290.5755791,292.1048719
31/05/21 01:54,285.4688377,287.5060762
01/06/21 00:00,287.0804711,289.7282148
01/06/21 00:48,289.787135,292.1432432
01/06/21 01:36,289.4162363,290.441945
02/06/21 00:30,276.4733408,275.5077759
02/06/21 01:18,267.7641323,271.1636405
03/06/21 01:00,291.7202314,292.9115004
03/06/21 01:48,289.3125313,289.9375128
03/06/21 23:48,287.5065535,290.1480175
04/06/21 00:42,292.0123178,293.2083564
04/06/21 01:30,290.4890354,292.4635793
05/06/21 00:24,276.6471827,278.162672
05/06/21 01:12,227.2131169,247.7066478
05/06/21 02:00,NaN,NaN
06/06/21 00:06,240.9926595,244.6289811
06/06/21 00:54,268.8551127,270.5976161
06/06/21 01:42,271.883213,273.7004315
06/06/21 23:42,288.3481261,289.5654567
07/06/21 00:36,268.6532166,277.5059992
07/06/21 01:24,229.017858,231.5787493
08/06/21 00:18,290.0123453,291.7979287
08/06/21 01:06,290.5088644,292.5072457
08/06/21 01:54,288.1966635,288.3786522
08/06/21 23:54,283.9144407,284.6670066
09/06/21 00:48,291.5630086,293.2003035
09/06/21 01:36,284.4442307,289.0662571
10/06/21 00:30,271.5892036,267.3848531
10/06/21 01:18,275.3415423,278.8026341
11/06/21 00:12,281.7892394,287.7574655
11/06/21 01:00,287.6081037,292.9230617
11/06/21 01:48,288.6678874,290.0773516
11/06/21 23:48,288.8790411,290.171529
12/06/21 00:42,291.5318191,293.3277225
12/06/21 01:30,291.7240044,292.116335
13/06/21 00:24,292.1664112,293.2918019
13/06/21 01:12,292.4861531,293.3766669
13/06/21 02:00,287.2507968,289.9322918
14/06/21 00:00,NaN,NaN
14/06/21 00:54,294.4055365,294.5402014
14/06/21 01:42,291.0107458,291.9638599
14/06/21 23:42,274.1360291,279.2528115
15/06/21 00:36,292.2536554,288.771185
15/06/21 01:24,292.7116454,293.6448642
16/06/21 00:18,289.9904021,292.5307258
16/06/21 01:06,293.5633884,294.092744
16/06/21 01:54,288.9391299,290.3603333
17/06/21 00:00,280.3977572,278.4335217
17/06/21 00:48,293.5385816,295.7048863
17/06/21 01:36,286.9152462,292.3709211
18/06/21 00:30,293.1925444,294.8563763
18/06/21 01:18,290.7613091,290.2119854
19/06/21 00:12,292.3454272,293.6960589
19/06/21 01:00,295.3859765,295.1591
19/06/21 01:48,290.9243383,291.8351714
19/06/21 23:48,290.213595,291.4281129
20/06/21 00:42,294.8510855,295.1444119
20/06/21 01:30,291.5827609,291.7378083
21/06/21 00:24,295.827149,294.8863865
21/06/21 01:12,296.2595843,294.9812611
21/06/21 02:00,NaN,NaN
22/06/21 00:06,296.91611,296.6914521
22/06/21 00:54,300.595575,296.6196156
22/06/21 01:42,256.1490747,265.8778832
22/06/21 23:42,292.6583026,293.5257178
23/06/21 00:36,297.6030605,296.6169554
23/06/21 01:24,295.4424892,295.5129053
24/06/21 00:18,295.7900084,294.6641469
24/06/21 01:06,298.4485897,296.3357073
24/06/21 01:54,295.0057337,293.3300194
24/06/21 23:54,291.095108,291.7019915
25/06/21 00:48,293.5162665,293.1209449
25/06/21 01:36,289.3151697,290.2772289
26/06/21 00:30,297.3560955,297.2766593
26/06/21 01:18,297.9132526,297.6002845
27/06/21 00:12,293.6705126,294.4137132
27/06/21 01:00,287.125869,286.7113793
27/06/21 01:48,252.1736245,250.4228747
27/06/21 23:48,NaN,NaN
28/06/21 00:42,301.1775476,297.821357
28/06/21 01:30,294.1544533,296.0430939
29/06/21 00:24,297.3154233,297.3399411
29/06/21 01:12,297.5475061,297.4876077
29/06/21 02:00,294.1208384,294.0704695
30/06/21 00:06,293.664684,296.2129952
30/06/21 00:54,298.5510947,297.7997692
30/06/21 01:42,295.2364343,294.7931605
30/06/21 23:42,292.2584504,292.9304343
01/07/21 00:36,279.9110918,277.0009291
01/07/21 01:24,287.0632157,287.6998924
02/07/21 00:18,294.5205914,296.7212204
02/07/21 01:06,295.9173996,298.102421
02/07/21 01:54,293.9634404,294.3585041
03/07/21 00:00,292.8913728,295.2965309
03/07/21 00:48,295.8551871,297.5827059
03/07/21 01:36,294.3058839,295.6752877
04/07/21 00:30,296.8402747,297.5610597
04/07/21 01:18,296.1288741,297.7504704
05/07/21 00:12,295.5388668,297.0001908
05/07/21 01:00,297.1851344,297.9980629
05/07/21 01:48,294.8725813,295.1677926
05/07/21 23:48,293.6856112,295.63589
06/07/21 00:42,296.618914,297.5785203
06/07/21 01:30,295.4507604,296.8807725
07/07/21 00:24,296.8830514,297.5715627
07/07/21 01:12,296.9424425,298.1926442
07/07/21 02:00,NaN,NaN
08/07/21 00:06,295.6256454,297.0438517
08/07/21 00:54,299.7793563,298.555638
08/07/21 01:42,296.3795061,295.641746
08/07/21 23:42,293.1102306,294.6492259
09/07/21 00:36,298.3794256,297.9265547
09/07/21 01:24,296.2907478,295.4943336
10/07/21 00:18,293.856496,297.3236123
10/07/21 01:06,296.213461,297.9065099
10/07/21 01:54,293.8121606,294.755718
11/07/21 00:48,297.8852294,298.4290226
11/07/21 01:36,294.4436388,296.3694366
12/07/21 00:30,296.0640902,297.3473254
12/07/21 01:18,296.2295244,298.174376
13/07/21 00:12,293.752491,296.1390694
13/07/21 01:00,297.4860841,297.8501204
13/07/21 01:48,293.1595062,293.6500142
13/07/21 23:48,NaN,NaN
14/07/21 00:42,297.3061555,298.1077296
14/07/21 01:30,295.9350007,295.8072981
15/07/21 00:24,293.8889718,296.3812773
15/07/21 01:12,294.5541078,297.3319226
15/07/21 02:00,290.8928982,293.4904477
16/07/21 00:06,292.6398332,296.6553964
16/07/21 00:54,295.8745908,296.3194978
16/07/21 01:42,293.4879618,295.0842128
16/07/21 23:42,290.5786339,293.985053
17/07/21 00:36,295.2521522,297.068557
17/07/21 01:24,290.1617068,295.0423419
18/07/21 00:18,234.6907106,231.9734687
18/07/21 01:06,243.4216946,242.0367135
18/07/21 01:54,234.9213114,237.5963385
19/07/21 00:00,287.4352897,293.7180555
19/07/21 00:48,294.2006189,296.6560937
19/07/21 01:36,292.2880011,294.2846172
20/07/21 00:30,293.9870922,296.2290163
20/07/21 01:18,294.7840276,295.9864737
21/07/21 00:12,292.8542372,295.141849
21/07/21 01:00,296.3818393,297.2819112
21/07/21 01:48,293.253844,293.4430895
21/07/21 23:48,293.4735653,294.0368552
22/07/21 00:42,296.8819589,297.5757231
22/07/21 01:30,294.5816512,295.9405258
23/07/21 00:24,295.709576,296.9530512
23/07/21 01:12,295.5915927,297.2442714
23/07/21 02:00,NaN,NaN
24/07/21 00:06,294.634416,296.1389227
24/07/21 00:54,297.371413,298.5608231
24/07/21 01:42,294.5424957,295.9304473
24/07/21 23:42,292.6971007,294.2267101
25/07/21 00:36,297.1421997,297.6534813
25/07/21 01:24,296.3810345,296.5671915
26/07/21 00:18,296.7386397,297.2643824
26/07/21 01:06,299.442089,298.2944555
26/07/21 01:54,290.2440884,279.6698497
27/07/21 00:00,296.8889696,296.9248244
27/07/21 00:48,300.7305315,299.0593266
27/07/21 01:36,297.5844348,296.706241
28/07/21 00:30,298.0226961,298.2879053
28/07/21 01:18,299.1652403,298.089593
29/07/21 00:12,296.0696228,297.8231012
29/07/21 01:00,300.5705109,299.4516807
29/07/21 01:48,297.0987466,296.4909465
29/07/21 23:48,NaN,NaN
30/07/21 00:42,301.5075687,299.2106572
30/07/21 01:30,299.7806547,298.0178993
31/07/21 00:24,298.4129237,299.1899526
31/07/21 01:12,299.73973,299.2420953
31/07/21 02:00,295.6615922,295.7023991
01/08/21 00:06,297.4459741,297.31208
01/08/21 00:54,301.9546986,299.1926198
01/08/21 01:42,297.499319,296.3786292
01/08/21 23:42,295.2867748,295.2138588
02/08/21 00:36,300.6767315,298.7603825
02/08/21 01:24,300.0030692,297.7570749
03/08/21 00:18,277.9585638,286.8268802
03/08/21 01:06,262.5801485,261.0508274
03/08/21 01:54,291.7314314,293.7961172
04/08/21 00:00,296.9883473,297.259758
04/08/21 01:36,299.9097676,297.14677
05/08/21 00:30,299.7994482,299.8388258
05/08/21 01:18,299.6924277,299.0512946
06/08/21 00:12,290.3672615,287.8815586
06/08/21 01:00,297.6916601,298.3363339
06/08/21 01:48,292.9871398,294.0751036
06/08/21 23:48,NaN,NaN
07/08/21 00:42,297.7222899,298.9259482
07/08/21 01:30,296.6189308,297.1841783
08/08/21 00:24,299.7576131,298.7088204
08/08/21 01:12,299.9066951,298.8709017
08/08/21 02:00,NaN,NaN
09/08/21 00:06,296.5193539,297.5014147
09/08/21 00:54,301.1587601,298.9903503
09/08/21 01:42,296.7292262,296.5059168
09/08/21 23:42,296.0249303,296.4760205
10/08/21 00:36,301.2494373,299.6385966
10/08/21 01:24,301.0290936,298.7503755
11/08/21 00:18,300.5793054,299.0089047
11/08/21 01:06,303.0607366,299.9193072
11/08/21 01:54,299.9508342,297.0195858
12/08/21 00:00,293.0428765,296.1059272
12/08/21 00:48,297.5267424,299.2092326
12/08/21 01:36,296.3074882,296.4403785
13/08/21 00:30,299.0567782,299.3941976
13/08/21 01:18,298.3870796,299.6158919
14/08/21 00:12,296.2883563,297.7093303
14/08/21 01:00,300.0594412,299.4821472
14/08/21 01:48,296.5195507,295.8934678
14/08/21 23:48,NaN,NaN
15/08/21 00:42,299.9641998,300.191506
15/08/21 01:30,298.9979367,299.1489321
16/08/21 00:24,297.9423298,299.5316152
16/08/21 01:12,298.9127814,299.6899587
16/08/21 02:00,294.7980108,295.8184951
17/08/21 00:06,296.3301492,297.9205172
17/08/21 00:54,300.6007043,300.1180791
17/08/21 01:42,298.4069329,297.4696364
17/08/21 23:42,288.4518479,293.721869
18/08/21 00:36,288.1768594,288.4001681
18/08/21 01:24,296.4802755,295.8667926
19/08/21 00:18,284.7070877,298.2554522
19/08/21 01:06,298.1575379,299.39215
19/08/21 01:54,294.2911043,295.9067509
20/08/21 00:00,293.7874722,297.2193811
20/08/21 00:48,298.2263305,299.2366574
20/08/21 01:36,296.343603,297.4043191
21/08/21 00:30,295.7270426,298.7491956
21/08/21 01:18,297.2732781,298.2276056
22/08/21 00:12,295.6618152,297.7648741
22/08/21 01:00,299.1343189,299.7230186
22/08/21 01:48,294.9273803,296.1417855
22/08/21 23:54,293.647643,297.2712391
23/08/21 00:42,297.6363442,299.707049
23/08/21 01:30,296.1070619,298.2428155
24/08/21 00:24,295.7199716,298.1941278
24/08/21 01:12,296.4108247,298.9187621
24/08/21 02:00,NaN,NaN
25/08/21 00:06,294.6719653,296.2244044
25/08/21 00:54,299.2047486,298.3927692
25/08/21 01:42,295.3798557,295.7920873
25/08/21 23:42,292.6684213,291.1266829
26/08/21 00:36,289.3379988,287.0311007
26/08/21 01:24,297.3909533,297.6497366
27/08/21 00:18,295.5200111,297.958809
27/08/21 01:06,298.0953663,298.6351532
27/08/21 01:54,293.8660932,295.0728561
28/08/21 00:00,292.8605465,295.3010333
28/08/21 00:48,296.3569757,298.7867504
28/08/21 01:36,294.0571853,296.4344618
29/08/21 00:30,296.5369998,298.2692083
29/08/21 01:18,295.2077612,295.3929241
30/08/21 00:12,293.670661,295.6242295
30/08/21 01:00,296.4970681,295.4391362
30/08/21 01:48,293.5624806,288.8965143
30/08/21 23:48,290.6468358,294.4293799
31/08/21 00:42,296.0592934,297.8427541
31/08/21 01:30,295.3517349,296.0416206
01/09/21 00:24,294.9383576,296.5584078
01/09/21 01:12,296.5807715,297.2028469
01/09/21 02:00,292.2374226,292.7847344
02/09/21 00:06,292.7563279,295.9129145
02/09/21 00:54,298.2228515,297.8945747
02/09/21 01:42,294.0768674,294.8360868
02/09/21 23:42,291.6179965,293.2416407
03/09/21 00:36,295.5715182,297.4084484
03/09/21 01:24,294.5838926,296.1934394
04/09/21 00:18,292.2132424,295.7556367
04/09/21 01:06,295.0967558,296.6289298
04/09/21 01:54,247.7502692,247.9733688
05/09/21 00:00,276.095299,277.2726692
05/09/21 00:48,296.1625238,297.3366905
05/09/21 01:36,286.1796851,286.1959199
06/09/21 00:30,295.5011498,296.0111038
06/09/21 01:18,265.2850357,264.6136726
07/09/21 00:12,292.7818897,293.0293671
07/09/21 01:00,296.0464307,296.7160307
07/09/21 01:48,292.2843501,293.1671268
07/09/21 23:54,289.6451077,293.4107845
08/09/21 00:42,294.3706285,296.8939487
08/09/21 01:30,293.7714345,295.0840261
09/09/21 00:24,291.260669,294.8515382
09/09/21 01:12,292.7976091,295.7053288
09/09/21 02:00,NaN,NaN
10/09/21 00:06,290.5333359,294.6024857
10/09/21 00:54,295.9025593,295.6796687
10/09/21 01:42,293.2296855,292.7267438
10/09/21 23:42,246.2982786,247.7890447
11/09/21 00:36,226.0109552,NaN
11/09/21 01:24,266.7128519,270.5553393
12/09/21 00:18,290.2027061,294.5899558
12/09/21 01:06,293.1330244,296.0213163
12/09/21 01:54,290.7909588,292.1616656
13/09/21 00:00,290.9324492,294.1098748
13/09/21 00:48,293.512533,296.7638137
13/09/21 01:36,293.6908795,294.2293764
14/09/21 00:30,294.8230835,295.904503
14/09/21 01:18,294.6180249,295.7618136
15/09/21 00:12,292.5718645,294.8330435
15/09/21 01:00,296.0910283,295.5018676
15/09/21 01:48,284.7038451,286.4481222
15/09/21 23:48,289.6166987,291.7683114
16/09/21 00:42,295.1502704,295.9952897
16/09/21 01:30,294.0531585,293.9630687
17/09/21 00:24,294.8934865,288.2509957
17/09/21 01:12,299.029267,296.3718655
17/09/21 02:06,293.0122623,291.4174947
18/09/21 00:06,259.972182,264.2981552
18/09/21 00:54,294.3852874,292.441026
18/09/21 01:42,296.131379,292.0208105
18/09/21 23:42,NaN,NaN
18/09/21 23:48,291.8581565,293.2066463
19/09/21 00:36,297.5655066,296.6513826
19/09/21 01:24,260.672521,277.928726
20/09/21 00:18,294.0851544,296.8650195
20/09/21 01:06,297.8606114,296.5360306
20/09/21 01:54,285.3419429,286.2605512
21/09/21 00:00,291.091559,293.474076
21/09/21 00:48,298.7348269,295.8947757
21/09/21 01:36,296.5093392,294.1563702
22/09/21 00:30,292.4426447,287.3506102
22/09/21 01:18,292.5620239,289.9402484
23/09/21 00:12,293.0542853,294.6803512
23/09/21 01:00,297.9720856,296.3868418
23/09/21 01:48,294.2307534,293.1692156
23/09/21 23:54,289.1262488,292.8431126
24/09/21 00:42,298.8094804,296.2530226
24/09/21 01:30,297.5633139,294.5358528
25/09/21 00:24,293.8939026,295.0082978
25/09/21 01:12,296.9051724,295.3241367
25/09/21 02:00,NaN,NaN
26/09/21 00:06,291.2403543,294.3277383
26/09/21 00:54,300.8115771,296.3845314
26/09/21 01:42,293.7949228,292.5247551
26/09/21 23:42,289.6668343,291.9353647
27/09/21 00:36,295.6206618,293.0822928
27/09/21 01:24,298.250425,294.620625
28/09/21 00:18,268.9745106,260.4876437
28/09/21 01:06,281.3203525,286.0572367
28/09/21 01:54,221.5577162,NaN
29/09/21 00:00,292.0088631,292.9651844
29/09/21 00:48,295.6620173,291.2283084
29/09/21 01:36,298.9247743,293.2785039
30/09/21 00:30,278.9561678,278.9074402
30/09/21 01:18,299.7901882,295.2391103
01/10/21 00:12,292.6071452,294.2723885
01/10/21 01:00,296.0340899,295.2751346
01/10/21 01:48,293.411379,292.3395148
01/10/21 23:48,281.2222635,287.1668889
02/10/21 00:42,299.0925405,295.383595
02/10/21 01:30,282.7614097,289.5548806
03/10/21 00:24,298.599764,293.7976676
03/10/21 01:12,271.2551118,279.937217
03/10/21 02:06,286.5989938,284.9442963
04/10/21 00:06,292.5017771,293.209947
04/10/21 00:54,298.9980819,295.752887
04/10/21 01:42,294.8569327,292.3390814
04/10/21 23:48,290.2197689,291.6645326
05/10/21 00:36,297.6458747,295.2231661
05/10/21 01:24,297.456379,294.2139589
06/10/21 00:18,291.5260211,293.0971831
06/10/21 01:06,296.7480348,291.3531711
06/10/21 01:54,272.133889,275.1471677
07/10/21 00:48,273.0766384,276.6814856
07/10/21 01:36,294.9593352,287.9916517
08/10/21 00:30,241.0919778,247.5678403
08/10/21 01:18,245.8847895,246.8399826
09/10/21 00:12,291.0973721,290.9594763
09/10/21 01:00,298.0086477,293.7091189
09/10/21 01:48,284.7266205,289.9103211
09/10/21 23:54,287.3379545,290.1948977
10/10/21 00:42,298.1516759,291.4276799
10/10/21 01:30,292.5611544,291.190684
11/10/21 00:24,290.402593,289.2052128
11/10/21 01:12,267.0316059,266.8085281
11/10/21 02:00,NaN,NaN
12/10/21 00:06,284.8357612,291.5043735
12/10/21 00:54,296.1316512,293.2315955
12/10/21 01:42,289.2794808,290.6252543
12/10/21 23:42,285.5715957,289.3349464
13/10/21 00:36,296.2595761,292.7036361
13/10/21 01:24,288.3598446,282.4331629
14/10/21 00:18,253.3524041,255.8754176
14/10/21 01:06,258.4911235,254.6308726
14/10/21 01:54,237.0140157,239.7452055
15/10/21 00:00,264.6264584,271.5658697
15/10/21 00:48,287.7713469,288.3108302
15/10/21 01:36,281.0476159,284.2468626
16/10/21 00:30,286.7794749,280.5845124
16/10/21 01:18,294.6785416,290.6220628
17/10/21 00:12,272.2075384,276.1390234
17/10/21 01:00,236.1635001,239.0876641
17/10/21 01:48,251.3865173,250.4400936
17/10/21 23:48,285.4865324,288.9781613
18/10/21 00:42,296.9903244,291.5564287
18/10/21 01:30,293.0926883,289.6056757
19/10/21 00:24,291.3774238,289.9939914
19/10/21 01:12,278.2857831,280.3381555
19/10/21 02:06,288.4675433,278.8516801
20/10/21 00:06,288.6284202,290.1025613
20/10/21 00:54,289.2837646,292.5773383
20/10/21 01:42,293.7468413,288.7891171
20/10/21 23:48,286.6172192,288.5549393
21/10/21 00:36,294.6105577,292.1141553
21/10/21 01:24,294.5487819,291.2352845
22/10/21 00:18,289.4281555,290.8638294
22/10/21 01:06,297.5025127,291.7548488
22/10/21 01:54,292.2974212,288.7320361
22/10/21 23:54,NaN,NaN
23/10/21 00:48,278.8390363,282.8949003
23/10/21 01:36,297.3989967,291.1436589
24/10/21 00:30,261.9987112,265.5953843
24/10/21 01:18,264.3656057,264.8247235
25/10/21 00:12,NaN,NaN
25/10/21 01:00,227.9154596,228.6495527
25/10/21 01:48,231.2604752,224.1978167
25/10/21 23:54,270.494243,273.168185
26/10/21 00:42,264.2543742,274.8059475
26/10/21 01:30,268.8794307,267.677063
27/10/21 00:24,288.8712746,290.9764067
27/10/21 01:12,291.5499924,290.8297057
27/10/21 02:00,NaN,NaN
28/10/21 00:06,287.0957571,289.7943357
28/10/21 00:54,295.5544749,291.4161981
28/10/21 01:42,290.8144338,289.1732896
28/10/21 23:42,236.8207321,240.1144841
29/10/21 00:36,261.8458641,261.1763682
29/10/21 01:24,256.1565188,258.6849741
30/10/21 00:18,243.0411471,250.1925241
30/10/21 01:06,250.8383082,249.7982868
30/10/21 02:00,268.4019909,265.2649023
31/10/21 00:00,258.1899545,258.6509286
31/10/21 00:48,258.593145,260.2916345
31/10/21 01:36,257.1252543,258.3677455
01/11/21 00:30,256.8309633,248.7543652
01/11/21 01:18,259.2146895,258.119266
02/11/21 00:12,281.9791518,282.1946273
02/11/21 01:00,295.1452949,292.0230424
02/11/21 01:48,285.2677889,281.0402231
02/11/21 23:48,285.8864084,289.2140178
03/11/21 00:42,292.9416889,288.5547293
03/11/21 01:30,287.316953,285.0072159
04/11/21 00:24,240.9819162,251.0262945
04/11/21 01:12,247.0316424,253.0614738
04/11/21 02:06,252.2253682,270.3169051
05/11/21 00:06,270.4737587,272.5294001
05/11/21 00:54,295.5068396,289.4397341
05/11/21 01:42,NaN,NaN
05/11/21 23:48,249.021891,260.8263999
06/11/21 00:36,245.5530357,249.2896127
06/11/21 01:24,251.5832069,247.8403024
07/11/21 00:18,253.5356093,252.9355267
07/11/21 01:06,295.6623636,291.8953256
07/11/21 01:54,290.8004517,289.1593158
07/11/21 23:54,231.8879504,228.479171
08/11/21 00:48,253.9009099,249.7641703
08/11/21 01:36,261.4060953,259.5600497
09/11/21 00:30,280.6308391,280.7675976
09/11/21 01:18,254.3245971,260.4321053
10/11/21 00:12,242.6267435,251.3044238
10/11/21 01:00,288.057472,263.8260275
10/11/21 01:54,235.2589961,235.381712
10/11/21 23:54,234.5513652,234.7875183
11/11/21 00:42,229.1244446,222.8437947
11/11/21 01:30,NaN,222.2702613
12/11/21 00:24,238.2318846,238.5286397
12/11/21 01:12,264.3279046,276.8963314
12/11/21 02:00,NaN,NaN
13/11/21 00:54,294.1619693,282.9266514
13/11/21 01:42,289.1240098,286.486808
13/11/21 23:42,283.4375582,286.9906663
14/11/21 00:36,294.323456,290.7132974
14/11/21 01:24,290.6602133,289.5445488
15/11/21 00:18,226.5965086,227.0660816
15/11/21 01:06,265.2608374,250.7882424
15/11/21 02:00,235.3159454,235.4041216
16/11/21 00:00,286.4520778,288.1829736
16/11/21 00:48,296.3527261,290.9073777
16/11/21 01:36,NaN,NaN
16/11/21 23:42,NaN,NaN
17/11/21 00:30,240.2890454,233.6676479
17/11/21 01:18,261.1646129,263.4505912
18/11/21 00:12,285.2407687,288.741725
18/11/21 01:00,291.1774066,290.1219929
18/11/21 01:48,285.09184,283.9860387
18/11/21 23:48,283.3564768,284.9637438
19/11/21 00:42,281.1477153,284.5657978
19/11/21 01:30,291.3791898,286.5713577
20/11/21 00:24,290.5299861,289.6432202
20/11/21 01:12,290.6361936,290.4241787
20/11/21 02:06,285.936401,286.0129008
21/11/21 00:06,284.2353231,288.8822353
21/11/21 00:54,285.7814373,283.1807278
21/11/21 01:48,282.5074486,277.2000061
21/11/21 23:48,274.7910104,266.7212366
22/11/21 00:36,245.2287673,241.3253526
22/11/21 01:24,242.5256519,240.6280209
23/11/21 00:18,289.4971192,289.32925
23/11/21 01:06,295.3259366,289.925318
23/11/21 01:54,287.0670641,286.2401716
23/11/21 23:54,278.3871105,283.5409654
24/11/21 00:48,294.897015,284.9846554
24/11/21 01:36,288.7277741,287.913168
25/11/21 00:30,285.1125661,288.9026022
25/11/21 01:18,293.6639093,289.6806884
26/11/21 00:12,279.4156036,274.3587938
26/11/21 01:00,291.8505008,282.430176
26/11/21 01:54,288.0380929,286.2057597
26/11/21 23:54,258.1476231,262.647026
27/11/21 00:42,284.3469861,283.4461876
27/11/21 01:30,283.7804724,284.225624
28/11/21 00:24,276.9918286,281.2082293
28/11/21 01:12,276.3124294,278.7701661
28/11/21 02:00,257.814391,NaN
29/11/21 00:00,277.6104902,267.2091919
29/11/21 00:54,280.7695577,289.2894663
29/11/21 01:42,278.8294498,281.6300603
29/11/21 23:42,251.09763,255.9643561
30/11/21 00:36,265.2643449,242.7363197
30/11/21 01:24,251.7692168,250.0541467
01/12/21 00:18,276.4854316,268.783421
01/12/21 01:06,267.7369148,268.3249165
01/12/21 02:00,265.8748604,265.1709112
02/12/21 00:00,286.1046504,286.1280023
02/12/21 00:48,290.1321063,288.9797864
02/12/21 01:36,287.6477758,286.9208738
03/12/21 00:30,279.310028,277.6050363
03/12/21 01:18,276.3742845,277.9318629
04/12/21 01:00,287.9205613,285.6356403
04/12/21 01:48,269.5521343,267.6004687
04/12/21 23:48,270.6574545,271.6095957
05/12/21 00:42,272.9255,274.435077
05/12/21 01:30,271.401256,273.1200138
06/12/21 00:24,286.6179982,286.5726463
06/12/21 01:12,283.0571443,282.8932252
06/12/21 02:06,267.4335904,254.485286
07/12/21 00:06,267.3207929,268.6070158
07/12/21 00:54,268.0264342,283.5450304
07/12/21 01:42,270.0986219,261.8044019
07/12/21 23:48,280.7550239,284.5299729
08/12/21 00:36,283.9313691,287.3666019
08/12/21 01:24,284.859553,287.0180219
09/12/21 00:18,283.473997,287.5023579
09/12/21 01:06,284.0366999,283.1260114
09/12/21 01:54,268.244772,268.9271806
09/12/21 23:54,264.048268,260.219825
10/12/21 00:48,239.2699086,237.7587441
10/12/21 01:36,235.0849674,231.9781791
11/12/21 00:30,230.9340079,226.6989724
11/12/21 01:18,236.4020333,238.1053511
12/12/21 00:12,267.994803,267.0883888
12/12/21 01:00,285.2434473,287.4823608
12/12/21 01:54,281.3384215,283.9427596
12/12/21 23:54,280.4882192,284.2207513
13/12/21 00:42,284.5129833,288.2389533
13/12/21 01:30,282.2944163,285.8428705
14/12/21 00:24,268.9895545,280.8355692
14/12/21 01:12,288.5086717,287.5666802
14/12/21 02:00,281.9228807,284.1551939
15/12/21 00:00,275.364157,276.1195943
15/12/21 00:54,285.7028656,279.4036515
15/12/21 01:42,277.0643254,271.7238147
15/12/21 23:42,252.1992447,261.3510375
16/12/21 00:36,268.2956012,266.6203579
16/12/21 01:24,250.7059751,251.4330301
17/12/21 00:18,278.1890215,281.9379641
17/12/21 01:06,288.6077247,287.7912767
17/12/21 02:00,282.0907777,284.007757
18/12/21 00:00,283.58541,284.5305882
18/12/21 00:48,288.5745174,288.0401637
18/12/21 01:36,285.2530417,285.8714363
19/12/21 00:30,284.6452662,279.2788717
19/12/21 01:18,283.3341444,264.614432
20/12/21 00:06,274.618483,285.680798
20/12/21 01:00,277.7451193,287.0511314
20/12/21 01:48,281.9510544,283.0035754
20/12/21 23:48,280.7733704,283.7722007
21/12/21 00:42,282.4926535,271.8442401
21/12/21 01:30,284.5293757,286.2050379
22/12/21 00:24,288.0163305,286.5105379
22/12/21 01:12,281.7501178,286.8872692
22/12/21 02:06,282.8782102,283.3637762
23/12/21 00:06,282.1101058,284.9918045
23/12/21 00:54,287.1119409,287.5839962
23/12/21 01:42,282.6320253,284.2187895
23/12/21 23:48,279.149268,282.0672278
24/12/21 00:36,279.4483491,286.3788964
24/12/21 01:24,285.2784908,285.7964403
25/12/21 01:06,287.4485451,285.1166181
25/12/21 01:54,277.7832573,278.5874364
25/12/21 23:54,280.7841854,284.6236345
26/12/21 00:48,287.523015,283.8750699
26/12/21 01:36,277.872949,270.1987244
27/12/21 00:30,227.4159692,227.5783924
27/12/21 01:18,264.688659,266.6326686
28/12/21 00:12,281.7904869,281.8005865
28/12/21 01:00,256.4536623,260.5255098
28/12/21 01:48,233.3078054,232.9287278
28/12/21 23:54,279.9415065,284.583868
29/12/21 00:42,277.322535,279.8461061
29/12/21 01:30,275.203448,277.7270454
30/12/21 00:24,283.2774402,286.9970543
30/12/21 01:12,280.5524941,284.7569991
30/12/21 02:00,280.4332024,282.1178018
31/12/21 00:00,279.8645399,285.2490086
31/12/21 00:54,282.4664798,288.1857331
31/12/21 01:42,280.1670005,286.027436
31/12/21 23:42,280.2294515,285.559169
01/01/22 00:36,282.6176365,287.1083394
01/01/22 01:24,280.8239242,285.3114135
02/01/22 00:18,276.7807178,276.1106294
02/01/22 01:06,276.5430939,276.7965195
02/01/22 01:54,274.6742029,274.0628637
03/01/22 00:00,272.3629387,272.6085795
03/01/22 00:48,274.8281608,274.4620054
03/01/22 01:36,273.1546544,273.3100452
04/01/22 00:30,274.9537353,274.3740117
04/01/22 01:18,278.3779022,276.9775542
05/01/22 00:06,282.8452751,286.0229623
05/01/22 01:00,289.0395577,287.2129233
05/01/22 01:48,285.1859713,285.0675742
05/01/22 23:48,280.6767068,283.4284267
06/01/22 00:42,285.0575141,283.956927
06/01/22 01:30,274.8548947,280.0466791
07/01/22 00:24,240.9151933,240.9762567
07/01/22 01:12,247.036089,248.5379121
07/01/22 02:00,NaN,NaN
07/01/22 02:06,233.56884,234.4406798
08/01/22 00:06,254.6888794,260.0100016
08/01/22 00:54,274.9877771,268.5779944
08/01/22 01:42,249.0320833,252.1224798
08/01/22 23:42,276.3267289,283.2921008
09/01/22 00:36,279.5332024,281.9054889
09/01/22 01:24,282.0367693,285.3945512
10/01/22 00:12,261.6723813,265.385084
10/01/22 01:06,278.7657013,279.3621474
10/01/22 01:54,279.1280358,279.7467119
10/01/22 23:54,266.4580559,267.5144079
11/01/22 00:48,260.240518,259.9763005
11/01/22 01:36,261.680087,264.5464989
12/01/22 00:30,285.2316558,285.6522927
12/01/22 01:18,284.2933134,285.8129793
13/01/22 00:12,277.7532166,276.9785623
13/01/22 01:00,272.5714242,276.8950223
13/01/22 01:48,266.118766,266.0517319
13/01/22 23:54,279.1942449,282.8938273
14/01/22 00:42,285.4050706,286.3820601
14/01/22 01:30,280.9790459,282.6664585
15/01/22 01:12,285.8778615,280.0327144
15/01/22 02:00,282.0350393,282.3119759
16/01/22 00:00,280.8786868,284.7398364
16/01/22 00:54,285.7862891,286.6406694
16/01/22 01:42,282.7311163,284.6201038
16/01/22 23:42,268.184848,268.3134546
17/01/22 00:36,272.0893129,274.1615828
17/01/22 01:24,271.4838819,271.4479427
18/01/22 00:18,284.2185534,284.358574
18/01/22 01:06,282.8496965,274.9692522
18/01/22 01:54,274.8177919,281.8806629
19/01/22 00:00,273.693156,262.4753737
19/01/22 00:48,288.3043585,286.497083
19/01/22 01:36,286.0341105,279.7349981
20/01/22 00:30,286.576346,284.6120516
20/01/22 01:18,285.6021321,274.9907086
21/01/22 00:06,264.573162,264.4473729
21/01/22 01:00,266.9313175,265.5722207
21/01/22 01:48,266.5550588,265.5221017
21/01/22 23:48,263.9344522,267.0098782
22/01/22 00:42,284.4082882,286.1598754
22/01/22 01:30,281.6404361,283.9674665
23/01/22 00:24,281.9429604,284.3556386
23/01/22 01:12,281.8347063,281.5210775
23/01/22 02:00,261.8171645,259.4370236
24/01/22 00:06,259.6908685,281.2263473
24/01/22 00:54,264.2714564,267.9509817
24/01/22 01:42,258.6110501,258.7250748
24/01/22 23:42,273.9118507,274.7424399
25/01/22 00:36,279.4035657,285.1800351
25/01/22 01:24,279.9519782,284.028722
26/01/22 00:12,NaN,NaN
26/01/22 01:06,282.3715982,277.6595033
26/01/22 01:54,279.7921417,276.5167063
26/01/22 23:54,280.2775664,284.1439766
27/01/22 00:48,267.4796756,268.170994
27/01/22 01:36,281.8968277,269.7170672
28/01/22 00:30,284.4796443,284.8116516
28/01/22 01:18,285.0456024,285.1304003
29/01/22 00:12,264.7962082,261.539293
29/01/22 01:00,241.0646279,246.193379
29/01/22 01:48,241.5035066,237.9990054
29/01/22 23:48,278.0732821,283.1885258
30/01/22 00:42,282.2361436,285.5511202
30/01/22 01:30,280.7240659,283.8414799
31/01/22 00:24,271.5730508,271.3112132
31/01/22 01:12,270.8072135,270.5752777
31/01/22 02:00,269.2243178,267.7348622
01/02/22 00:00,243.000644,238.4871701
01/02/22 00:54,260.1854927,259.3745589
01/02/22 01:42,272.6755601,269.920622
01/02/22 23:42,276.382828,282.4972273
02/02/22 00:36,275.341115,275.2148513
02/02/22 01:24,266.2456776,270.8215744
03/02/22 00:18,283.2863342,285.1903895
03/02/22 01:06,285.2530511,286.1063663
03/02/22 01:54,281.9927132,283.1933661
03/02/22 23:54,NaN,NaN
04/02/22 00:48,286.6767044,285.7696788
04/02/22 01:36,283.5254902,284.1353193
05/02/22 00:30,284.8891861,285.9218046
05/02/22 01:18,287.6554311,285.838886
06/02/22 00:06,278.1096268,278.6335761
06/02/22 01:00,285.1388288,284.7090652
06/02/22 01:48,271.7745262,270.3800997
06/02/22 23:48,272.7844778,271.1103211
07/02/22 00:42,281.4443256,285.8447206
07/02/22 01:30,270.8650252,271.0827845
08/02/22 00:24,283.330464,285.003226
08/02/22 01:12,284.4516039,285.7880293
08/02/22 02:00,279.7150573,282.1025442
09/02/22 00:06,281.0337898,283.0996443
09/02/22 00:54,287.0608483,285.8440312
09/02/22 01:42,282.4888488,283.8177016
09/02/22 23:42,280.2360905,283.3710963
10/02/22 00:36,284.8031755,285.9271194
10/02/22 01:24,284.7523284,285.0688098
11/02/22 00:18,280.649534,284.0888901
11/02/22 01:06,284.5393323,286.1820397
11/02/22 01:54,281.2047229,283.1414974
11/02/22 23:54,272.6717174,275.3792244
12/02/22 00:48,280.0409716,279.2854707
12/02/22 01:36,279.5009495,280.5844337
13/02/22 00:30,284.8497632,285.0251928
13/02/22 01:18,284.7155099,285.0481061
14/02/22 00:12,275.6026184,276.8492972
14/02/22 01:00,282.6648445,282.4992894
14/02/22 01:48,275.675558,280.6080012
14/02/22 23:48,260.3325122,257.4078999
15/02/22 00:42,255.7458159,264.3716979
15/02/22 01:30,270.695082,268.3083224
16/02/22 00:24,254.8907632,258.9772237
16/02/22 01:12,269.2226966,259.4919029
16/02/22 02:00,255.5663579,272.9688601
17/02/22 00:00,277.0415074,280.9810006
17/02/22 00:54,283.2190336,284.3005124
17/02/22 01:42,278.8042962,283.2366189
17/02/22 23:42,279.5686078,280.1735392
18/02/22 00:36,281.5187113,285.3619036
18/02/22 01:24,284.5829898,284.9903595
19/02/22 00:18,285.6771745,285.2076924
19/02/22 01:06,286.3642577,286.0646734
19/02/22 01:54,283.1965613,283.3828508
20/02/22 00:48,252.6731586,258.1707721
20/02/22 01:36,261.59994,259.7108787
21/02/22 00:30,275.9915324,277.5880317
21/02/22 01:18,273.1324298,273.4097971
22/02/22 00:12,251.3643631,257.7392758
22/02/22 01:00,257.6154163,261.1828428
22/02/22 01:48,255.1380791,255.8676265
22/02/22 23:48,278.3029933,283.051479
23/02/22 00:42,284.5978062,285.9872355
23/02/22 01:30,281.1641409,284.1172517
24/02/22 00:24,286.6984398,284.8202562
24/02/22 01:12,287.1085891,285.7976628
24/02/22 02:00,281.4513809,282.2329322
25/02/22 00:06,282.232076,283.9420068
25/02/22 00:54,287.3485319,286.3497609
25/02/22 01:42,283.0799318,283.5661409
25/02/22 23:42,280.3719068,281.9388637
26/02/22 00:36,284.8679296,285.6488742
26/02/22 01:24,254.9837661,255.0168701
27/02/22 00:18,278.5327316,281.4646586
27/02/22 01:06,268.5273102,284.1373504
27/02/22 01:54,264.4771125,264.9543622
27/02/22 23:54,259.7050713,276.4204355
28/02/22 00:48,282.8950657,285.9059976
28/02/22 01:36,280.1501286,283.6780374
01/03/22 00:30,270.7639444,268.8867464
01/03/22 01:18,281.1806565,267.4442118
02/03/22 00:12,278.3388263,283.3009971
02/03/22 01:00,282.0172953,285.1779206
02/03/22 01:48,279.2802623,282.6585595
02/03/22 23:48,267.2152705,281.8240134
03/03/22 00:42,267.6632433,277.531556
03/03/22 01:30,280.5117503,270.2397702
04/03/22 00:24,257.6211542,257.6073742
04/03/22 01:12,261.1749381,260.4256444
04/03/22 02:00,260.7004735,262.8382209
05/03/22 00:06,280.7261821,281.9099878
05/03/22 00:54,265.4216041,268.712546
05/03/22 01:42,260.5010573,259.3248847
05/03/22 23:42,277.5670228,277.7485106
06/03/22 00:36,279.9167213,272.5205696
06/03/22 01:24,262.8010732,274.7654055
07/03/22 00:18,261.0898858,261.3441421
07/03/22 01:06,266.180709,262.1713864
07/03/22 01:54,260.0095819,256.8170823
08/03/22 00:00,261.3303016,279.0501552
08/03/22 00:48,282.223131,273.2990827
08/03/22 01:36,259.7516824,257.6376595
09/03/22 00:30,279.9781514,282.8669591
09/03/22 01:18,NaN,NaN
10/03/22 00:12,278.2572845,282.8274827
10/03/22 01:00,NaN,NaN
10/03/22 01:48,279.6722814,282.6038567
10/03/22 23:48,277.5453154,282.6897679
11/03/22 00:42,284.3382125,285.5259518
11/03/22 01:30,281.9221132,284.1046729
12/03/22 00:24,278.8884556,276.0299847
12/03/22 01:12,280.3294616,284.0228724
12/03/22 02:00,277.3724737,277.8779137
13/03/22 00:06,258.3249439,261.2387126
13/03/22 00:54,256.9176016,258.9394818
13/03/22 01:42,242.792497,242.3479112
13/03/22 23:42,272.6860796,272.4318877
14/03/22 00:36,273.2638683,275.0531193
14/03/22 01:24,283.4466513,284.2698303
15/03/22 00:18,284.0777631,284.6495724
15/03/22 01:06,286.1819628,285.2961455
15/03/22 01:54,282.3295472,282.9920432
15/03/22 23:54,NaN,NaN
16/03/22 00:48,287.458337,285.3617351
16/03/22 01:36,281.164984,275.6672505
17/03/22 00:30,260.4923512,266.6269948
17/03/22 01:18,257.0112046,252.5645828
18/03/22 00:12,266.6086008,267.2154508
18/03/22 01:00,237.6479006,239.3038182
18/03/22 01:48,239.0172995,241.3168164
18/03/22 23:48,NaN,232.979384
19/03/22 00:42,233.7221785,234.4439823
19/03/22 01:30,228.6777959,231.9210289
20/03/22 00:24,216.863275,222.1101102
20/03/22 01:12,222.0179693,226.0345816
20/03/22 02:00,213.5690255,217.5649619
21/03/22 00:06,265.4620423,269.3900401
21/03/22 00:54,284.1436534,276.8100945
21/03/22 01:42,282.5214518,281.761243
21/03/22 23:42,261.9514714,264.4637252
22/03/22 00:36,284.7822581,277.4441386
22/03/22 01:24,280.5987478,283.7629645
23/03/22 00:18,281.6579743,283.7192783
23/03/22 01:06,NaN,NaN
23/03/22 01:54,280.1754143,281.8733277
24/03/22 00:00,281.1273972,283.3036075
24/03/22 00:48,NaN,NaN
24/03/22 01:36,283.6621937,283.924316
25/03/22 00:30,283.9232863,285.7432911
25/03/22 01:18,284.8690918,284.7574649
26/03/22 00:12,275.4761417,278.9207432
26/03/22 01:00,272.926403,270.0975983
26/03/22 01:48,227.7955336,230.429798
26/03/22 23:48,271.1408625,277.7591231
27/03/22 00:42,286.6019529,286.0628802
27/03/22 01:30,277.539197,269.4514742
28/03/22 00:24,284.8034764,284.484369
28/03/22 01:12,257.3851892,248.9182954
28/03/22 02:00,256.0539284,250.6897376
29/03/22 00:06,283.1734296,284.3937799
29/03/22 00:54,288.1913377,286.069216
29/03/22 01:42,284.0931161,283.1133717
29/03/22 23:42,246.8031742,242.1254736
30/03/22 00:36,273.3519043,266.2946607
30/03/22 01:24,239.8242093,253.7933481
31/03/22 00:18,235.8181524,238.2252743
31/03/22 01:06,222.213375,216.2252261
31/03/22 01:54,222.5119567,NaN
01/04/22 00:00,265.0662436,268.1945046
01/04/22 00:48,284.601396,285.8540869
01/04/22 01:36,267.0119941,271.2038618
02/04/22 00:30,274.5226152,272.8558727
02/04/22 01:18,267.9402025,268.2805842
03/04/22 00:12,268.0491594,272.3206776
03/04/22 01:00,282.8903837,285.6143194
03/04/22 01:48,259.0227809,258.0331161
03/04/22 23:48,248.7845169,249.140406
04/04/22 00:42,277.3142461,277.0086757
04/04/22 01:30,272.0097405,270.0686164
05/04/22 00:24,281.4848315,280.7473095
05/04/22 01:12,287.1421125,284.5447163
05/04/22 02:00,281.1690481,280.8064942
06/04/22 00:06,282.3880982,282.8248604
06/04/22 00:54,286.4865663,285.2070149
06/04/22 01:42,281.5331194,281.7941955
06/04/22 23:42,282.6920895,282.8761469
07/04/22 00:36,274.8567454,284.0758275
07/04/22 01:24,277.9303075,273.322088
08/04/22 00:18,285.3355865,285.8630262
08/04/22 01:06,277.1908782,281.5317584
08/04/22 01:54,273.7262417,275.5390236
09/04/22 00:48,290.4359573,286.5307298
09/04/22 01:36,289.617402,285.3072597
10/04/22 00:30,283.9183422,284.4853937
10/04/22 01:18,286.5084489,284.946776
11/04/22 00:12,282.6416537,284.0047094
11/04/22 01:00,287.0134101,285.9012456
11/04/22 01:48,282.1293995,283.6953627
12/04/22 00:42,286.74,286.8435876
12/04/22 01:30,283.5856005,284.8958831
13/04/22 00:24,289.5576972,282.1564552
13/04/22 01:12,285.8421032,282.5239396
13/04/22 02:00,273.8070727,276.1362924
14/04/22 00:06,273.6195012,274.5440685
14/04/22 00:54,281.2174302,275.2302213
14/04/22 01:42,278.8215053,277.3606342
14/04/22 23:42,237.1786222,236.2317505
15/04/22 00:36,250.7800772,244.2180476
15/04/22 01:24,239.0368174,236.1940832
16/04/22 00:18,247.0622654,269.8549154
16/04/22 01:06,271.2282015,268.7016222
16/04/22 01:54,262.6268032,259.260935
17/04/22 00:00,280.594139,284.1244156
17/04/22 00:48,279.5291103,273.1548993
17/04/22 01:36,257.9539497,262.3651633
18/04/22 00:30,254.616705,256.4631609
18/04/22 01:18,257.4454111,259.8537579
19/04/22 00:12,283.2726807,284.9772009
19/04/22 01:00,287.1691476,286.4427844
19/04/22 01:48,283.1533576,283.9322022
19/04/22 23:48,282.8714767,284.1292055
20/04/22 00:42,290.8257174,286.6059315
20/04/22 01:30,286.0604071,285.8661393
21/04/22 00:24,229.9863669,227.4124798
21/04/22 01:12,222.2823144,227.2570209
21/04/22 02:00,230.7318764,231.860642
22/04/22 00:06,284.2729113,284.6359706
22/04/22 00:54,284.4166616,286.4976882
22/04/22 01:42,273.9869335,274.5802514
22/04/22 23:42,280.2313694,282.7249209
23/04/22 00:36,286.8822983,286.8762594
23/04/22 01:24,284.585035,283.9224924
24/04/22 00:18,287.800248,284.5660133
24/04/22 01:06,290.3807711,285.0382458
24/04/22 01:54,257.0842338,256.163953
24/04/22 23:54,285.3811351,286.3801617
25/04/22 00:48,293.2702822,287.7702486
25/04/22 01:36,288.4346816,286.3984372
26/04/22 00:30,285.0701532,286.3041866
26/04/22 01:18,287.2601317,286.3384313
27/04/22 00:12,285.1377876,286.6670534
27/04/22 01:00,291.3500153,288.2882829
27/04/22 01:48,287.4532261,285.4250949
27/04/22 23:54,283.5799988,286.1062485
28/04/22 00:42,284.4953752,283.9310043
28/04/22 01:30,281.2577057,275.550853
29/04/22 00:24,NaN,222.9732409
29/04/22 01:12,218.472022,218.9991498
29/04/22 02:00,222.0036488,NaN
30/04/22 00:06,285.0439708,285.4416791
30/04/22 00:54,278.2563352,272.1172097
30/04/22 01:42,273.5272642,271.5684213
30/04/22 23:42,247.8986413,250.8833344
01/05/22 00:36,263.0475526,261.9507479
01/05/22 01:24,279.7239136,273.9322831
02/05/22 00:18,286.8216349,287.771812
02/05/22 01:06,288.9924752,289.0482612
02/05/22 01:54,284.2838699,285.0906344
03/05/22 00:00,284.9530873,286.2873234
03/05/22 00:48,289.4635712,289.1840465
03/05/22 01:36,286.3972171,287.0293107
04/05/22 00:30,288.6901938,288.0948739
04/05/22 01:18,288.7609997,288.47471
05/05/22 00:12,287.1543535,287.1668304
05/05/22 01:00,292.3638062,288.8568689
05/05/22 01:48,287.1895496,285.7714819
05/05/22 23:48,226.6950152,228.2710747
06/05/22 00:42,226.8808079,230.4108755
06/05/22 01:30,270.673732,268.9425359
07/05/22 00:24,281.3114552,275.5799871
07/05/22 01:12,285.9299825,276.1601271
07/05/22 02:00,NaN,NaN
08/05/22 00:06,281.6113837,282.9451942
08/05/22 00:54,264.7569064,269.0795754
08/05/22 01:42,284.6958088,281.9252734
08/05/22 23:42,260.0650364,245.4741272
09/05/22 00:36,270.3316643,261.9939164
09/05/22 01:24,265.9059245,266.4853016
10/05/22 00:18,285.1173103,286.945338
10/05/22 01:06,289.7757732,287.7441873
10/05/22 01:54,284.6947172,284.366354
10/05/22 23:54,280.6686573,283.0668762
11/05/22 00:48,286.0227301,288.5424104
11/05/22 01:36,287.4102583,286.743817
12/05/22 00:30,288.2526123,287.4613784
12/05/22 01:18,283.432792,283.1614033
13/05/22 00:12,286.725668,288.083126
13/05/22 01:00,286.9632999,288.8507527
13/05/22 01:48,282.9524293,283.4898109
13/05/22 23:54,286.4310892,287.8326927
14/05/22 00:42,291.2903644,290.5452464
14/05/22 01:30,290.8952497,288.9943082
15/05/22 00:24,290.9077397,290.8496433
15/05/22 01:12,291.3183345,291.1127023
15/05/22 02:00,288.6195149,287.4708593
16/05/22 00:00,NaN,NaN
16/05/22 00:54,294.0033142,291.8237171
16/05/22 01:42,289.0814032,289.0057082
16/05/22 23:42,286.5887211,288.9992309
17/05/22 00:36,291.8711247,291.3811505
17/05/22 01:24,290.3167363,291.3622488
18/05/22 00:18,289.5247094,291.1072017
18/05/22 01:06,295.8635829,292.1903338
18/05/22 01:54,288.2869112,288.6008287
19/05/22 00:00,288.3208961,290.3669796
19/05/22 00:48,292.1684247,292.6892552
19/05/22 01:36,283.3063396,290.5186905
20/05/22 00:30,293.6818327,292.9877649
20/05/22 01:18,292.7603962,292.5502817
21/05/22 00:12,290.1543472,291.8164274
21/05/22 01:00,295.6225141,293.0379138
21/05/22 01:48,290.4855461,290.2284608
21/05/22 23:48,287.1227836,290.3078109
22/05/22 00:42,292.6245223,292.0559975
22/05/22 01:30,289.6433058,290.8105705
23/05/22 00:24,294.7893948,291.8466669
23/05/22 01:12,292.7873136,292.5967389
23/05/22 02:00,NaN,NaN
24/05/22 00:06,292.7848167,291.1802227
24/05/22 00:54,298.3541034,292.8888446
24/05/22 01:42,293.4206251,290.7896188
24/05/22 23:42,293.1507485,291.7392715
25/05/22 00:36,299.319115,293.6460235
25/05/22 01:24,299.0485096,293.3017952
26/05/22 00:18,294.9904548,292.2891949
26/05/22 01:06,290.9024479,289.1678858
26/05/22 01:54,290.0294992,288.572073
26/05/22 23:54,290.5666869,289.1432672
27/05/22 00:48,294.7678297,292.8077929
27/05/22 01:36,291.7865992,288.4675473
28/05/22 00:30,291.3055265,291.1228179
28/05/22 01:18,292.745523,291.1026605
29/05/22 00:12,277.4155977,283.7740737
29/05/22 01:00,240.6187095,237.6172055
29/05/22 01:48,289.0217752,288.0776157
29/05/22 23:54,289.7551208,290.7519629
30/05/22 00:42,295.7671646,293.0274518
30/05/22 01:30,288.4085165,287.7244189
31/05/22 00:24,277.84441,273.7939271
31/05/22 01:12,298.3527023,294.2190745
31/05/22 02:00,293.3672716,291.0676142
01/06/22 00:00,294.7413689,292.6550693
01/06/22 00:54,298.7876341,294.1305166
01/06/22 01:42,296.674887,292.282806
01/06/22 23:42,292.5901668,292.2939194
02/06/22 00:36,295.9111865,294.5619244
02/06/22 01:24,296.6358715,294.1113603
03/06/22 00:18,297.0385077,293.8924694
03/06/22 01:06,298.7450603,294.5134656
03/06/22 01:54,293.380484,291.3885646
04/06/22 00:00,293.7595133,293.6519798
04/06/22 00:48,299.7111581,295.5968927
04/06/22 01:36,297.9289769,293.6020897
05/06/22 00:30,298.5080992,295.6745386
05/06/22 01:18,301.017428,295.0883435
06/06/22 01:00,283.7111807,295.4902023
06/06/22 01:48,296.1858237,293.501454
06/06/22 23:48,291.7041275,293.6541654
07/06/22 00:42,293.2381388,295.8626761
07/06/22 01:30,287.2520502,294.3425351
08/06/22 00:24,295.2262092,295.3021361
08/06/22 01:12,295.849823,295.1605776
08/06/22 02:00,NaN,NaN
09/06/22 00:06,291.1115694,290.8887162
09/06/22 00:54,297.5647442,294.7147571
09/06/22 01:42,293.2646831,287.4075102
09/06/22 23:42,288.4410825,291.2026483
10/06/22 00:36,290.0465288,294.5056415
10/06/22 01:24,291.4978972,284.8159374
11/06/22 00:18,292.6513064,293.7028954
11/06/22 01:06,274.7877357,290.3669671
11/06/22 01:54,272.6291838,275.2589296
11/06/22 23:54,289.7183114,292.7304816
12/06/22 00:48,297.5206878,294.6683135
12/06/22 01:36,290.3964908,293.2795354
13/06/22 00:30,292.90905,294.3941423
13/06/22 01:18,293.9691686,294.315297
13/06/22 02:06,293.8759611,294.3453257
14/06/22 00:12,293.0723903,293.5540762
14/06/22 01:00,292.9326235,294.8255327
14/06/22 01:48,292.3725163,292.124642
14/06/22 23:48,NaN,NaN
15/06/22 00:42,299.3555118,295.0658423
15/06/22 01:30,295.1239154,293.5523286
16/06/22 00:24,288.0005299,288.8930505
16/06/22 01:12,292.0833649,292.171653
16/06/22 02:00,292.5084973,292.0815847
17/06/22 00:54,300.6505597,295.8632115
17/06/22 01:42,294.8602106,293.6437882
17/06/22 23:42,235.9326954,238.3370181
18/06/22 00:36,297.2034747,296.1519967
18/06/22 01:24,293.0593588,287.6849386
19/06/22 00:18,294.5525061,295.0860946
19/06/22 01:06,300.7602814,296.5738341
19/06/22 01:54,293.8132037,292.7901456
20/06/22 00:00,292.6238142,294.3861698
20/06/22 00:48,298.5152562,297.384498
20/06/22 01:36,294.2218127,294.5905483
21/06/22 00:30,297.0181866,296.4354936
21/06/22 01:18,297.5096201,296.4124615
22/06/22 00:12,295.4863119,295.5484396
22/06/22 01:00,299.5061978,297.3899835
22/06/22 01:48,294.4339308,293.9483788
22/06/22 23:48,294.1852079,294.638903
23/06/22 00:42,299.3531292,296.9762897
23/06/22 01:30,296.731073,295.6355458
24/06/22 00:24,296.4743351,296.421698
24/06/22 01:12,300.492416,297.0342002
24/06/22 02:00,NaN,NaN
25/06/22 00:06,295.563723,295.9370899
25/06/22 00:54,300.5864676,298.0495088
25/06/22 01:42,299.4426403,295.2154176
25/06/22 23:42,294.0883121,294.6254254
26/06/22 00:36,301.0223066,297.9737611
26/06/22 01:24,299.6139387,297.1689209
27/06/22 00:18,302.8761701,298.4436393
27/06/22 01:06,303.7871473,299.0474534
27/06/22 01:54,298.7475061,295.4001907
27/06/22 23:54,298.3410706,297.1132934
28/06/22 00:48,305.5324428,299.1399289
28/06/22 01:36,302.1484019,297.7377314
29/06/22 00:30,295.6760099,298.3156717
29/06/22 01:18,298.870231,280.980669
30/06/22 00:12,295.4815001,297.4618395
30/06/22 01:00,300.5042164,298.8662924
30/06/22 01:48,296.5382141,296.1824136
30/06/22 23:48,293.4635563,295.2406346
01/07/22 00:42,298.7970687,298.7136062
01/07/22 01:30,297.023607,296.6568284
02/07/22 00:24,299.1932966,297.7682241
02/07/22 01:12,300.3990403,298.0159021
02/07/22 02:00,294.6285635,293.9864506
03/07/22 00:06,291.5799659,295.4054845
03/07/22 00:54,303.8139534,299.0126663
03/07/22 01:42,297.3889999,296.4137474
03/07/22 23:42,294.632792,295.6745063
04/07/22 00:36,289.7035898,295.1745886
04/07/22 01:24,296.3422301,298.3287111
05/07/22 00:18,296.9582515,298.2064465
05/07/22 01:06,300.6448368,299.5271279
05/07/22 01:54,296.3834428,294.4224364
06/07/22 00:00,295.8326106,297.9258228
06/07/22 00:48,300.7765431,299.9846432
06/07/22 01:36,299.0679765,298.0197562
07/07/22 00:30,299.4574542,298.2371072
07/07/22 01:18,300.2021079,298.4836736
08/07/22 00:12,297.6467257,297.5816445
08/07/22 01:00,300.7527186,299.7797124
08/07/22 01:48,297.2819086,296.2585265
08/07/22 23:48,292.1561128,295.5240575
09/07/22 00:42,298.4627939,298.8068925
09/07/22 01:30,294.2197211,297.0999385
10/07/22 00:24,288.6282854,296.7764934
10/07/22 01:12,297.7679244,297.7472189
10/07/22 02:00,293.891988,NaN
11/07/22 00:06,293.2671283,296.1375864
11/07/22 00:54,300.5154025,298.3624326
11/07/22 01:42,296.6882933,295.0197368
11/07/22 23:42,290.9292844,293.6784832
12/07/22 00:36,299.7327608,297.3598411
12/07/22 01:24,295.9895001,296.6454034
13/07/22 00:18,295.4844556,296.4956658
13/07/22 01:06,301.1303401,297.4879922
13/07/22 01:54,295.2851001,293.7115883
14/07/22 00:00,294.0349914,296.0359526
14/07/22 00:48,301.4606094,297.9437729
14/07/22 01:36,296.6302932,295.6871888
15/07/22 00:30,298.9227328,296.3349526
15/07/22 01:18,298.9327551,297.0483187
15/07/22 02:06,298.2305379,297.0707019
16/07/22 00:12,293.6973893,296.2019769
16/07/22 01:00,300.8191212,298.0719447
16/07/22 01:48,296.0833605,294.9724119
16/07/22 23:48,293.3561134,295.9139321
17/07/22 00:42,299.5722756,298.1823177
17/07/22 01:30,296.6358053,296.9601948
18/07/22 00:24,298.7606827,297.6791655
18/07/22 01:12,298.9443912,297.9241373
18/07/22 02:00,294.3719071,293.9300461
19/07/22 00:06,296.2837893,296.9735235
19/07/22 00:54,300.8827569,298.7276997
19/07/22 01:42,296.9229848,296.2044165
19/07/22 23:42,295.1060999,295.5603567
20/07/22 00:36,301.3505577,298.6766249
20/07/22 01:24,298.4491275,297.9436152
21/07/22 00:18,298.894251,298.0752183
21/07/22 01:06,299.8573176,299.2541508
21/07/22 01:54,296.8510816,295.6732293
21/07/22 23:54,NaN,NaN
22/07/22 00:48,301.4807918,299.6592229
22/07/22 01:36,298.3224273,298.0045245
23/07/22 00:30,300.1349291,299.6112041
23/07/22 01:18,302.0316661,298.9570795
24/07/22 00:12,298.135073,298.8205455
24/07/22 01:00,301.2933892,300.2747231
24/07/22 01:48,297.8907053,296.9653019
25/07/22 00:42,301.2656437,300.8735153
25/07/22 01:30,299.6434673,299.2212877
26/07/22 00:24,300.6646092,299.1501392
26/07/22 01:12,301.3227793,299.7002152
26/07/22 02:00,296.0700617,293.3379332
27/07/22 00:06,295.6930999,298.204936
27/07/22 01:42,296.1977402,297.4278159
27/07/22 23:42,293.6728152,296.0064755
28/07/22 01:24,298.629939,299.1568059
29/07/22 01:06,301.3007411,300.7019016
30/07/22 00:48,302.2661402,300.444062
31/07/22 00:30,300.9779842,299.8239297
01/08/22 00:12,296.1909771,298.0094935
01/08/22 01:48,296.4113738,288.5420345
01/08/22 23:48,294.4382514,296.7604168
02/08/22 01:30,297.1680044,297.9531504
03/08/22 01:12,299.7508338,299.0842828
04/08/22 00:54,301.0397041,299.4760773
05/08/22 00:36,301.3652718,299.6381242
06/08/22 00:18,297.0680707,298.7552125
06/08/22 01:54,297.1449311,295.9599033
06/08/22 23:54,294.3526975,296.797238
07/08/22 01:36,297.8360366,297.2754499
08/08/22 01:18,282.2474388,283.2142482
09/08/22 01:00,301.8701142,300.0863917
10/08/22 00:42,301.9949995,299.2253074
11/08/22 00:24,295.8638308,297.4219939
11/08/22 01:12,296.8382159,298.5792537
11/08/22 02:00,293.9269295,293.6784579
12/08/22 00:00,NaN,NaN
12/08/22 00:54,271.7952266,269.3559531
12/08/22 01:42,237.0112351,236.6736144
12/08/22 23:42,290.6812158,293.9458147
13/08/22 00:36,296.7934329,297.9381607
13/08/22 01:24,295.5502395,297.5606694
14/08/22 00:18,297.2403791,292.9781129
14/08/22 01:06,298.1037389,287.0239639
14/08/22 01:54,268.884321,267.0579108
15/08/22 00:00,292.5268578,296.84999
15/08/22 00:48,300.391839,299.1397736
15/08/22 01:36,295.9224262,296.4260101
16/08/22 00:30,271.0093892,266.7637709
16/08/22 01:18,285.1172644,284.3706875
17/08/22 00:12,297.2756888,297.361566
17/08/22 01:00,NaN,NaN
17/08/22 01:48,296.3583013,294.9997854
17/08/22 23:48,297.0915534,296.4548008
18/08/22 00:42,NaN,NaN
18/08/22 01:30,301.7864082,298.0450433
19/08/22 00:24,297.6010144,293.3396529
19/08/22 01:12,265.2314429,269.623216
19/08/22 02:00,NaN,NaN
19/08/22 02:06,286.9821485,287.9391376
20/08/22 00:06,295.5597232,297.3820186
20/08/22 00:54,298.2464959,297.8709755
20/08/22 01:42,295.8594707,296.519992
20/08/22 23:42,NaN,NaN
20/08/22 23:48,292.6678299,290.2565228
21/08/22 00:36,296.4796439,297.4823426
21/08/22 01:24,293.5795868,293.9647949
22/08/22 00:18,292.9633736,293.095035
22/08/22 01:06,297.9599849,296.5537245
22/08/22 01:54,291.1430424,294.4994221
22/08/22 23:54,233.2387232,235.4265935
23/08/22 00:48,233.2747907,236.3502582
23/08/22 01:36,258.4546798,242.2245673
24/08/22 00:30,293.2669236,297.5536051
24/08/22 01:18,294.064935,297.2653175
25/08/22 00:12,293.36403,295.4885328
25/08/22 01:00,297.0871867,297.3150251
25/08/22 01:48,293.8403522,294.2006902
25/08/22 23:54,292.2578477,294.1385847
26/08/22 00:42,296.1321908,297.2337578
26/08/22 01:30,295.8927403,288.9632147
27/08/22 00:24,293.6845266,296.0336341
27/08/22 01:12,288.5200464,289.8098124
27/08/22 02:00,292.7674938,292.9937395
28/08/22 00:00,NaN,NaN
28/08/22 00:54,297.8690293,294.5341054
28/08/22 01:42,294.7417277,295.1084035
28/08/22 23:42,290.7627242,293.9262013
29/08/22 00:36,297.7872475,298.2897923
29/08/22 01:24,295.7547675,297.1933553
30/08/22 00:18,295.3462315,296.5913503
30/08/22 01:06,298.0099909,288.8208098
30/08/22 01:54,287.0179332,282.2829002
31/08/22 00:00,292.8669911,296.1916384
31/08/22 00:48,297.4929494,298.1509146
31/08/22 01:36,296.2606158,296.1736807
01/09/22 00:30,271.9344713,268.1275668
01/09/22 01:18,263.3427186,265.4686357
01/09/22 02:06,263.3866465,265.4401063
02/09/22 00:12,284.352273,285.3161613
02/09/22 01:00,293.2353594,281.3011759
02/09/22 01:48,293.8737623,295.2242042
02/09/22 23:48,290.7028946,296.0096558
03/09/22 00:42,297.7724681,298.883017
03/09/22 01:30,294.9835935,296.569337
04/09/22 00:24,296.7917729,296.6314147
04/09/22 01:12,298.2442477,297.6531187
04/09/22 02:06,294.614332,293.1911066
05/09/22 00:06,292.3283257,290.9619936
05/09/22 00:54,299.8402913,298.6890215
05/09/22 01:42,296.2080172,296.0381937
05/09/22 23:48,292.3482256,294.4363042
06/09/22 00:36,295.5649887,297.7530851
06/09/22 01:24,295.3547355,296.4994704
07/09/22 00:18,294.3491631,296.3059014
07/09/22 01:06,296.2773975,297.5727104
07/09/22 01:54,292.6196599,292.5830743
07/09/22 23:54,292.9513267,294.4788731
08/09/22 00:48,297.8995561,297.5263139
08/09/22 01:36,294.720254,293.3079891
09/09/22 00:30,301.6112427,298.0603509
09/09/22 01:18,300.751109,298.0552143
10/09/22 00:12,295.5052964,295.7662467
10/09/22 01:00,301.037704,298.6064584
10/09/22 01:48,295.9893899,295.7266407
10/09/22 23:54,294.1192598,296.1592192
11/09/22 00:42,298.5158656,298.8065115
11/09/22 01:30,296.3224748,297.2735398
12/09/22 00:24,283.5730133,296.4730136
12/09/22 01:12,296.7946528,298.2457885
12/09/22 02:00,292.6946287,NaN
13/09/22 00:54,298.061156,295.5156669
13/09/22 01:42,295.3843435,294.7639339
13/09/22 23:42,290.324811,295.1258103
14/09/22 00:36,296.6026305,297.9244943
14/09/22 01:24,295.5945571,296.8667937
15/09/22 00:18,296.3707289,297.0784671
15/09/22 01:06,298.8217642,297.8460949
15/09/22 01:54,NaN,NaN
16/09/22 00:00,272.3158135,277.91315
16/09/22 00:48,258.7253316,256.9300857
16/09/22 01:36,266.6917241,272.7739562
17/09/22 00:30,248.9052903,250.8854456
17/09/22 01:18,242.2434828,242.4109327
18/09/22 00:12,281.8390996,285.8950307
18/09/22 01:00,295.6138319,298.0352395
18/09/22 01:48,293.0222335,294.6856211
18/09/22 23:48,288.4389772,293.2793577
19/09/22 00:42,293.8263472,297.0453603
19/09/22 01:30,292.570514,295.2960874
20/09/22 00:24,294.4317537,296.6083228
20/09/22 01:12,295.782082,296.4507362
20/09/22 02:06,290.9906687,292.436053
21/09/22 00:06,290.424178,295.393277
21/09/22 00:54,295.4249705,296.8775122
21/09/22 01:42,292.8736579,294.4350154
21/09/22 23:48,288.3591411,273.9396222
22/09/22 00:36,292.3185051,295.6040348
22/09/22 01:24,289.7194601,287.879523
23/09/22 00:18,270.2373474,255.863298
23/09/22 01:06,292.5559079,291.1288873
23/09/22 01:54,289.8502154,291.0505129
23/09/22 23:54,285.4057502,293.0750059
24/09/22 00:48,291.2792978,296.375337
24/09/22 01:36,289.9551693,293.2262252
25/09/22 00:30,292.6891516,294.9729942
25/09/22 01:18,293.6790896,295.1271933
26/09/22 00:12,263.7785741,268.6694832
26/09/22 01:00,286.022164,285.5963546
26/09/22 01:48,291.3659543,287.6623053
26/09/22 23:54,285.6040515,283.6033168
27/09/22 00:42,294.2212397,295.5642658
27/09/22 01:30,276.579924,276.2855059
28/09/22 00:24,291.4377497,294.3304855
28/09/22 01:12,288.5741749,295.109401
28/09/22 02:00,NaN,NaN
29/09/22 00:06,287.3769167,293.430944
29/09/22 00:54,292.9684214,294.477168
29/09/22 01:42,290.7573055,292.1773469
29/09/22 23:42,289.5909734,292.5334291
30/09/22 00:36,294.9830296,296.0072768
30/09/22 01:24,293.4776415,294.8032362
01/10/22 00:18,291.1928597,293.7131069
01/10/22 01:06,221.4975806,222.1823805
01/10/22 02:00,NaN,NaN
02/10/22 00:00,288.8012416,293.4921445
02/10/22 00:48,292.8080127,295.7156761
02/10/22 01:36,292.2700555,287.3568774
03/10/22 00:30,281.0897745,295.3596766
03/10/22 01:18,284.860671,283.3847195
04/10/22 00:12,287.9087705,291.1450593
04/10/22 01:00,286.0975094,286.9245822
04/10/22 01:48,270.3587692,271.0991178
04/10/22 23:48,287.2780758,292.592561
05/10/22 00:42,294.6143685,294.9306762
05/10/22 01:30,290.6573454,293.9079357
06/10/22 00:24,291.9611239,294.1399929
06/10/22 01:12,291.7590279,294.3565988
06/10/22 02:06,287.7378126,288.8356207
07/10/22 00:06,287.570695,292.3629622
07/10/22 00:54,292.7759097,294.5690584
07/10/22 01:42,290.9734733,286.9669378
07/10/22 23:48,286.8910667,290.7047323
08/10/22 00:36,291.3646615,294.1822046
08/10/22 01:24,291.3107243,293.5590514
09/10/22 00:18,291.3505086,293.3619222
09/10/22 01:06,293.0459281,294.1564825
09/10/22 01:54,289.2890266,291.0571742
09/10/22 23:54,230.729549,232.2266803
10/10/22 00:48,258.1386423,253.5580219
10/10/22 01:36,272.4451507,270.3805178
11/10/22 00:30,286.3944539,293.1934726
11/10/22 01:18,290.6645776,293.2416682
12/10/22 00:12,289.7363478,292.8842101
12/10/22 01:00,293.5914086,294.7308755
12/10/22 01:48,289.9073661,288.6271351
12/10/22 23:54,288.263045,290.9601955
13/10/22 00:42,293.1344533,294.2669065
13/10/22 01:30,286.2049899,286.4791573
14/10/22 00:24,288.331794,293.449752
14/10/22 01:12,279.6335053,281.4629637
14/10/22 02:00,NaN,NaN
15/10/22 00:06,288.5186678,292.7907992
15/10/22 00:54,292.1224245,294.9425361
15/10/22 01:42,282.6145305,290.0777668
15/10/22 23:42,287.0905105,290.6395616
16/10/22 00:36,293.492377,294.7883309
16/10/22 01:24,290.363893,293.4999312
17/10/22 00:18,290.0421809,292.9754951
17/10/22 01:06,291.000526,294.6039052
17/10/22 02:00,288.6971077,288.567932
18/10/22 00:00,287.0573556,290.380235
18/10/22 00:48,292.3532549,294.0374474
18/10/22 01:36,290.3001107,292.5198977
19/10/22 00:30,290.3778251,289.9662334
19/10/22 01:18,291.0595012,294.0327599
20/10/22 00:12,289.3384236,292.1341608
20/10/22 01:00,292.4879928,294.0022443
20/10/22 01:48,282.7864615,291.1220963
20/10/22 23:48,288.2259556,291.465476
21/10/22 00:42,293.139677,294.3249606
21/10/22 01:30,291.3140284,292.6355819
22/10/22 00:24,291.3855345,294.0776955
22/10/22 01:12,291.0293409,293.6230488
22/10/22 02:06,286.2512755,287.4839738
23/10/22 00:06,288.1114295,292.6289696
23/10/22 00:54,292.3162193,294.1560404
23/10/22 01:42,290.9290284,292.4122753
23/10/22 23:48,288.3979704,289.9173248
24/10/22 00:36,291.6104754,294.178428
24/10/22 01:24,290.5310634,293.2682848
25/10/22 00:18,290.3681096,293.0423397
25/10/22 01:06,292.7474113,294.3732987
25/10/22 01:54,289.9904583,291.196222
25/10/22 23:54,286.6466243,290.4087599
26/10/22 00:48,292.6057606,293.9073156
26/10/22 01:36,291.3857439,292.0338475
27/10/22 00:30,289.8618994,290.4877013
27/10/22 01:18,289.6526296,289.5057118
28/10/22 00:12,290.46009,291.9732336
28/10/22 01:00,293.499038,293.9565187
28/10/22 01:48,284.1673801,284.6850869
28/10/22 23:54,288.3676761,290.6377225
29/10/22 00:42,292.019858,294.2318607
29/10/22 01:30,290.8283481,292.540448
30/10/22 00:24,290.0487954,293.2451263
30/10/22 01:12,291.2382228,294.306353
30/10/22 02:00,NaN,NaN
31/10/22 00:06,287.4309199,292.3023144
31/10/22 00:54,294.3053921,294.555389
31/10/22 01:42,287.4941739,291.9016226
31/10/22 23:42,285.9942961,290.4015532
01/11/22 00:36,290.4120905,293.4379222
01/11/22 01:24,291.2421847,292.9255736
02/11/22 00:18,289.6306404,293.256554
02/11/22 01:06,290.7169072,293.872901
02/11/22 01:54,NaN,NaN
03/11/22 00:00,276.4740329,290.1524628
03/11/22 00:48,291.0841355,290.4136742
03/11/22 01:36,291.2177371,291.8535492
04/11/22 00:30,288.1220188,293.7515898
04/11/22 01:18,290.6622106,293.4534302
05/11/22 00:12,224.9574533,223.8842423
05/11/22 01:00,232.7038374,227.1739926
05/11/22 01:48,250.1955492,246.9003919
05/11/22 23:48,257.432542,264.6720782
06/11/22 00:42,271.4595481,275.4924798
06/11/22 01:30,267.46832,268.4472378
07/11/22 00:24,287.9799947,292.3734106
07/11/22 01:12,289.3868123,292.8285879
07/11/22 02:06,285.2995882,287.7553335
08/11/22 00:06,285.5316332,291.3482571
08/11/22 00:54,290.386707,293.5019397
08/11/22 01:42,287.2661157,290.1949819
08/11/22 23:48,285.0316616,289.2253329
09/11/22 00:36,289.3118023,292.8931826
09/11/22 01:24,289.0590299,292.7433411
10/11/22 00:18,286.4114993,291.4794887
10/11/22 01:06,288.9850506,292.7652369
10/11/22 01:54,286.1960122,288.5205613
10/11/22 23:54,272.2051372,271.0926013
11/11/22 00:48,287.1971382,287.1597363
11/11/22 01:36,277.6155617,280.154369
12/11/22 00:30,288.3496341,291.8633628
12/11/22 01:18,290.5835845,291.8761532
13/11/22 00:12,265.4399964,258.1576467
13/11/22 01:00,282.2501142,281.4136403
13/11/22 01:48,279.5229071,286.4999201
13/11/22 23:54,248.4500438,259.3557821
14/11/22 00:42,267.2275782,284.8907936
14/11/22 01:30,277.9929143,274.2965484
15/11/22 00:24,287.2912157,290.1650505
15/11/22 01:12,285.6605862,288.8867533
15/11/22 02:00,279.5008277,280.9826498
16/11/22 00:54,285.9288278,287.4295526
16/11/22 01:42,270.3751981,275.4377618
16/11/22 23:42,226.5169105,NaN
17/11/22 00:36,272.6601899,266.8508721
17/11/22 01:24,273.9916122,269.3410687
18/11/22 00:18,281.8982563,275.1510309
18/11/22 01:06,267.2266447,269.6455619
18/11/22 01:54,273.5232452,277.0955635
19/11/22 00:00,282.0119188,280.9663307
19/11/22 00:48,291.2936924,292.4093368
19/11/22 01:36,290.9296147,290.5061931
20/11/22 00:30,248.8278409,243.6344418
20/11/22 01:18,243.7909562,239.5143506
21/11/22 00:12,251.8986631,257.9053528
21/11/22 01:00,277.2432356,291.3229786
21/11/22 01:48,274.5044689,266.6493679
21/11/22 23:48,270.0619019,278.0382478
22/11/22 00:42,256.3408971,251.5809516
22/11/22 01:30,241.7083078,239.7682402
23/11/22 00:24,233.7554361,231.1724207
23/11/22 01:12,242.6667169,244.7219472
23/11/22 02:00,234.5462769,230.9263863
24/11/22 00:06,274.7399018,283.3916574
24/11/22 00:54,281.1787878,290.9748602
24/11/22 01:42,286.8610713,289.0809091
24/11/22 23:42,283.978858,287.9303243
25/11/22 00:36,287.2607634,290.8940056
25/11/22 01:24,287.6690929,290.1135174
26/11/22 00:18,251.8222381,260.9936045
26/11/22 01:06,246.5573485,245.2672009
26/11/22 01:54,270.9681946,267.2166935
26/11/22 23:54,269.1152168,263.9993231
27/11/22 00:48,265.9245541,263.1292187
27/11/22 01:36,255.6603534,260.9675172
28/11/22 00:30,268.9997132,267.2362342
28/11/22 01:18,285.1228362,290.5769011
29/11/22 00:12,258.0534958,260.2783466
29/11/22 01:00,244.4659568,254.0839111
29/11/22 01:48,229.8450267,227.8718953
29/11/22 23:54,272.7959672,267.1181557
30/11/22 00:42,285.2922015,290.4909268
30/11/22 01:30,278.8642087,280.7252982
01/12/22 00:24,280.860364,283.1596801
01/12/22 01:12,277.6549292,275.5458804
01/12/22 02:00,264.6562789,266.6182731
02/12/22 00:00,275.1064378,281.575301
02/12/22 00:54,285.4783133,290.2028727
02/12/22 01:42,281.8410294,286.0557943
02/12/22 23:42,265.7239498,261.6213313
03/12/22 00:36,281.9183567,284.8165974
03/12/22 01:24,274.6381194,273.5832757
04/12/22 00:18,287.3920657,289.0881613
04/12/22 01:06,288.5844866,290.0891324
04/12/22 01:54,284.6972968,286.2122324
05/12/22 00:00,285.2382815,288.2586094
05/12/22 00:48,288.3378575,290.772448
05/12/22 01:36,287.0412252,289.3072254
06/12/22 00:30,278.4850922,282.5541132
06/12/22 01:18,280.4681153,281.3641769
07/12/22 01:00,264.7486508,266.6686194
07/12/22 01:48,274.9328117,278.5229127
07/12/22 23:48,282.1266958,285.3076728
08/12/22 00:42,288.8136583,289.2644093
08/12/22 01:30,285.996442,287.6653259
09/12/22 00:24,286.416045,288.7866564
09/12/22 01:12,282.1765114,284.322141
09/12/22 02:00,256.3325045,256.6411251
09/12/22 02:06,257.0039836,257.20183
10/12/22 00:06,286.1853193,287.8311525
10/12/22 00:54,279.5919945,285.627744
10/12/22 01:42,272.3267307,274.2243239
10/12/22 23:42,NaN,NaN
10/12/22 23:48,262.0459082,256.8170699
11/12/22 00:36,238.8027784,233.3425601
11/12/22 01:24,250.3608131,263.8832753
12/12/22 00:18,233.6072841,231.9766266
12/12/22 01:06,265.8799598,266.0840547
12/12/22 01:54,263.2883773,264.0886636
12/12/22 23:54,243.1091703,245.8910595
13/12/22 00:48,228.7345812,239.0881616
13/12/22 01:36,216.0478939,215.5080796
14/12/22 00:30,273.9922932,267.0884729
14/12/22 01:18,282.9597836,281.4932955
15/12/22 00:12,277.1664461,287.307995
15/12/22 01:00,289.3476405,290.1583016
15/12/22 01:48,286.630715,286.7540939
15/12/22 23:54,275.2908305,274.3831586
16/12/22 00:42,292.6554752,290.7556197
16/12/22 01:30,291.1571295,288.4866188
17/12/22 00:24,286.0493474,288.6493046
17/12/22 01:12,288.1247176,284.6982708
17/12/22 02:00,285.3390626,285.4652321
18/12/22 00:00,282.7272718,287.1332692
18/12/22 00:54,275.7969026,284.8781043
18/12/22 01:42,279.5462105,286.4500424
18/12/22 23:42,282.1394525,285.4708182
19/12/22 00:36,287.0829835,289.3781676
19/12/22 01:24,286.5440919,288.8099064
20/12/22 00:18,282.6396519,288.5217771
20/12/22 01:06,285.4680999,289.2592804
20/12/22 01:54,NaN,NaN
21/12/22 00:00,275.3900488,274.990047
21/12/22 00:48,286.7787428,278.0150099
21/12/22 01:36,277.2142121,283.9243695
22/12/22 00:30,271.9741348,271.2072314
22/12/22 01:18,270.6113933,278.4834263
23/12/22 00:12,282.7190711,288.0025652
23/12/22 01:00,272.7280399,288.3376484
23/12/22 01:48,284.460737,284.6573407
23/12/22 23:48,272.9718018,272.0782788
24/12/22 00:42,275.3637891,273.8799336
24/12/22 01:30,276.0803864,283.0107131
25/12/22 00:24,275.6655473,277.8935384
25/12/22 01:12,283.7666497,284.0316603
25/12/22 02:06,283.5183323,284.0743851
26/12/22 00:06,285.3294047,287.1917533
26/12/22 00:54,288.2401714,289.6647397
26/12/22 01:42,287.0976708,287.7129401
26/12/22 23:48,283.7167811,286.4714841
27/12/22 00:36,286.0296521,289.3098211
27/12/22 01:24,288.3471131,288.575483
28/12/22 00:18,280.0861401,281.4307795
28/12/22 01:06,285.0929822,280.8775352
28/12/22 01:54,283.2110831,281.5688524
28/12/22 23:54,281.9505655,286.7502915
29/12/22 00:48,287.3049476,289.2880664
29/12/22 01:36,284.0348601,287.4147743
30/12/22 00:30,287.8558732,288.6056752
30/12/22 01:18,285.209514,287.5727987
31/12/22 00:12,283.0549409,285.9532109
31/12/22 01:00,287.7735567,288.2510878
31/12/22 01:48,NaN,NaN
31/12/22 23:54,282.3613995,286.1584758
01/01/23 00:42,288.1407001,288.6201787
01/01/23 01:30,285.9488745,287.2849376
02/01/23 00:24,284.4288155,288.3576634
02/01/23 02:00,283.8018417,284.905298
03/01/23 00:54,289.5832065,289.2604588
03/01/23 01:42,284.9657808,285.5312519
03/01/23 23:42,281.3368619,285.8257925
04/01/23 00:36,286.2419029,287.948031
04/01/23 01:24,284.9255735,288.111062
05/01/23 00:18,279.1789766,287.7395303
05/01/23 01:06,272.9420448,277.3926585
05/01/23 02:00,282.2671863,271.4573298
06/01/23 00:00,276.3031318,274.3476543
06/01/23 00:48,281.1252232,278.9420263
06/01/23 01:36,286.628898,286.8052586
07/01/23 00:30,281.9985172,287.9012492
07/01/23 01:18,286.5356986,288.3217131
08/01/23 00:12,277.8469015,286.91788
08/01/23 01:00,275.7835807,286.7895317
08/01/23 01:48,267.7561383,267.1999492
08/01/23 23:48,281.7476118,286.2762319
09/01/23 00:42,286.3084931,288.6818897
09/01/23 01:30,276.5365442,279.6580204
10/01/23 00:24,276.2558315,282.3889475
10/01/23 01:12,280.5839465,281.3153058
10/01/23 02:06,279.4474974,279.3594038
11/01/23 00:06,279.6868029,286.5165279
11/01/23 00:54,280.7814825,288.5027818
11/01/23 01:42,NaN,NaN
11/01/23 23:48,275.5304551,281.8975105
12/01/23 00:36,283.3739838,285.0348336
12/01/23 01:24,284.0409702,281.2259761
13/01/23 00:18,280.7465109,287.0305847
13/01/23 01:06,286.0656072,288.0024478
13/01/23 01:54,281.028856,284.03396
13/01/23 23:54,253.2318522,258.6569105
14/01/23 00:48,284.478494,288.0045745
14/01/23 01:36,276.4244964,282.50538
15/01/23 00:30,283.8486784,287.9125807
15/01/23 01:18,284.4568147,287.9472814
16/01/23 00:12,281.8619976,285.6563684
16/01/23 01:00,282.9975883,286.4282308
16/01/23 01:54,284.458639,285.4654453
16/01/23 23:54,245.1742439,238.2527685
17/01/23 00:42,253.7578281,251.9965715
17/01/23 01:30,267.7091313,267.6501622
18/01/23 00:24,281.9309126,288.2459681
18/01/23 01:12,262.8290892,277.1460058
18/01/23 02:00,258.9899997,264.6743333
19/01/23 00:54,268.6661727,264.5269746
19/01/23 01:42,281.7602542,285.792824
19/01/23 23:42,264.5587775,280.0880442
20/01/23 00:36,236.0912481,233.1910521
20/01/23 01:24,236.3896504,241.3895565
21/01/23 00:18,250.1691599,249.5761115
21/01/23 01:06,280.513727,281.4017535
21/01/23 02:00,248.0865054,247.005226
22/01/23 00:00,270.9796302,284.6005777
22/01/23 00:48,242.2859474,241.9168659
22/01/23 01:36,246.5483398,242.0125308
23/01/23 00:30,269.6089899,262.1606951
23/01/23 01:18,272.4700624,273.7611533
24/01/23 00:12,278.5137261,285.2243455
24/01/23 01:00,283.8693193,287.5559126
24/01/23 01:48,279.457826,284.111163
24/01/23 23:48,247.4312918,231.0829273
25/01/23 00:42,280.5499179,267.6007005
25/01/23 01:30,264.0947069,261.4721919
26/01/23 00:24,265.0658262,262.1862439
26/01/23 01:12,247.4240683,246.992977
26/01/23 02:06,246.6007962,246.0837821
27/01/23 00:06,248.0541117,251.9646506
27/01/23 00:54,233.1655076,235.3776765
27/01/23 01:48,259.5395368,261.8189482
27/01/23 23:48,225.0718526,NaN
28/01/23 00:36,261.5788074,260.2593482
28/01/23 01:24,262.2787445,262.4768074
29/01/23 00:18,257.485426,258.9087351
29/01/23 01:06,257.280443,258.7581833
29/01/23 01:54,255.9971364,257.5018893
29/01/23 23:54,277.9419548,274.4346985
30/01/23 00:48,266.5907467,265.7263453
30/01/23 01:36,280.8411117,284.6941547
31/01/23 00:30,273.2412337,284.4834169
31/01/23 01:18,279.0595738,279.4777841
01/02/23 00:12,279.1530885,286.0329886
01/02/23 01:00,282.1704081,287.1070861
01/02/23 01:54,279.4102371,283.9330242
01/02/23 23:54,277.8152858,283.0253518
02/02/23 00:42,275.0636491,279.8490384
02/02/23 01:30,279.6110521,278.2924936
03/02/23 00:24,281.7195909,282.7102484
03/02/23 01:12,282.3357562,286.6913751
03/02/23 02:00,280.442309,282.6280685
04/02/23 00:54,282.9915742,286.5333191
04/02/23 01:42,282.0602805,279.6210259
04/02/23 23:42,271.9741593,283.7215725
05/02/23 00:36,262.6972008,266.9857378
05/02/23 01:24,283.3526057,265.3638149
06/02/23 00:18,276.3463268,285.5793589
06/02/23 01:06,278.4346681,271.2948962
06/02/23 02:00,275.5815486,277.9349393
07/02/23 00:00,249.2414833,249.3688843
07/02/23 00:48,262.7331048,258.3571083
07/02/23 01:36,NaN,NaN
08/02/23 00:30,259.5138055,257.3209539
08/02/23 01:18,259.2878873,262.4001998
09/02/23 00:12,235.1859377,234.8525964
09/02/23 01:00,243.7047891,241.9750325
09/02/23 01:48,229.995991,233.9326608
09/02/23 23:48,222.35328,219.0509496
10/02/23 00:42,222.9384051,222.4448685
10/02/23 01:30,224.4257532,224.0190045
11/02/23 00:24,278.2278305,285.8657863
11/02/23 01:12,279.0229405,283.0993139
11/02/23 02:06,278.9660854,281.4280471
12/02/23 00:06,277.7087889,283.9981369
12/02/23 00:54,283.0257346,285.9844802
12/02/23 01:48,280.9739804,281.4607324
12/02/23 23:48,255.0304731,263.5950464
13/02/23 00:36,283.1321584,285.764164
13/02/23 01:24,269.6919995,265.1902042
14/02/23 00:18,279.9798822,284.8911766
14/02/23 01:06,283.9506108,285.3410408
14/02/23 01:54,271.5681055,274.0387994
14/02/23 23:54,279.2910959,284.141915
15/02/23 00:48,283.7250156,286.7168368
15/02/23 01:36,283.2243645,284.3793203
16/02/23 00:30,282.9064908,285.5082115
16/02/23 01:18,283.1657729,286.4285121
17/02/23 00:12,266.5254382,269.0163026
17/02/23 01:00,275.4961096,277.1296256
17/02/23 01:54,276.5826278,279.8791156
17/02/23 23:54,269.9127995,270.3432922
18/02/23 00:42,274.1678685,272.4527328
18/02/23 01:30,283.0060702,278.3524305
19/02/23 00:24,280.1515876,285.8491293
19/02/23 01:12,282.0746071,286.0583071
19/02/23 02:00,279.822641,282.561231
20/02/23 00:54,285.9371073,286.7133476
20/02/23 01:42,280.9424138,284.580818
20/02/23 23:42,280.5660977,283.689242
21/02/23 00:36,283.1491644,286.6124978
21/02/23 01:24,283.4844639,285.4210981
22/02/23 00:18,281.4396126,281.5814581
22/02/23 01:06,284.716581,286.6843395
22/02/23 02:00,282.656401,281.6934248
23/02/23 00:00,277.8078745,280.2583444
23/02/23 00:48,282.120108,282.4145484
23/02/23 01:36,281.3326582,282.588884
24/02/23 00:30,283.5594994,286.0778248
24/02/23 01:18,285.0549342,286.3948207
25/02/23 23:48,274.9150895,272.6048226
26/02/23 00:42,284.7067993,283.4356544
26/02/23 01:30,271.6706511,272.8271589
27/02/23 00:24,238.0944774,236.130622
27/02/23 01:12,257.3362824,254.5854626
27/02/23 02:06,256.8841592,260.862339
28/02/23 00:06,281.5704041,283.9288608
28/02/23 00:54,280.7216276,279.388947
28/02/23 01:48,283.4870362,283.6803816
28/02/23 23:48,270.698406,253.4356417
01/03/23 00:36,279.7490953,279.593772